[{"$i":"contacts","$v":"સંપર્કો"},{"$i":"view","$v":"જુઓ"},{"$i":"no-contacts","$v":"કોઈ સંપર્ક નથી"},{"$i":"reading-contacts","$v":"સંપર્ક લોડ કરી રહ્યા છીએ"},{"$i":"start-adding","$v":"સંપર્કો ઉમેરવા માટે નવો સંપર્ક દબાવો."},{"$i":"no-contact-available","$v":"કોઈ સંપર્ક ઉપલબ્ધ નથી"},{"$i":"ok","$v":"ઑકે"},{"$i":"no-phone-number-to-dial","$v":"ડાયલ કરવા માટે કોઈ ફોન નંબર નથી"},{"$i":"video-call","$v":"Video call"},{"$i":"move","$v":"ખસેડો"},{"$i":"copy","$v":"કોપી"},{"$i":"copy-contacts","$v":"સંપર્કો કોપી કરો"},{"$i":"move-contacts","$v":"સંપર્કોને ખસેડો"},{"$i":"phone-memory","$v":"ફોન મેમરી"},{"$i":"sim-memory","$v":"સિમ મેમરી"},{"$i":"move-from","$v":"થી ખસેડો"},{"$i":"to","$v":"પ્રતિ"},{"$i":"move-contacts-progressing","$v":"સંપર્ક(ઓ ) ખસેડવામાં આવી રહ્યા છે..."},{"$i":"copy-contacts-progressing","$v":"સંપર્ક(ઓ) કોપી થઇ રહ્યા છે..."},{"$i":"contact-move-to-sim","$v":[{"t":"idOrVar","v":"migrated"}," સંપર્ક(ઓ) સિમમાં ખસેડવામાં આવ્યા"]},{"$i":"contact-copy-to-sim","$v":[{"t":"idOrVar","v":"migrated"}," સંપર્ક(ઓ) સિમમાં કોપી કરવામાં આવ્યા"]},{"$i":"contact-move-to-sim0","$v":[{"t":"idOrVar","v":"migrated"}," સંપર્ક(ઓ) સિમ 1માં ખસેડવામાં આવ્યા"]},{"$i":"contact-copy-to-sim0","$v":[{"t":"idOrVar","v":"migrated"}," સંપર્ક(ઓ) સિમ 1માં કોપી કરવામાં આવ્યા"]},{"$i":"contact-move-to-sim1","$v":[{"t":"idOrVar","v":"migrated"}," સંપર્ક(ઓ) સિમ 2માં ખસેડવામાં આવ્યા"]},{"$i":"contact-copy-to-sim1","$v":[{"t":"idOrVar","v":"migrated"}," સંપર્ક(ઓ) સિમ 2માં કોપી કરવામાં આવ્યા"]},{"$i":"contact-move-to-device","$v":[{"t":"idOrVar","v":"migrated"}," સંપર્ક(ઓ) ડિવાઇસમાં ખસેડવામાં આવ્યા"]},{"$i":"contact-copy-to-device","$v":[{"t":"idOrVar","v":"migrated"},"સંપર્ક(ઓ) ડિવાઇસ માં કોપી કરવામાં આવ્યા"]},{"$i":"copy-contact-failed","$v":"સંપર્ક કોપી કરવામાં નિષ્ફળ"},{"$i":"move-contact-failed","$v":"સંપર્ક કોપી કરવામાં નિષ્ફળ"},{"$i":"contact-copy-error-sim-full","$v":"સિમ કાર્ડ ભરેલું હોવાના કારણે સંપર્કો ની કોપી પૂર્ણ થઇ નથી"},{"$i":"contact-copy-error-unknown","$v":"અજ્ઞાત ત્રુટીના કારણે સંપર્કોની કોપી પૂર્ણ થઇ નથી"},{"$i":"contact-move-error-sim-full","$v":"સિમ કાર્ડ ભરેલું હોવાના કારણે સંપર્કોને ખસેડવામા આવ્યા નથી"},{"$i":"contact-move-error-unknown","$v":"અજ્ઞાત ત્રુટીના કારણે સંપર્કોને ખસેડવામાં આવ્યા નથી"},{"$i":"memory","$v":"મેમરી"},{"$i":"phone-and-sim","$v":"ફોન અને સિમ"},{"$i":"phone","$v":"ફોન"},{"$i":"sim","$v":"સિમ"},{"$i":"reloading-contact","$v":"સંપર્કોને ફરીથી લોડ કરી રહ્યા છીએ.."},{"$i":"contact-reloaded","$v":"સંપર્કો ફરીથી લોડ થયા"},{"$i":"message","$v":"સંદેશ"},{"$i":"find-duplicate-contacts","$v":"ડુપ્લિકેટ સંપર્કો શોધો"},{"$i":"no-duplicate-contact-found","$v":"કોઈ ડુપ્લિકેટ સંપર્ક મળ્યાં નથી"},{"$i":"change-saved","$v":"બદલાવ સેવ કરેલ છે"},{"$i":"contact-updated","$v":"સંપર્ક અપડેટ કરવામાં આવ્યો"},{"$i":"already-ice-contact","$v":"આ સંપર્ક પહેલાથી જ ICE સંપર્ક છે"},{"$i":"callAirplaneModeTitle","$v":"એરપ્લેન મોડ સક્રિય કરવામાં આવ્યો"},{"$i":"callAirplaneModeMessage","$v":"કૉલ કરવા માટે તમને સેટિંગ્સમાં એરપ્લેન મોડ અક્ષમ કરવાની જરૂર છે."},{"$i":"emergencyDialogTitle","$v":"કોઇ નેટવર્ક કનેક્શન નથી"},{"$i":"emergencyDialogBodyBadNumber","$v":"કૉલ કરવા માટે, ફોન નેટવર્ક સાથે કનેક્ટ કરેલો હોવો જોઈએ."},{"$i":"emergencyDialogBodyDeviceNotAccepted","$v":"આપાતકાલીન કૉલ્સ નેટવર્ક દ્વારા સ્વીકાર્ય નથી."},{"$i":"invalidNumberToDialTitle","$v":"અમાન્ય ફોન નંબર"},{"$i":"invalidNumberToDialMessage","$v":"જે ફોન નંબર પર તમે કૉલ કરી રહ્યાં છો તે માન્ય નથી."},{"$i":"emergency-call-only","$v":"માત્ર આપાતકાલીન કોલ"},{"$i":"emergency-call-error","$v":[{"t":"idOrVar","v":"number"}," એ એકઆપાતકાલીન નંબર નથી."]},{"$i":"numberIsBusyTitle","$v":"નંબર વ્યસ્ત છે"},{"$i":"numberIsBusyMessage","$v":"નંબર હાલમાં વ્યસ્ત છે. કૃપા કરી ફરી પ્રયત્ન કરવા વિનંતી."},{"$i":"fdnIsActiveTitle","$v":"FDN સક્રિય"},{"$i":"fdnIsActiveMessage","$v":["FDN (ફિક્સ્ડ ડાયલિંગ નંબર) સક્રિય કરેલ છે અને નીચે આપેલ નંબર તમારી FDN લિસ્ટમાં નથી: ",{"t":"idOrVar","v":"number"}]},{"$i":"otherConnectionInUseTitle","$v":"અન્ય કનેક્શન ઉપયોગમાં છે"},{"$i":"otherConnectionInUseMessage","$v":"તમારી પાસે બીજા કનેક્શન પર એક સક્રિય કૉલ છે. તમે એક સમયે ફક્ત એક જ કનેક્શનનો ઉપયોગ કરી શકો છો."},{"$i":"GenericFailure","$v":"સામાન્ય નિષ્ફળતા"},{"$i":"scCallBarring","$v":"કૉલ બેરિંગ"},{"$i":"scCallForwarding","$v":"કૉલ ફોરવર્ડિંગ"},{"$i":"scClip","$v":"ઇનકમિંગ કૉલર ID"},{"$i":"scClir","$v":"આઉટગોઇંગ કૉલર ID"},{"$i":"scPwd","$v":"પાસવર્ડ બદલો"},{"$i":"scCallWaiting","$v":"કૉલ પ્રતીક્ષામાં છે"},{"$i":"scPin","$v":"પિન બદલો"},{"$i":"scPin2","$v":"પિન2 બદલો"},{"$i":"scPuk","$v":"પિન અનબ્લોક કરો"},{"$i":"scPuk2","$v":"પિન2 અનબ્લોક કરો"},{"$i":"scImei","$v":"IMEI"},{"$i":"scMeid","$v":"MEID"},{"$i":"scUssd","$v":"USSD"},{"$i":"set-speed-dial","$v":"સ્પીડ ડાયલ સંપર્ક સેટ કરો"},{"$i":"empty","$v":"ખાલી છે"},{"$i":"voicemail","$v":"વૉઇસમેઇલ"},{"$i":"speed-dial","$v":"સ્પીડ ડાયલ"},{"$i":"add","$v":"ઉમેરો"},{"$i":"replace","$v":"બદલો"},{"$i":"remove-from-speed-dial","$v":"સ્પીડ ડાયલમાંથી દૂર કરો"},{"$i":"custom-dialog-replace-speed-dial","$v":["શું તમે સ્પીડ ડાયલ ",{"t":"idOrVar","v":"oldSpeedDial"},"ને ",{"t":"idOrVar","v":"newSpeedDial"}," સાથે બદલવા માંગો છો?"]},{"$i":"custom-dialog-remove-speed-dial","$v":["શું તમે સ્પીડ ડાયલમાંથી ",{"t":"idOrVar","v":"name"}," દૂર કરવા માંગો છો?"]},{"$i":"voice-mail","$v":"વૉઇસમેઇલ"},{"$i":"voice-mail-number","$v":"વૉઇસ મેઇલ નંબર"},{"$i":"voice-mail-number-updated","$v":"વૉઇસમેઇલ નંબર અપડેટ કરવામાં આવ્યો"},{"$i":"found-duplicates-message","$v":"નીચે આપેલ સંપર્કોમાં ડુપ્લિકેટ માહિતી મળી હતી. શું તમે મર્જ કરવા માંગો છો?"},{"$i":"confirm-to-merge-contacts","$v":["શું તમે ",{"t":"idOrVar","v":"name"}," સાથે ",{"t":"idOrVar","v":"n"}," સંપર્કો મર્જ કરવા માંગો છો?"]},{"$i":"merge","$v":"મર્જ કરો"},{"$i":"contact-merged","$v":"સંપર્કને મર્જ કરવામાં આવ્યો છે"},{"$i":"add-favorite","$v":"મનપસંદ તરીકે ઉમેરો"},{"$i":"remove-favorite","$v":"પસંદગીમાંથી દૂર કરો"},{"$i":"favorite-contacts","$v":"મનપસંદ સંપર્કો"},{"$i":"sort-contacts","$v":"સંપર્કો સૉર્ટ કરો"},{"$i":"sort-by-first-name","$v":"પ્રથમ નામ દ્વારા સૉર્ટ કરો"},{"$i":"sort-by-last-name","$v":"અટક દ્વારા સૉર્ટ કરો"},{"$i":"no-support-open-multi-vcard","$v":"બહુવિધ સંપર્કો સાથે વિકાર્ડ ખોલી શકતા નથી"},{"$i":"sdcard","$v":"મેમરી કાર્ડ"},{"$i":"simcard","$v":"સિમ કાર્ડ"},{"$i":"import-contacts","$v":"સંપર્કો આયાત કરો"},{"$i":"simContacts-error","$v":"સિમમાંથી સંપર્કો આયાત કરી શકાયા નહીં"},{"$i":"memoryCardContacts-error","$v":"મેમરી કાર્ડ માંથી સંપર્કો આયાત કરી શકાયા નહીં"},{"$i":"simContacts-reading","$v":"સિમ કાર્ડમાંથી સંપર્ક વાંચી રહ્યાં છીએ ..."},{"$i":"memoryCardContacts-reading","$v":"મેમરી કાર્ડમાંથી સંપર્ક વાંચી રહ્યાં છીએ ..."},{"$i":"importContactsTitle","$v":"સંપર્કો આયાત કરો"},{"$i":"retry","$v":"ફરી પ્રયાસ કરો"},{"$i":"noSimMsg","$v":"સંપર્કો આયાત કરવા માટે તમારું સિમ કાર્ડ સામેલ અથવા અનલૉક કરો"},{"$i":"noSdcardMsg","$v":"સંપર્કો લાવવા માટે મેમરી કાર્ડ નાખો"},{"$i":"not-imported","$v":"આયાત કરેલ નથી"},{"$i":"imported","$v":"આયાત કરેલ"},{"$i":"importing","$v":"આયાત કરી રહ્યા છીએ"},{"$i":"contact-imported","$v":["આયાત કરેલા",{"t":"idOrVar","v":"imported"}," સંપર્કો. ",{"t":"idOrVar","v":"dupes"}," સંપર્કો મર્જ કરેલ છે."]},{"$i":"contact-imported2","$v":["Imported ",{"t":"idOrVar","v":"imported"}," contacts."]},{"$i":"reading-contacts-from-sim","$v":"સિમ કાર્ડ માંથી સંપર્કો વાંચી રહ્યું છે.."},{"$i":"reading-contacts-from-gmail","$v":"જીમેઇલ માંથી સંપર્કો વાંચી રહ્યાં છીએ.."},{"$i":"reading-contacts-from-live","$v":"આઉટલુકમાંથી સંપર્કો વાંચી રહ્યાં છીએ.."},{"$i":"reading-contacts-from-sd","$v":"મેમરી કાર્ડ માંથી સંપર્કો વાંચી રહ્યું છે.."},{"$i":"reading-contacts-from-vcard","$v":"ફાઇલમાંથી સંપર્કો વાંચી રહ્યું છે.."},{"$i":"importing-contacts-from-sim","$v":"સિમ કાર્ડમાંથી સંપર્કો આયાત કરી રહ્યાં છે.."},{"$i":"importing-contacts-from-gmail","$v":"જીમેઈલમાંથી સંપર્કો આયાત કરી રહ્યાં છે.."},{"$i":"importing-contacts-from-live","$v":"આઉટલુકમાંથી સંપર્કો આયાત કરો.."},{"$i":"importing-contacts-from-sd","$v":"મેમરી કાર્ડમાંથી સંપર્કો આયાત કરી રહ્યાં છે.."},{"$i":"importing-contacts-from-vcard","$v":"ફાઈલમાંથી સંપર્કો લાવી રહ્યા છીએ"},{"$i":"connect-network-to-import","$v":"સંપર્કો લાવવા માટે,WiFi અથવા ડેટા નેટવર્ક સાથે કનેક્ટ કરો"},{"$i":"bluetooth","$v":"Bluetooth"},{"$i":"export","$v":"નિકાસ કરો"},{"$i":"export-contacts","$v":"સંપર્કોનો નિકાસ કરો"},{"$i":"simExport-title","$v":"સિમ પર નિકાસ કરો"},{"$i":"memoryCardExport-title","$v":"મેમરી કાર્ડ પર નિકાસ કરો"},{"$i":"btExport-title","$v":"બ્લૂટૂથ પર નિકાસ કરો"},{"$i":"noSimMsgExport","$v":"સંપર્કોનો નિકાસ કરવા માટે તમારું સિમ કાર્ડ સામેલ અથવા અનલૉક કરો"},{"$i":"noSdcardExport","$v":"To export contacts insert a memory card."},{"$i":"bluetoothNoConnection","$v":"સંપર્કનો નિકાસ કરવા માટે એક બ્લૂટૂથ ડિવાઇસ કનેક્ટ કરો."},{"$i":"contact-exported","$v":["મોકલાયેલા",{"t":"idOrVar","v":"exported"}," સંપર્કો."]},{"$i":"export-contact-failed","$v":"સંપર્ક નિકાસવાનું નિષ્ફળ થયું"},{"$i":"contact-export-error-sim-full","$v":"સિમ કાર્ડ ભરેલું હોવાને કારણે સંપર્ક નિકાસ કરવાનું પૂર્ણ નથી થયું."},{"$i":"contact-export-error-unknown","$v":"અજ્ઞાત ત્રુટિ ને કારણે સંપર્ક નિકાસ કરવાનું પૂર્ણ નથી થયું."},{"$i":"contact-export-canceled","$v":"Exporting process is canceled."},{"$i":"save","$v":"સેવ કરો"},{"$i":"back","$v":"પાછળ"},{"$i":"givenName","$v":"પ્રથમ નામ"},{"$i":"familyName","$v":"અટક"},{"$i":"name","$v":"નામ"},{"$i":"org","$v":"કંપની"},{"$i":"ringtone","$v":"રિંગટોન"},{"$i":"note","$v":"નોંધ"},{"$i":"email","$v":"ઈમેઈલ"},{"$i":"adr","$v":"સરનામું"},{"$i":"custom","$v":"કસ્ટમ"},{"$i":"confirm-discard-contact-data","$v":"સંપર્ક માહિતી કાઢી નાખવામાં આવશે. શું તમે આ સંપર્ક સાચવવા માંગો છો?"},{"$i":"discard","$v":"દુર કરો"},{"$i":"add-others","$v":"અન્ય ઉમેરો"},{"$i":"custom-type","$v":"કસ્ટમ પ્રકાર"},{"$i":"input-the-custom-type","$v":"કૃપા કરી કસ્ટમ પ્રકારને ઇનપુટ કરો"},{"$i":"contact-saved","$v":"સંપર્ક સેવ કરેલ છે"},{"$i":"are-you-sure-to-delete-field","$v":["શું તમે ખરેખર  ",{"t":"idOrVar","v":"field"}," ને કાઢી નાખવા માંગો છો?"]},{"$i":"personal","$v":"વ્યક્તિગત"},{"$i":"mobile","$v":"મોબાઇલ"},{"$i":"current","$v":"વર્તમાન"},{"$i":"home","$v":"ઘર"},{"$i":"work","$v":"વર્ક"},{"$i":"other","$v":"અન્ય"},{"$i":"fax-home","$v":"Fax  હોમ"},{"$i":"fax-office","$v":"Fax  ઓફિસ"},{"$i":"fax-other","$v":"અન્ય Fax"},{"$i":"add-tel","$v":"ફોન નંબર ઉમેરો"},{"$i":"add-email","$v":"ઈમેઈલ ઉમેરો"},{"$i":"add-ringtone","$v":"રિંગટોન ઉમેરો"},{"$i":"add-adr","$v":"સરનામું ઉમેરો"},{"$i":"add-bday","$v":"જન્મદિવસ ઉમેરો"},{"$i":"add-photo","$v":"ચિત્ર ઉમેરો"},{"$i":"add-note","$v":"નોંધ ઉમેરો"},{"$i":"add-org","$v":"કંપની ઉમેરો"},{"$i":"delete-tel","$v":"ફોન નંબર દુર કરો"},{"$i":"delete-email","$v":"ઇમેઇલ દુર કરો"},{"$i":"delete-ringtone","$v":"રિંગટોન દુર કરો"},{"$i":"delete-adr","$v":"સરનામું દુર કરો"},{"$i":"delete-bday","$v":"જન્મદિવસ દૂર કરો"},{"$i":"delete-photo","$v":"ચિત્ર દૂર કરો"},{"$i":"delete-note","$v":"નોટ દુર કરો"},{"$i":"delete-org","$v":"કંપની દૂર કરો"},{"$i":"edit-tel-type","$v":"ફોન પ્રકાર સંપાદિત કરો"},{"$i":"edit-email-type","$v":"ઇમેઇલ પ્રકાર સંપાદિત કરો"},{"$i":"edit-adr-type","$v":"સરનામા પ્રકાર સંપાદિત કરો"},{"$i":"edit-bday-type","$v":"જન્મદિવસ સંપાદિત કરો"},{"$i":"replace-photo","$v":"ફોટો બદલો"},{"$i":"replace-ringtone","$v":"રિંગટોન બદલો"},{"$i":"mobile-tel","$v":"મોબાઇલ ફોન"},{"$i":"home-tel","$v":"ઘરનો ફોન"},{"$i":"work-tel","$v":"વર્ક ફોન"},{"$i":"personal-tel","$v":"વ્યક્તિગત ફોન"},{"$i":"fax-home-tel","$v":"ઘરનો Fax"},{"$i":"fax-office-tel","$v":"ઑફિસનું Fax"},{"$i":"fax-other-tel","$v":"અન્ય Fax"},{"$i":"other-tel","$v":"અન્ય ફોન"},{"$i":"personal-email","$v":"વ્યક્તિગત ઈ-મેઇલ"},{"$i":"work-email","$v":"વર્ક ઈ-મેલ"},{"$i":"other-email","$v":"અન્ય ઈ-મેઇલ"},{"$i":"custom-email","$v":[{"t":"idOrVar","v":"type"}," ઈ-મેઇલ"]},{"$i":"custom-tel","$v":[{"t":"idOrVar","v":"type"}," ફોન"]},{"$i":"personal-adr","$v":"વ્યક્તિગત સરનામું"},{"$i":"current-adr","$v":"વર્તમાન સરનામું"},{"$i":"home-adr","$v":"ઘરનું સરનામું"},{"$i":"work-adr","$v":"કાર્યાલયનું સરનામું"},{"$i":"custom-adr","$v":[{"t":"idOrVar","v":"type"}," સરનામું"]},{"$i":"bday","$v":"જન્મદિવસ"},{"$i":"birthday","$v":"જન્મદિવસ"},{"$i":"streetAddress","$v":"રસ્તો"},{"$i":"locality","$v":"શહેર"},{"$i":"postalCode","$v":"પિન કોડ"},{"$i":"countryName","$v":"દેશ"},{"$i":"region","$v":"સ્થિતિ"},{"$i":"no-name","$v":"કોઇ નામ નથી"},{"$i":"new-contact","$v":"નવો સંપર્ક"},{"$i":"options","$v":"વિકલ્પ"},{"$i":"cancel","$v":"રદ કરો"},{"$i":"settings","$v":"સેટિંગ્સ"},{"$i":"edit","$v":"સંપાદિત કરો"},{"$i":"share","$v":"શેઅર કરો"},{"$i":"remove","$v":"દૂર કરો"},{"$i":"music","$v":"સંગીત"},{"$i":"ICEContactsGroup","$v":"ICE સંપર્કો"},{"$i":"setICEButton","$v":"ICE સંપર્કો સેટ કરો"},{"$i":"ICESettingTitle","$v":"ICE સંપર્કો"},{"$i":"ICEDescription","$v":"\"અપાત્કાલીન સ્થિતિમાં\" કોલ કરવા માટે પાંચ સંપર્કો ઉમેરો."},{"$i":"ICEContact","$v":["ICE સંપર્ક ",{"t":"idOrVar","v":"n"}]},{"$i":"ICESelectContact","$v":"એક સંપર્ક પસંદ કરો"},{"$i":"delete-ice-contact-warning","$v":"શું તમે ICE સંપર્ક દૂર કરવા માંગો છો ?"},{"$i":"confirm","$v":"ખાતરી"},{"$i":"send-message","$v":"સંદેશ મોકલો"},{"$i":"call","$v":"કોલ કરો"},{"$i":"send-email","$v":"ઇ-મેઇલ મોકલો"},{"$i":"choose-number","$v":"એક નંબર પસંદ કરો"},{"$i":"choose-email-adress","$v":"એક ઇમેઇલ સરનામું પસંદ કરો"},{"$i":"delete","$v":"કાઢો"},{"$i":"select","$v":"પસંદ કરો"},{"$i":"select-all","$v":"તમામ પસંદ કરો"},{"$i":"deselect-all","$v":"તમામ પસંદ રદ કરો"},{"$i":"deselect","$v":"પસંદ રદ કરો"},{"$i":"selected-contacts","$v":{"zero":"કંઈ પણ પસંદ કરેલ નથી","one":[{"t":"idOrVar","v":"n"}," પસંદ કરેલ"],"two":[{"t":"idOrVar","v":"n"}," પસંદ કરેલ"],"few":[{"t":"idOrVar","v":"n"}," પસંદ કરેલ"],"many":[{"t":"idOrVar","v":"n"}," પસંદ કરેલ"],"other":[{"t":"idOrVar","v":"n"}," પસંદ કરેલ"]},"$x":[{"t":"idOrVar","v":"plural"},"n"]},{"$i":"massive-delete","$v":"સંપર્કો દુર કરો"},{"$i":"confirm-contact-delete","$v":["શું તમે સંપર્ક ",{"t":"idOrVar","v":"name"}," કાઢી નાખવા માંગો છો?"]},{"$i":"DeletedTxt","$v":{"zero":"દૂર કરવા માટે કોઈ સંપર્ક નથી","one":"1 સંપર્ક કાઢવામાં આવ્યો","two":[{"t":"idOrVar","v":"n"}," સંપર્કો દૂર કરવામાં આવ્યા"],"few":[{"t":"idOrVar","v":"n"}," સંપર્કો દૂર કરવામાં આવ્યા"],"many":[{"t":"idOrVar","v":"n"}," સંપર્કો દૂર કરવામાં આવ્યા"],"other":[{"t":"idOrVar","v":"n"}," સંપર્કો દૂર કરવામાં આવ્યા"]},"$x":[{"t":"idOrVar","v":"plural"},"n"]},{"$i":"DeletingContacts","$v":"સંપર્કો દુર કરી રહ્યા છે"},{"$i":"ContactConfirmDel","$v":{"zero":"દૂર કરવા માટે કોઈ સંપર્ક નથી","one":"1 સંપર્ક દૂર કરવો છે? આ પુનઃપ્રાપ્ત કરી શકાતો નથી.","two":[{"t":"idOrVar","v":"n"}," સંપર્કો કાઢી નાખીએ? આ પુનઃપ્રાપ્ત કરી શકાતા  નથી."],"few":[{"t":"idOrVar","v":"n"}," સંપર્કો કાઢી નાખીએ? આ પુનઃપ્રાપ્ત કરી શકાતા  નથી."],"many":[{"t":"idOrVar","v":"n"}," સંપર્કો કાઢી નાખીએ? આ પુનઃપ્રાપ્ત કરી શકાતા  નથી."],"other":[{"t":"idOrVar","v":"n"}," સંપર્કો કાઢી નાખીએ? આ પુનઃપ્રાપ્ત કરી શકાતા  નથી."]},"$x":[{"t":"idOrVar","v":"plural"},"n"]},{"$i":"contact-deleted","$v":[{"t":"idOrVar","v":"n"}," સંપર્કો દૂર કરવામાં આવ્યા"]},{"$i":"change-will-update-until-restart","$v":"આગલી વખતે સંપર્કો ઉમેરાશે ત્યારે બદલાવ અપડેટ કરવામાં આવશે."},{"$i":"transfer-contacts","$v":"સંપર્ક ટ્રાન્સફર કરો"},{"$i":"contacts-management","$v":"સંપર્કોનું સંચાલન"},{"$i":"no-contacts-found","$v":"કોઇ સંપર્ક મળ્યા નથી"},{"$i":"weekday-0-long","$v":"રવિવાર"},{"$i":"weekday-1-long","$v":"સોમવાર"},{"$i":"weekday-2-long","$v":"મંગળવાર"},{"$i":"weekday-3-long","$v":"બુધવાર"},{"$i":"weekday-4-long","$v":"ગુરૂવાર"},{"$i":"weekday-5-long","$v":"શુક્રવાર"},{"$i":"weekday-6-long","$v":"શનિવાર"},{"$i":"weekday-0-short","$v":"રવિ"},{"$i":"weekday-1-short","$v":"સોમ"},{"$i":"weekday-2-short","$v":"મંગળ"},{"$i":"weekday-3-short","$v":"બુધ"},{"$i":"weekday-4-short","$v":"ગુરુ"},{"$i":"weekday-5-short","$v":"શુક્રવાર"},{"$i":"weekday-6-short","$v":"શનિ"},{"$i":"month-0-long","$v":"જાન્યુઆરી"},{"$i":"month-1-long","$v":"ફેબ્રુઆરી"},{"$i":"month-2-long","$v":"માર્ચ"},{"$i":"month-3-long","$v":"એપ્રિલ"},{"$i":"month-4-long","$v":"મે"},{"$i":"month-5-long","$v":"જૂન"},{"$i":"month-6-long","$v":"જુલાઈ"},{"$i":"month-7-long","$v":"ઓગસ્ટ"},{"$i":"month-8-long","$v":"સપ્ટેમ્બર"},{"$i":"month-9-long","$v":"ઓક્ટોબર"},{"$i":"month-10-long","$v":"નવેમ્બર"},{"$i":"month-11-long","$v":"ડિસેમ્બર"},{"$i":"month-0-genitive","$v":"જાન્યુઆરી"},{"$i":"month-1-genitive","$v":"ફેબ્રુઆરી"},{"$i":"month-2-genitive","$v":"માર્ચ"},{"$i":"month-3-genitive","$v":"એપ્રિલ"},{"$i":"month-4-genitive","$v":"મે"},{"$i":"month-5-genitive","$v":"જૂન"},{"$i":"month-6-genitive","$v":"જુલાઈ"},{"$i":"month-7-genitive","$v":"ઓગસ્ટ"},{"$i":"month-8-genitive","$v":"સપ્ટેમ્બર"},{"$i":"month-9-genitive","$v":"ઓક્ટોબર"},{"$i":"month-10-genitive","$v":"નવેમ્બર"},{"$i":"month-11-genitive","$v":"ડિસેમ્બર"},{"$i":"month-0-short","$v":"જાન્યુઆરી"},{"$i":"month-1-short","$v":"ફેબ્રુઆરી"},{"$i":"month-2-short","$v":"માર્ચ"},{"$i":"month-3-short","$v":"એપ્રિલ"},{"$i":"month-4-short","$v":"મે"},{"$i":"month-5-short","$v":"જૂન"},{"$i":"month-6-short","$v":"જુલાઈ"},{"$i":"month-7-short","$v":"ઓગસ્ટ"},{"$i":"month-8-short","$v":"સપ્ટેમ્બર"},{"$i":"month-9-short","$v":"ઓક્ટોબર"},{"$i":"month-10-short","$v":"નવેમ્બર"},{"$i":"month-11-short","$v":"ડિસેમ્બર"},{"$i":"minutes-ago-long","$v":{"zero":"અત્યારે જ","one":"એક મિનિટ પહેલાં","two":[{"t":"idOrVar","v":"value"}," મિનિટ પહેલા"],"few":[{"t":"idOrVar","v":"value"}," મિનિટ પહેલા"],"many":[{"t":"idOrVar","v":"value"}," મિનિટ પહેલા"],"other":[{"t":"idOrVar","v":"value"}," મિનિટ પહેલા"]},"$x":[{"t":"idOrVar","v":"plural"},"value"]},{"$i":"hours-ago-long","$v":{"zero":"અત્યારે જ","one":"એક કલાક પહેલાં","two":[{"t":"idOrVar","v":"value"}," કલાક પહેલા"],"few":[{"t":"idOrVar","v":"value"}," કલાક પહેલા"],"many":[{"t":"idOrVar","v":"value"}," કલાક પહેલા"],"other":[{"t":"idOrVar","v":"value"}," કલાક પહેલા"]},"$x":[{"t":"idOrVar","v":"plural"},"value"]},{"$i":"days-ago-long","$v":{"zero":"આજે","one":"ગઈકાલ","two":[{"t":"idOrVar","v":"value"}," દિવસ પહેલા"],"few":[{"t":"idOrVar","v":"value"}," દિવસ પહેલા"],"many":[{"t":"idOrVar","v":"value"}," દિવસ પહેલા"],"other":[{"t":"idOrVar","v":"value"}," દિવસ પહેલા"]},"$x":[{"t":"idOrVar","v":"plural"},"value"]},{"$i":"weeks-ago-long","$v":{"zero":"આ અઠવાડિયું","one":"ગયા અઠવાડિયે","two":[{"t":"idOrVar","v":"value"}," અઠવાડિયા પહેલા"],"few":[{"t":"idOrVar","v":"value"}," અઠવાડિયા પહેલા"],"many":[{"t":"idOrVar","v":"value"}," અઠવાડિયા પહેલા"],"other":[{"t":"idOrVar","v":"value"}," અઠવાડિયા પહેલા"]},"$x":[{"t":"idOrVar","v":"plural"},"value"]},{"$i":"months-ago-long","$v":{"zero":"આ મહિનો","one":"ગયા મહિને","two":[{"t":"idOrVar","v":"value"}," મહિના પહેલા"],"few":[{"t":"idOrVar","v":"value"}," મહિના પહેલા"],"many":[{"t":"idOrVar","v":"value"}," મહિના પહેલા"],"other":[{"t":"idOrVar","v":"value"}," મહિના પહેલા"]},"$x":[{"t":"idOrVar","v":"plural"},"value"]},{"$i":"years-ago-long","$v":{"zero":"આ વર્ષ","one":"ગયા વર્ષે","two":[{"t":"idOrVar","v":"value"}," વર્ષ પહેલા"],"few":[{"t":"idOrVar","v":"value"}," વર્ષ પહેલા"],"many":[{"t":"idOrVar","v":"value"}," વર્ષ પહેલા"],"other":[{"t":"idOrVar","v":"value"}," વર્ષ પહેલા"]},"$x":[{"t":"idOrVar","v":"plural"},"value"]},{"$i":"minutes-until-long","$v":{"zero":"હમણાં","one":"એક મિનિટમાં","two":[{"t":"idOrVar","v":"value"}," મિનિટમાં"],"few":[{"t":"idOrVar","v":"value"}," મિનિટમાં"],"many":[{"t":"idOrVar","v":"value"}," મિનિટમાં"],"other":[{"t":"idOrVar","v":"value"}," મિનિટમાં"]},"$x":[{"t":"idOrVar","v":"plural"},"value"]},{"$i":"hours-until-long","$v":{"zero":"હમણાં","one":"એક કલાકમાં","two":[{"t":"idOrVar","v":"value"}," કલાકમાં"],"few":[{"t":"idOrVar","v":"value"}," કલાકમાં"],"many":[{"t":"idOrVar","v":"value"}," કલાકમાં"],"other":[{"t":"idOrVar","v":"value"}," કલાકમાં"]},"$x":[{"t":"idOrVar","v":"plural"},"value"]},{"$i":"days-until-long","$v":{"zero":"આજે","one":"આવતીકાલ","two":[{"t":"idOrVar","v":"value"}," દિવસમાં"],"few":[{"t":"idOrVar","v":"value"}," દિવસમાં"],"many":[{"t":"idOrVar","v":"value"}," દિવસમાં"],"other":[{"t":"idOrVar","v":"value"}," દિવસમાં"]},"$x":[{"t":"idOrVar","v":"plural"},"value"]},{"$i":"weeks-until-long","$v":{"zero":"આ અઠવાડિયું","one":"આગળનું અઠવાડિયું","two":[{"t":"idOrVar","v":"value"}," અઠવાડિયામાં"],"few":[{"t":"idOrVar","v":"value"}," અઠવાડિયામાં"],"many":[{"t":"idOrVar","v":"value"}," અઠવાડિયામાં"],"other":[{"t":"idOrVar","v":"value"}," અઠવાડિયામાં"]},"$x":[{"t":"idOrVar","v":"plural"},"value"]},{"$i":"months-until-long","$v":{"zero":"આ મહિનો","one":"આગળનો મહિનો","two":[{"t":"idOrVar","v":"value"}," મહિનામાં"],"few":[{"t":"idOrVar","v":"value"}," મહિનામાં"],"many":[{"t":"idOrVar","v":"value"}," મહિનામાં"],"other":[{"t":"idOrVar","v":"value"}," મહિનામાં"]},"$x":[{"t":"idOrVar","v":"plural"},"value"]},{"$i":"years-until-long","$v":{"zero":"આ વર્ષ","one":"આગળનું વર્ષ","two":[{"t":"idOrVar","v":"value"}," વર્ષમાં"],"few":[{"t":"idOrVar","v":"value"}," વર્ષમાં"],"many":[{"t":"idOrVar","v":"value"}," વર્ષમાં"],"other":[{"t":"idOrVar","v":"value"}," વર્ષમાં"]},"$x":[{"t":"idOrVar","v":"plural"},"value"]},{"$i":"minutes-ago-short","$v":{"zero":"અત્યારે જ","other":[{"t":"idOrVar","v":"value"},"મિનિટ પહેલા"]},"$x":[{"t":"idOrVar","v":"plural"},"value"]},{"$i":"hours-ago-short","$v":{"zero":"અત્યારે જ","other":[{"t":"idOrVar","v":"value"},"કલાક પહેલા"]},"$x":[{"t":"idOrVar","v":"plural"},"value"]},{"$i":"days-ago-short","$v":{"zero":"આજે","other":[{"t":"idOrVar","v":"value"},"દિવસ પહેલા"]},"$x":[{"t":"idOrVar","v":"plural"},"value"]},{"$i":"minutes-until-short","$v":{"zero":"હમણાં","other":[{"t":"idOrVar","v":"value"},"મિનિટ માં"]},"$x":[{"t":"idOrVar","v":"plural"},"value"]},{"$i":"hours-until-short","$v":{"zero":"હમણાં","other":[{"t":"idOrVar","v":"value"},"કલાક માં"]},"$x":[{"t":"idOrVar","v":"plural"},"value"]},{"$i":"days-until-short","$v":{"zero":"આજે","other":[{"t":"idOrVar","v":"value"},"દિવસ માં"]},"$x":[{"t":"idOrVar","v":"plural"},"value"]},{"$i":"incorrectDate","$v":"(ખોટી તારીખ)"},{"$i":"dateTimeFormat_%c","$v":"%a %b %e %Y %I:%M:%S %p"},{"$i":"dateTimeFormat_%x","$v":"%m/%d/%Y"},{"$i":"dateTimeFormat_%X","$v":"%I:%M:%S %p"},{"$i":"shortTimeFormat","$v":"%I:%M %p"},{"$i":"shortTimeFormat12","$v":"%I:%M %p"},{"$i":"shortTimeFormat24","$v":"%H:%M"},{"$i":"shortDateTimeFormat","$v":"%x %I:%M %p"},{"$i":"weekStartsOnMonday","$v":"0"},{"$i":"firstDayOfTheWeek","$v":"0"},{"$i":"time_am","$v":"AM"},{"$i":"time_pm","$v":"PM"},{"$i":"sim-with-index-and-carrier","$v":["સિમ ",{"t":"idOrVar","v":"index"}," - ",{"t":"idOrVar","v":"carrier"}]},{"$i":"sim-without-carrier","$v":["સિમ",{"t":"idOrVar","v":"index"}]}]