[{"$i":"contacts","$v":"ಸಂಪರ್ಕಗಳು"},{"$i":"view","$v":"ವೀಕ್ಷಿಸಿ"},{"$i":"no-contacts","$v":"ಯಾವುದೇ ಸಂಪರ್ಕಗಳಿಲ್ಲ"},{"$i":"reading-contacts","$v":"ಸಂಪರ್ಕಗಳನ್ನು ಲೋಡ್ ಮಾಡಲಾಗುತ್ತಿದೆ"},{"$i":"start-adding","$v":"ಸಂಪರ್ಕಗಳನ್ನು ಸೇರಿಸಲು ಹೊಸ ಸಂಪರ್ಕ ಒತ್ತಿ."},{"$i":"no-contact-available","$v":"ಯಾವುದೇ ಸಂಪರ್ಕ ಲಭ್ಯವಿಲ್ಲ"},{"$i":"ok","$v":"ಸರಿ"},{"$i":"no-phone-number-to-dial","$v":"ಡಯಲ್ ಮಾಡಲು ಯಾವುದೇ ಫೋನ್ ಸಂಖ್ಯೆ ಇಲ್ಲ"},{"$i":"video-call","$v":"Video call"},{"$i":"move","$v":"ಸರಿಸಿ"},{"$i":"copy","$v":"ಕಾಪಿ"},{"$i":"copy-contacts","$v":"ಸಂಪರ್ಕಗಳನ್ನು ಕಾಪಿ ಮಾಡಿ"},{"$i":"move-contacts","$v":"ಸಂಪರ್ಕಗಳನ್ನು ಸರಿಸಿ"},{"$i":"phone-memory","$v":"ಫೋನ್ ಮೆಮೊರಿ"},{"$i":"sim-memory","$v":"ಸಿಮ್ ಮೆಮೊರಿ"},{"$i":"move-from","$v":"ಇಂದ ಸರಿಸಿ"},{"$i":"to","$v":"ಇವರಿಗೆ"},{"$i":"move-contacts-progressing","$v":"ಸಂಪರ್ಕ(ಗಳು) ಅನ್ನು ಸರಿಸಲಾಗುತ್ತಿದೆ ..."},{"$i":"copy-contacts-progressing","$v":"ಸಂಪರ್ಕ(ಗಳು) ಅನ್ನು ಕಾಪಿ ಮಾಡಲಾಗುತ್ತಿದೆ ..."},{"$i":"contact-move-to-sim","$v":[{"t":"idOrVar","v":"migrated"}," ಸಂಪರ್ಕ(ಗಳು) ಅನ್ನು ಸಿಮ್ ಗೆ ಸರಿಸಲಾಗಿದೆ"]},{"$i":"contact-copy-to-sim","$v":[{"t":"idOrVar","v":"migrated"}," ಸಂಪರ್ಕ(ಗಳು) ಅನ್ನು ಸಿಮ್ ಗೆ ಕಾಪಿ ಮಾಡಲಾಗಿದೆ"]},{"$i":"contact-move-to-sim0","$v":[{"t":"idOrVar","v":"migrated"}," ಸಂಪರ್ಕ(ಗಳು) ಅನ್ನು ಸಿಮ್ 1 ಗೆ ಸರಿಸಲಾಗಿದೆ"]},{"$i":"contact-copy-to-sim0","$v":[{"t":"idOrVar","v":"migrated"}," ಸಂಪರ್ಕ(ಗಳು) ಅನ್ನು ಸಿಮ್ 1 ಗೆ ಕಾಪಿ ಮಾಡಲಾಗಿದೆ"]},{"$i":"contact-move-to-sim1","$v":[{"t":"idOrVar","v":"migrated"}," ಸಂಪರ್ಕ(ಗಳು) ಅನ್ನು ಸಿಮ್ 2 ಗೆ ಸರಿಸಲಾಗಿದೆ"]},{"$i":"contact-copy-to-sim1","$v":[{"t":"idOrVar","v":"migrated"}," ಸಂಪರ್ಕ(ಗಳು) ಅನ್ನು ಸಿಮ್ 2 ಗೆ ಕಾಪಿ ಮಾಡಲಾಗಿದೆ"]},{"$i":"contact-move-to-device","$v":[{"t":"idOrVar","v":"migrated"}," ಸಂಪರ್ಕ(ಗಳು) ಅನ್ನು ಸಾಧನಕ್ಕೆ ಸರಿಸಲಾಗಿದೆ"]},{"$i":"contact-copy-to-device","$v":[{"t":"idOrVar","v":"migrated"}," ಸಂಪರ್ಕ(ಗಳು) ಅನ್ನು ಸಾಧನಕ್ಕೆ ಕಾಪಿ ಮಾಡಲಾಗಿದೆ"]},{"$i":"copy-contact-failed","$v":"ಸಂಪರ್ಕ ಕಾಪಿ ಮಾಡುವುದು ವಿಫಲವಾಗಿದೆ"},{"$i":"move-contact-failed","$v":"ಸಂಪರ್ಕ ಕಾಪಿ ಮಾಡುವುದು ವಿಫಲವಾಗಿದೆ"},{"$i":"contact-copy-error-sim-full","$v":"ಸಿಮ್ ಕಾರ್ಡ್ ತುಂಬಿದ ಕಾರಣ ಸಂಪರ್ಕಗಳನ್ನು ಕಾಪಿ ಮಾಡುವುದು ಪೂರ್ಣಗೊಂಡಿಲ್ಲ."},{"$i":"contact-copy-error-unknown","$v":"ಅಜ್ಞಾತ ದೋಷದ ಕಾರಣ ಸಂಪರ್ಕಗಳನ್ನು ಕಾಪಿ ಮಾಡುವುದು ಪೂರ್ಣಗೊಂಡಿಲ್ಲ."},{"$i":"contact-move-error-sim-full","$v":"ಸಿಮ್ ಕಾರ್ಡ್ ತುಂಬಿದ ಕಾರಣ ಸಂಪರ್ಕಗಳನ್ನು ಸರಿಸುವುದು ಪೂರ್ಣಗೊಂಡಿಲ್ಲ.."},{"$i":"contact-move-error-unknown","$v":"ಅಜ್ಞಾತ ದೋಷದ ಕಾರಣ ಸಂಪರ್ಕಗಳನ್ನು ಸರಿಸುವುದು ಪೂರ್ಣಗೊಂಡಿಲ್ಲ."},{"$i":"memory","$v":"ಮೆಮೊರಿ"},{"$i":"phone-and-sim","$v":"ಫೋನ್ ಮತ್ತು ಸಿಮ್"},{"$i":"phone","$v":"ಫೋನ್"},{"$i":"sim","$v":"ಸಿಮ್"},{"$i":"reloading-contact","$v":"ಸಂಪರ್ಕಗಳನ್ನು ಪುನಃಲೋಡ್ ಮಾಡಲಾಗುತ್ತಿದೆ .."},{"$i":"contact-reloaded","$v":"ಸಂಪರ್ಕಗಳನ್ನು ಪುನಃಲೋಡ್ ಮಾಡಲಾಗಿದೆ"},{"$i":"message","$v":"ಸಂದೇಶ"},{"$i":"find-duplicate-contacts","$v":"ಡೂಪ್ಲಿಕೇಟ್ ಸಂಪರ್ಕಗಳನ್ನು ಕಂಡುಹಿಡಿಯಿರಿ"},{"$i":"no-duplicate-contact-found","$v":"ಯಾವುದೇ ಡೂಪ್ಲಿಕೇಟ್ ಸಂಪರ್ಕಗಳು ಕಂಡುಬಂದಿಲ್ಲ"},{"$i":"change-saved","$v":"ಬದಲಾವಣೆಯನ್ನು ಸೇವ್ ಮಾಡಲಾಗಿದೆ"},{"$i":"contact-updated","$v":"ಸಂಪರ್ಕವನ್ನು ಅಪ್ಡೇಟ್ ಮಾಡಲಾಗಿದೆ"},{"$i":"already-ice-contact","$v":"ಈ ಸಂಪರ್ಕವು ಈಗಾಗಲೇ ICE ಸಂಪರ್ಕವಾಗಿದೆ"},{"$i":"callAirplaneModeTitle","$v":"ಏರ್‌‌ಪ್ಲೇನ್ ಮೋಡ್ ಸಕ್ರಿಯಗೊಳಿಸಲಾಗಿದೆ"},{"$i":"callAirplaneModeMessage","$v":"ಕರೆ ಮಾಡಲು ನೀವು ಸೆಟ್ಟಿಂಗ್‌ಗಳಲ್ಲಿ ಏರ್‌ಪ್ಲೇನ್ ಮೋಡ್ ಅನ್ನು ನಿಷ್ಕ್ರಿಯಗೊಳಿಸಬೇಕು."},{"$i":"emergencyDialogTitle","$v":"ಯಾವುದೇ ನೆಟ್‌ವರ್ಕ್ ಸಂಪರ್ಕವಿಲ್ಲ"},{"$i":"emergencyDialogBodyBadNumber","$v":"ಕರೆ ಮಾಡಲು, ಫೋನ್‌ ನೆಟ್‌ವರ್ಕ್‌ಗೆ ಸಂಪರ್ಕಗೊಂಡಿರಬೇಕು."},{"$i":"emergencyDialogBodyDeviceNotAccepted","$v":"ತುರ್ತು ಕರೆಗಳನ್ನು ನೆಟ್‌ವರ್ಕ್‌ ಅನುಮತಿಸಿಲ್ಲ."},{"$i":"invalidNumberToDialTitle","$v":"ಅಮಾನ್ಯ ಫೋನ್ ಸಂಖ್ಯೆ"},{"$i":"invalidNumberToDialMessage","$v":"ನೀವು ಕರೆ ಮಾಡುತ್ತಿರುವ ಫೋನ್‌ ನಂಬರ್ ಮಾನ್ಯವಲ್ಲ."},{"$i":"emergency-call-only","$v":"ತುರ್ತು ಪರಿಸ್ಥಿತಿ ಕರೆ ಮಾತ್ರ"},{"$i":"emergency-call-error","$v":[{"t":"idOrVar","v":"number"}," ಇದು ತುರ್ತು ಸಂಖ್ಯೆಯಲ್ಲ."]},{"$i":"numberIsBusyTitle","$v":"ಸಂಖ್ಯೆ ಕಾರ್ಯನಿರತವಾಗಿದೆ"},{"$i":"numberIsBusyMessage","$v":"ಸಂಖ್ಯೆಯು ಪ್ರಸ್ತುತ ಕಾರ್ಯನಿರತವಾಗಿದೆ. ದಯವಿಟ್ಟು ಪುನಃ ಪ್ರಯತ್ನಿಸಿ."},{"$i":"fdnIsActiveTitle","$v":"FDN ಸಕ್ರಿಯವಾಗಿದೆ"},{"$i":"fdnIsActiveMessage","$v":["FDN (ಫಿಕ್ಸಡ್ ಡಯಲಿಂಗ್ ಸಂಖ್ಯೆಗಳು) ಸಕ್ರಿಯಗೊಳಿಸಲಾಗಿದೆ ಹಾಗೂ ಈ ಕೆಳಗಿನ ಸಂಖ್ಯೆ ನಿಮ್ಮ FDN ಪಟ್ಟಿಯಲ್ಲಿಲ್ಲ: ",{"t":"idOrVar","v":"number"}]},{"$i":"otherConnectionInUseTitle","$v":"ಇತರ ಸಂಪರ್ಕಗಳು ಬಳಕೆಯಲ್ಲಿವೆ"},{"$i":"otherConnectionInUseMessage","$v":"ಇನ್ನೊಂದು ಸಂಪರ್ಕದಲ್ಲಿ ನೀವು ಸಕ್ರಿಯ ಕರೆ ಹೊಂದಿದ್ದೀರಿ. ಒಂದು ಬಾರಿ ನೀವು ಒಂದು ಸಂಪರ್ಕವನ್ನು ಮಾತ್ರ ಬಳಸಬಹುದು."},{"$i":"GenericFailure","$v":"ಸಾಮಾನ್ಯ ವೈಫಲ್ಯ."},{"$i":"scCallBarring","$v":"ಕಾಲ್ ಬಾರಿಂಗ್"},{"$i":"scCallForwarding","$v":"ಕಾಲ್ ಫಾರ್ವರ್ಡಿಂಗ್"},{"$i":"scClip","$v":"ಒಳಬರುವ ಕರೆಮಾಡುವವರ ID"},{"$i":"scClir","$v":"ಔಟ್‌ಗೋಯಿಂಗ್ ಕಾಲರ್ ID"},{"$i":"scPwd","$v":"ಪಾಸ್‌ವರ್ಡ್ ಬದಲಾವಣೆ"},{"$i":"scCallWaiting","$v":"ಕಾಲ್ ನಿರೀಕ್ಷೆಯಲ್ಲಿದೆ"},{"$i":"scPin","$v":"ಪಿನ್ ಬದಲಾವಣೆ"},{"$i":"scPin2","$v":"ಪಿನ್2 ಬದಲಾವಣೆ"},{"$i":"scPuk","$v":"ಪಿನ್ ಅನ್‌ಬ್ಲಾಕ್ ಮಾಡಿ"},{"$i":"scPuk2","$v":"ಪಿನ್‌2 ಅನ್‌ಬ್ಲಾಕ್ ಮಾಡಿ"},{"$i":"scImei","$v":"IMEI"},{"$i":"scMeid","$v":"MEID"},{"$i":"scUssd","$v":"USSD"},{"$i":"set-speed-dial","$v":"ವೇಗದ ಡಯಲ್ ಸಂಪರ್ಕಗಳನ್ನು ಹೊಂದಿಸಿ"},{"$i":"empty","$v":"ಖಾಲಿ ಇದೆ"},{"$i":"voicemail","$v":"ಧ್ವನಿಮೇಲ್"},{"$i":"speed-dial","$v":"ವೇಗದ ಡಯಲ್"},{"$i":"add","$v":"ಸೇರಿಸಿ"},{"$i":"replace","$v":"ಸ್ಥಾನಾಂತರಿಸಿ"},{"$i":"remove-from-speed-dial","$v":"ಸ್ಪೀಡ್ ಡಯಲ್‌ನಿಂದ ತೆಗೆದುಹಾಕಿ"},{"$i":"custom-dialog-replace-speed-dial","$v":["ನೀವು ಸ್ಪೀಡ್ ಡಯಲ್‌ ",{"t":"idOrVar","v":"oldSpeedDial"}," ಅನ್ನು ",{"t":"idOrVar","v":"newSpeedDial"}," ನಿಂದ ಬದಲಾಯಿಸಲು ಖಚಿತವಾಗಿ ಬಯಸುವಿರಾ?"]},{"$i":"custom-dialog-remove-speed-dial","$v":["ನೀವು ಸ್ಪೀಡ್ ಡಯಲ್‌ನಿಂದ ",{"t":"idOrVar","v":"name"}," ತೆಗೆಯಲು ಖಚಿತವಾಗಿ ಬಯಸುವಿರಾ?"]},{"$i":"voice-mail","$v":"ವಾಯ್ಸ್‌ ಮೇಲ್"},{"$i":"voice-mail-number","$v":"ವಾಯ್ಸ್‌ ಮೇಲ್ ಸಂಖ್ಯೆ"},{"$i":"voice-mail-number-updated","$v":"ವಾಯ್ಸ್‌ಮೇಲ್ ಸಂಖ್ಯೆ ಅಪ್‌ಡೇಟ್ ಮಾಡಲಾಗಿದೆ"},{"$i":"found-duplicates-message","$v":"ಕೆಳಗಿನ ಸಂಪರ್ಕಗಳಲ್ಲಿ ಡೂಪ್ಲಿಕೇಟ್ ಮಾಡಿದ ಮಾಹಿತಿ ಕಂಡುಬಂತು ನೀವು ಸೇರಿಸಬಯಸುವಿರಾ?"},{"$i":"confirm-to-merge-contacts","$v":["ನೀವು ನಿಜವಾಗಲೂ ",{"t":"idOrVar","v":"count"}," ಸಂಪರ್ಕವ(ಗಳ)ನ್ನು ",{"t":"idOrVar","v":"name"}," ಮರ್ಜ್ ಮಾಡಲು ಬಯಸುವಿರಾ?"]},{"$i":"merge","$v":"ಮರ್ಜ್ ಮಾಡಿ"},{"$i":"contact-merged","$v":"ಸಂಪರ್ಕ ಜೋಡಿಸಲಾಗಿದೆ"},{"$i":"add-favorite","$v":"ಮೆಚ್ಚಿನದ್ದಾಗಿ ಸೇರಿಸಿ"},{"$i":"remove-favorite","$v":"ಮೆಚ್ಚಿನವುಗಳಿಂದ ತೆಗೆಯಿರಿ"},{"$i":"favorite-contacts","$v":"ಮೆಚ್ಚಿನ ಸಂಪರ್ಕಗಳು"},{"$i":"sort-contacts","$v":"ಸಂಪರ್ಕಗಳನ್ನು ಆಯೋಜಿಸಿ"},{"$i":"sort-by-first-name","$v":"ಮೊದಲ ಹೆಸರಿನ ಪ್ರಕಾರ ಆಯೋಜಿಸಿ"},{"$i":"sort-by-last-name","$v":"ಕೊನೆಯ ಹೆಸರಿನ ಪ್ರಕಾರ ಆಯೋಜಿಸಿ"},{"$i":"no-support-open-multi-vcard","$v":"ಬಹು ಸಂಪರ್ಕಗಳೊಂದಿಗೆ ವಿಕಾರ್ಡ್ ತೆರೆಯಲು ಸಾಧ್ಯವಿಲ್ಲ"},{"$i":"sdcard","$v":"ಮೆಮೊರಿ ಕಾರ್ಡ್"},{"$i":"simcard","$v":"ಸಿಮ್‌ ಕಾರ್ಡ್"},{"$i":"import-contacts","$v":"ಸಂಪರ್ಕಗಳನ್ನು ಆಮದು ಮಾಡಿ"},{"$i":"simContacts-error","$v":"ಸಿಮ್‌ನಿಂದ ಸಂಪರ್ಕಗಳನ್ನು ಆಮದು ಮಾಡಲಾಗಲಿಲ್ಲ"},{"$i":"memoryCardContacts-error","$v":"ಮೆಮೊರಿ ಕಾರ್ಡ್‌ನಿಂದ ಸಂಪರ್ಕಗಳನ್ನು ಆಮದು ಮಾಡಲಾಗಲಿಲ್ಲ"},{"$i":"simContacts-reading","$v":"ಸಿ‌ಮ್‌ ಕಾರ್ಡ್‌ನಿಂದ ಸಂಪರ್ಕಗಳನ್ನು ಓದಲಾಗುತ್ತಿದೆ..."},{"$i":"memoryCardContacts-reading","$v":"ಮೆಮೊರಿ ಕಾರ್ಡ್‌ನಿಂದ ಸಂಪರ್ಕಗಳನ್ನು ಓದಲಾಗುತ್ತಿದೆ..."},{"$i":"importContactsTitle","$v":"ಸಂಪರ್ಕಗಳನ್ನು ಆಮದು ಮಾಡಿ"},{"$i":"retry","$v":"ಮರುಪ್ರಯತ್ನಿಸಿ"},{"$i":"noSimMsg","$v":"ಸಂಪರ್ಕಗಳನ್ನು ಆಮದು ಮಾಡಲು ನಿಮ್ಮ ಸಿಮ್ ಕಾರ್ಡ್‌ ಅನ್ನು ಒಳಸೇರಿಸಿ ಅಥವಾ ಅನ್‌ಲಾಕ್ ಮಾಡಿ"},{"$i":"noSdcardMsg","$v":"ಸಂಪರ್ಕಗಳನ್ನು ಆಮದು ಮಾಡಿಕೊಳ್ಳಲು ಮೆಮೊರಿ ಕಾರ್ಡ್ ಸೇರಿಸಿ"},{"$i":"not-imported","$v":"ಆಮದು ಮಾಡಲಾಗಿಲ್ಲ"},{"$i":"imported","$v":"ಆಮದು ಮಾಡಲಾಗಿದೆ"},{"$i":"importing","$v":"ಆಮದು ಮಾಡಲಾಗುತ್ತಿದೆ"},{"$i":"contact-imported","$v":["ಸಂಪರ್ಕಗಳನ್ನು",{"t":"idOrVar","v":"Imported"}," ಆಮದು ಮಾಡಲಾಗಿದೆ. ",{"t":"idOrVar","v":"Dupes"}," ಸಂಪರ್ಕಗಳು ವಿಲೀನಗೊಂಡಿವೆ."]},{"$i":"contact-imported2","$v":["Imported ",{"t":"idOrVar","v":"imported"}," contacts."]},{"$i":"reading-contacts-from-sim","$v":"ಸಿಮ್ ಕಾರ್ಡ್‌ನಿಂದ ಸಂಪರ್ಕಗಳನ್ನು ಓದುವುದು .."},{"$i":"reading-contacts-from-gmail","$v":"ಜಿಮೇಲ್‌ನಿಂದ ಸಂಪರ್ಕಗಳನ್ನು ಓದಲಾಗುತ್ತಿದೆ.."},{"$i":"reading-contacts-from-live","$v":"ಔಟ್‌ಲುಕ್‌ನಿಂದ ಸಂಪರ್ಕಗಳನ್ನು ಓದಲಾಗುತ್ತಿದೆ.."},{"$i":"reading-contacts-from-sd","$v":"ಮೆಮೋರಿ ಕಾರ್ಡ್‌ನಿಂದ ಸಂಪರ್ಕಗಳನ್ನು ಓದುವುದು .."},{"$i":"reading-contacts-from-vcard","$v":"ಫೈಲ್ನಿಂದ ಸಂಪರ್ಕಗಳನ್ನು ಓದುವುದು .."},{"$i":"importing-contacts-from-sim","$v":"ಸಿಮ್ ಕಾರ್ಡ್‌ನಿಂದ ಸಂಪರ್ಕಗಳನ್ನು ಆಮದು ಮಾಡಲಾಗುತ್ತಿದೆ.."},{"$i":"importing-contacts-from-gmail","$v":"ಜಿಮೇಲ್‌ನಿಂದ ಸಂಪರ್ಕಗಳನ್ನು ಆಮದು ಮಾಡಲಾಗುತ್ತಿದೆ.."},{"$i":"importing-contacts-from-live","$v":"ಔಟ್‌ಲುಕ್‌ನಿಂದ ಸಂಪರ್ಕಗಳನ್ನು ಆಮದು ಮಾಡಲಾಗುತ್ತಿದೆ.."},{"$i":"importing-contacts-from-sd","$v":"ಮೆಮೊರಿ ಕಾರ್ಡ್‌ನಿಂದ ಸಂಪರ್ಕಗಳನ್ನು ಆಮದು ಮಾಡಲಾಗುತ್ತಿದೆ.."},{"$i":"importing-contacts-from-vcard","$v":"ಫೈಲ್‌ನಿಂದ ಸಂಪರ್ಕಗಳನ್ನು ಆಮದು ಮಾಡಿಕೊಳ್ಳಲಾಗುತ್ತಿದೆ .."},{"$i":"connect-network-to-import","$v":"ಸಂಪರ್ಕಗಳನ್ನು ಆಮದು ಮಾಡಲು,WiFi ಅಥವಾ ಡೇಟಾ ನೆಟ್‌ವರ್ಕ್ ಅನ್ನು ಕನೆಕ್ಟ್ ಮಾಡಿ"},{"$i":"bluetooth","$v":"Bluetooth"},{"$i":"export","$v":"ರಫ್ತು ಮಾಡಿ"},{"$i":"export-contacts","$v":"ಸಂಪರ್ಕಗಳನ್ನು ರಫ್ತು ಮಾಡಿ"},{"$i":"simExport-title","$v":"ಸಿಮ್‌ಗೆ ರಫ್ತು ಮಾಡಿ"},{"$i":"memoryCardExport-title","$v":"ಮೆಮೊರಿ ಕಾರ್ಡ್‌ಗೆ ರಫ್ತು ಮಾಡಿ"},{"$i":"btExport-title","$v":"ಬ್ಲೂಟೂತ್‌ಗೆ ರಫ್ತು ಮಾಡಿ"},{"$i":"noSimMsgExport","$v":"ಸಂಪರ್ಕಗಳನ್ನು ರಫ್ತು ಮಾಡಲು ನಿಮ್ಮ ಸಿಮ್ ಕಾರ್ಡ್‌ ಅನ್ನು ಒಳಸೇರಿಸಿ ಅಥವಾ ಅನ್‌ಲಾಕ್ ಮಾಡಿ"},{"$i":"noSdcardExport","$v":"To export contacts insert a memory card."},{"$i":"bluetoothNoConnection","$v":"ಸಂಪರ್ಕಗಳನ್ನು ರಫ್ತು ಮಾಡಲು ಬ್ಲೂಟೂತ್ ಡಿವೈಸ್ ಸಂಪರ್ಕಿಸಿ."},{"$i":"contact-exported","$v":["ಸಂಪರ್ಕಗಳನ್ನು",{"t":"idOrVar","v":"exported"}," ರಫ್ತು ಮಾಡಲಾಗಿದೆ."]},{"$i":"export-contact-failed","$v":"ಸಂಪರ್ಕಗಳ ಎಕ್ಸ್‌ಪೋರ್ಟ್ ವಿಫಲವಾಯಿತು"},{"$i":"contact-export-error-sim-full","$v":"ಸಿಮ್ ಕಾರ್ಡ್ ಭರ್ತಿಯಾಗಿರುವ ಕಾರಣ ಸಂಪರ್ಕಗಳ ಎಕ್ಸ್‌ಪೋರ್ಟ್ ಪೂರ್ಣಗೊಂಡಿಲ್ಲ"},{"$i":"contact-export-error-unknown","$v":"ಅಜ್ಞಾತ ದೋಷದಿಂದಾಗಿ ಸಂಪರ್ಕಗಳನ್ನು ಎಕ್ಸ್‌ಪೋರ್ಟ್ ಮಾಡಲಾಗಿಲ್ಲ."},{"$i":"contact-export-canceled","$v":"Exporting process is canceled."},{"$i":"save","$v":"ಸೇವ್ ಮಾಡಿ"},{"$i":"back","$v":"ಹಿಂದೆ"},{"$i":"givenName","$v":"ಮೊದಲ ಹೆಸರು"},{"$i":"familyName","$v":"ಕೊನೆಯ ಹೆಸರು"},{"$i":"name","$v":"ಹೆಸರು"},{"$i":"org","$v":"ಕಂಪನಿ"},{"$i":"ringtone","$v":"ರಿಂಗ್‌ಟೋನ್‌"},{"$i":"note","$v":"ಸೂಚನೆ"},{"$i":"email","$v":"ಇಮೇಲ್"},{"$i":"adr","$v":"ವಿಳಾಸ"},{"$i":"custom","$v":"ಕಸ್ಟಮ್"},{"$i":"confirm-discard-contact-data","$v":"ಸಂಪರ್ಕಗಳನ್ನು ವಿವರಗಳನ್ನು ತೆಗೆಯಲಾಗುತ್ತದೆ ನೀವು ಈ ಸಂಪರ್ಕವನ್ನು ಉಳಿಸಬಯಸುವಿರಾ?"},{"$i":"discard","$v":"ತೆಗೆಯಿರಿ"},{"$i":"add-others","$v":"ಇತರರನ್ನು ಸೇರಿಸಿ"},{"$i":"custom-type","$v":"ರೂಢಿಗತ ಪ್ರಕಾರ"},{"$i":"input-the-custom-type","$v":"ದಯವಿಟ್ಟು ಕಸ್ಟಮ್ ಪ್ರಕಾರವನ್ನು ಇನ್‌ಪುಟ್ ಮಾಡಿ"},{"$i":"contact-saved","$v":"ಸಂಪರ್ಕ ಉಳಿಸಲಾಗಿದೆ"},{"$i":"are-you-sure-to-delete-field","$v":[{"t":"idOrVar","v":"Field"}," ಅನ್ನು ಡಿಲೀಟ್ ಮಾಡಲು ನೀವು ಖಚಿತವಾಗಿ ಬಯಸುವಿರಾ?"]},{"$i":"personal","$v":"ವೈಯಕ್ತಿಕ"},{"$i":"mobile","$v":"ಮೊಬೈಲ್"},{"$i":"current","$v":"ಪ್ರಸ್ತುತದಲ್ಲಿ"},{"$i":"home","$v":"ಹೋಮ್"},{"$i":"work","$v":"ವರ್ಕ್"},{"$i":"other","$v":"ಇತರೆ"},{"$i":"fax-home","$v":"ಫ್ಯಾಕ್ಸ್ ಹೋಂ"},{"$i":"fax-office","$v":"ಫ್ಯಾಕ್ಸ್ ಆಫೀಸ್"},{"$i":"fax-other","$v":"ಫ್ಯಾಕ್ಸ್ ಇತರೆ"},{"$i":"add-tel","$v":"ಫೋನ್ ಸಂಖ್ಯೆ ಸೇರಿಸಿ"},{"$i":"add-email","$v":"ಇಮೇಲ್ ಸೇರಿಸಿ"},{"$i":"add-ringtone","$v":"ರಿಂಗ್‌ಟೋನ್ ಸೇರಿಸಿ"},{"$i":"add-adr","$v":"ಅಡ್ರೆಸ್ ಸೇರಿಸಿ"},{"$i":"add-bday","$v":"ಜನ್ಮದಿನವನ್ನು ಸೇರಿಸಿ"},{"$i":"add-photo","$v":"ಚಿತ್ರ ಸೇರಿಸಿ"},{"$i":"add-note","$v":"ಟಿಪ್ಪಣಿ ಸೇರಿಸಿ"},{"$i":"add-org","$v":"ಕಂಪನಿ ಸೇರಿಸಿ"},{"$i":"delete-tel","$v":"ಫೋನ್ ಸಂಖ್ಯೆ ಅಳಿಸಿ"},{"$i":"delete-email","$v":"ಇಮೇಲ್ ಅಳಿಸಿ"},{"$i":"delete-ringtone","$v":"ರಿಂಗ್‌ಟೋನ್ ಅಳಿಸಿ"},{"$i":"delete-adr","$v":"ವಿಳಾಸವನ್ನು ಅಳಿಸಿ"},{"$i":"delete-bday","$v":"ಜನ್ಮದಿನವನ್ನು ಅಳಿಸಿ"},{"$i":"delete-photo","$v":"ಚಿತ್ರ ತೆಗೆಯಿರಿ"},{"$i":"delete-note","$v":"ಟಿಪ್ಪಣಿಯನ್ನು ಅಳಿಸಿ"},{"$i":"delete-org","$v":"ಕಂಪನಿಯನ್ನು ಅಳಿಸಿ"},{"$i":"edit-tel-type","$v":"ಫೋನ್ ವಿಧವನ್ನು ಸಂಪಾದಿಸಿ"},{"$i":"edit-email-type","$v":"ಇಮೇಲ್ ವಿಧವನ್ನು ಸಂಪಾದಿಸಿ"},{"$i":"edit-adr-type","$v":"ವಿಳಾಸದ ವಿಧವನ್ನು ಸಂಪಾದಿಸಿ"},{"$i":"edit-bday-type","$v":"ಜನ್ಮದಿನವನ್ನು ಸಂಪಾದಿಸಿ"},{"$i":"replace-photo","$v":"ಫೋಟೋ ಬದಲಿಸಿ"},{"$i":"replace-ringtone","$v":"ರಿಂಗ್‌ಟೋನ್ ಬದಲಾಯಿಸಿ"},{"$i":"mobile-tel","$v":"ಮೊಬೈಲ್ ಫೋನ್"},{"$i":"home-tel","$v":"ಮನೆಯ ಫೋನ್"},{"$i":"work-tel","$v":"ವರ್ಕ್ ಫೋನ್"},{"$i":"personal-tel","$v":"ವೈಯಕ್ತಿಕ ಫೋನ್"},{"$i":"fax-home-tel","$v":"ಹೋಮ್ ಫಾಕ್ಸ್"},{"$i":"fax-office-tel","$v":"ಆಫೀಸ್ ಫ್ಯಾಕ್ಸ್‌"},{"$i":"fax-other-tel","$v":"ಇತರ Fax"},{"$i":"other-tel","$v":"ಇತರ ಫೋನ್"},{"$i":"personal-email","$v":"ವೈಯಕ್ತಿಕ ಇಮೇಲ್"},{"$i":"work-email","$v":"ವರ್ಕ್ ಇಮೇಲ್"},{"$i":"other-email","$v":"ಇತರ ಇಮೇಲ್"},{"$i":"custom-email","$v":[{"t":"idOrVar","v":"type"}," ಇಮೇಲ್"]},{"$i":"custom-tel","$v":[{"t":"idOrVar","v":"type"}," ಫೋನ್"]},{"$i":"personal-adr","$v":"ವೈಯಕ್ತಿಕ ವಿಳಾಸ"},{"$i":"current-adr","$v":"ಪ್ರಸ್ತುತ ವಿಳಾಸ"},{"$i":"home-adr","$v":"ಮನೆಯ ವಿಳಾಸ"},{"$i":"work-adr","$v":"ವರ್ಕ್ ಅಡ್ರೆಸ್"},{"$i":"custom-adr","$v":[{"t":"idOrVar","v":"type"}," ವಿಳಾಸ"]},{"$i":"bday","$v":"ಜನ್ಮದಿನ"},{"$i":"birthday","$v":"ಜನ್ಮದಿನ"},{"$i":"streetAddress","$v":"ರಸ್ತೆ"},{"$i":"locality","$v":"ನಗರ"},{"$i":"postalCode","$v":"ಪಿನ್ ಕೋಡ್"},{"$i":"countryName","$v":"ದೇಶ"},{"$i":"region","$v":"ರಾಜ್ಯ"},{"$i":"no-name","$v":"ಯಾವುದೇ ಹೆಸರಿಲ್ಲ"},{"$i":"new-contact","$v":"ಹೊಸ ಸಂಪರ್ಕ"},{"$i":"options","$v":"ಆಯ್ಕೆಗಳು"},{"$i":"cancel","$v":"ರದ್ದು ಮಾಡಿ"},{"$i":"settings","$v":"ಸೆಟ್ಟಿಂಗ್ಸ್"},{"$i":"edit","$v":"ಸಂಪಾದಿಸಿ"},{"$i":"share","$v":"ಹಂಚು"},{"$i":"remove","$v":"ತೆಗೆದುಹಾಕಿ"},{"$i":"music","$v":"ಸಂಗೀತ"},{"$i":"ICEContactsGroup","$v":"ICE ಸಂಪರ್ಕಗಳು"},{"$i":"setICEButton","$v":"ICE ಸಂಪರ್ಕಗಳನ್ನು ಹೊಂದಿಸಿ"},{"$i":"ICESettingTitle","$v":"ICE ಸಂಪರ್ಕಗಳು"},{"$i":"ICEDescription","$v":"ತುರ್ತು ಪರಿಸ್ಥಿತಿಯಲ್ಲಿ ಕರೆ ಮಾಡಲು ಐದು ಸಂಪರ್ಕಗಳನ್ನು ಸೇರಿಸಿ."},{"$i":"ICEContact","$v":["ICE ಸಂಪರ್ಕ ",{"t":"idOrVar","v":"n"}]},{"$i":"ICESelectContact","$v":"ಒಂದು ಸಂಪರ್ಕ ಆಯ್ಕೆ ಮಾಡಿ"},{"$i":"delete-ice-contact-warning","$v":"ನೀವು ICE ಸಂಪರ್ಕವನ್ನು ತೆಗೆಯಬೇಕೆನ್ನುವ ಬಗ್ಗೆ ನಿಮಗೆ ಖಾತ್ರಿ ಇದೆಯೇ ?"},{"$i":"confirm","$v":"ದೃಢೀಕರಣ"},{"$i":"send-message","$v":"ಸಂದೇಶ ಕಳುಹಿಸಿ"},{"$i":"call","$v":"ಕಾಲ್ ಮಾಡಿ"},{"$i":"send-email","$v":"ಇಮೇಲ್ ಕಳುಹಿಸಿ"},{"$i":"choose-number","$v":"ಒಂದು ಸಂಖ್ಯೆಯನ್ನು ಆಯ್ಕೆಮಾಡಿ"},{"$i":"choose-email-adress","$v":"ಒಂದು ಇಮೇಲ್‌ ಅಡ್ರೆಸ್ ಆಯ್ಕೆಮಾಡಿ"},{"$i":"delete","$v":"ಅಳಿಸಿ"},{"$i":"select","$v":"ಆಯ್ಕೆ ಮಾಡಿ"},{"$i":"select-all","$v":"ಎಲ್ಲ ಆಯ್ಕೆ ಮಾಡಿ"},{"$i":"deselect-all","$v":"ಎಲ್ಲ ಆಯ್ಕೆ ತೆಗೆಯಿರಿ"},{"$i":"deselect","$v":"ಆಯ್ಕೆ ತೆಗೆದುಹಾಕಿ"},{"$i":"selected-contacts","$v":{"zero":"ಯಾವುದೂ ಆಯ್ಕೆಯಾಗಿಲ್ಲ","one":[{"t":"idOrVar","v":"n"}," ಆಯ್ಕೆ ಮಾಡಲಾಗಿದೆ"],"two":[{"t":"idOrVar","v":"n"}," ಆಯ್ಕೆ ಮಾಡಲಾಗಿದೆ"],"few":[{"t":"idOrVar","v":"n"}," ಆಯ್ಕೆ ಮಾಡಲಾಗಿದೆ"],"many":[{"t":"idOrVar","v":"n"}," ಆಯ್ಕೆ ಮಾಡಲಾಗಿದೆ"],"other":[{"t":"idOrVar","v":"n"}," ಆಯ್ಕೆ ಮಾಡಲಾಗಿದೆ"]},"$x":[{"t":"idOrVar","v":"plural"},"n"]},{"$i":"massive-delete","$v":"ಸಂಪರ್ಕಗಳನ್ನು ಅಳಿಸಿ"},{"$i":"confirm-contact-delete","$v":["ನೀವು ನಿಜವಾಗಲೂ ",{"t":"idOrVar","v":"name"}," ಸಂಪರ್ಕವನ್ನು ಅಳಿಸಲು ಖಚಿತವಾಗಿ ಬಯಸುವಿರಾ?"]},{"$i":"DeletedTxt","$v":{"zero":"ಅಳಿಸಲು ಯಾವುದೇ ಸಂಪರ್ಕವಿಲ್ಲ","one":"1 ಸಂಪರ್ಕವನ್ನು ತೆಗೆಯಲಾಗಿದೆ","two":[{"t":"idOrVar","v":"n"}," ಸಂಪರ್ಕಗಳನ್ನು ಅಳಿಸಲಾಗಿದೆ"],"few":[{"t":"idOrVar","v":"n"}," ಸಂಪರ್ಕಗಳನ್ನು ಅಳಿಸಲಾಗಿದೆ"],"many":[{"t":"idOrVar","v":"n"}," ಸಂಪರ್ಕಗಳನ್ನು ಅಳಿಸಲಾಗಿದೆ"],"other":[{"t":"idOrVar","v":"n"}," ಸಂಪರ್ಕಗಳನ್ನು ಅಳಿಸಲಾಗಿದೆ"]},"$x":[{"t":"idOrVar","v":"plural"},"n"]},{"$i":"DeletingContacts","$v":"ಸಂಪರ್ಕಗಳನ್ನು ಅಳಿಸಲಾಗುತ್ತಿದೆ"},{"$i":"ContactConfirmDel","$v":{"zero":"ಅಳಿಸಲು ಯಾವುದೇ ಸಂಪರ್ಕವಿಲ್ಲ","one":"ಒಂದು ಸಂಪರ್ಕವನ್ನು ಅಳಿಸುವುದೇ? ಇದನ್ನು ಮರುಪಡೆಯಲು ಸಾಧ್ಯವಿಲ್ಲ.","two":[{"t":"idOrVar","v":"n"}," ಸಂಪರ್ಕಗಳನ್ನು ಅಳಿಸುವುದೇ? ಇದನ್ನು ಮರುಪಡೆಯಲು ಸಾಧ್ಯವಿಲ್ಲ."],"few":[{"t":"idOrVar","v":"n"}," ಸಂಪರ್ಕಗಳನ್ನು ಅಳಿಸುವುದೇ? ಇದನ್ನು ಮರುಪಡೆಯಲು ಸಾಧ್ಯವಿಲ್ಲ."],"many":[{"t":"idOrVar","v":"n"}," ಸಂಪರ್ಕಗಳನ್ನು ಅಳಿಸುವುದೇ? ಇದನ್ನು ಮರುಪಡೆಯಲು ಸಾಧ್ಯವಿಲ್ಲ."],"other":[{"t":"idOrVar","v":"n"}," ಸಂಪರ್ಕಗಳನ್ನು ಅಳಿಸುವುದೇ? ಇದನ್ನು ಮರುಪಡೆಯಲು ಸಾಧ್ಯವಿಲ್ಲ."]},"$x":[{"t":"idOrVar","v":"plural"},"n"]},{"$i":"contact-deleted","$v":[{"t":"idOrVar","v":"n"}," ಸಂಪರ್ಕಗಳನ್ನು ಅಳಿಸಲಾಗಿದೆ"]},{"$i":"change-will-update-until-restart","$v":"ಸಂಪರ್ಕಗಳನ್ನು ಪ್ರಾರಂಭಿಸಲಾಗಿದೆ, ಮುಂದಿನ ಬಾರಿ ಬದಲಾವಣೆಗಳನ್ನು ನವೀಕರಿಸಲಾಗುತ್ತದೆ ."},{"$i":"transfer-contacts","$v":"ಸಂಪರ್ಕಗಳನ್ನು ವರ್ಗಾವಣೆ ಮಾಡಿ"},{"$i":"contacts-management","$v":"ಸಂಪರ್ಕಗಳ ನಿರ್ವಹಣೆ"},{"$i":"no-contacts-found","$v":"ಯಾವುದೇ ಸಂಪರ್ಕಗಳು ಕಂಡುಬಂದಿಲ್ಲ"},{"$i":"weekday-0-long","$v":"ಭಾನುವಾರ"},{"$i":"weekday-1-long","$v":"ಸೋಮವಾರ"},{"$i":"weekday-2-long","$v":"ಮಂಗಳವಾರ"},{"$i":"weekday-3-long","$v":"ಬುಧವಾರ"},{"$i":"weekday-4-long","$v":"ಗುರುವಾರ"},{"$i":"weekday-5-long","$v":"ಶುಕ್ರವಾರ"},{"$i":"weekday-6-long","$v":"ಶನಿವಾರ"},{"$i":"weekday-0-short","$v":"ಭಾನು"},{"$i":"weekday-1-short","$v":"ಸೋಮ"},{"$i":"weekday-2-short","$v":"ಮಂಗಳ"},{"$i":"weekday-3-short","$v":"ಬುಧ"},{"$i":"weekday-4-short","$v":"ಗುರು"},{"$i":"weekday-5-short","$v":"ಶುಕ್ರ"},{"$i":"weekday-6-short","$v":"ಶನಿವಾರ"},{"$i":"month-0-long","$v":"ಜನವರಿ"},{"$i":"month-1-long","$v":"ಫೆಬ್ರವರಿ"},{"$i":"month-2-long","$v":"ಮಾರ್ಚ್"},{"$i":"month-3-long","$v":"ಏಪ್ರಿಲ್"},{"$i":"month-4-long","$v":"ಮೇ"},{"$i":"month-5-long","$v":"ಜೂನ್"},{"$i":"month-6-long","$v":"ಜುಲೈ"},{"$i":"month-7-long","$v":"ಆಗಸ್ಟ್"},{"$i":"month-8-long","$v":"ಸಪ್ಟೆಂಬರ್"},{"$i":"month-9-long","$v":"ಅಕ್ಟೋಬರ್"},{"$i":"month-10-long","$v":"ನವೆಂಬರ್"},{"$i":"month-11-long","$v":"ಡಿಸೆಂಬರ್"},{"$i":"month-0-genitive","$v":"ಜನವರಿ"},{"$i":"month-1-genitive","$v":"ಫೆಬ್ರವರಿ"},{"$i":"month-2-genitive","$v":"ಮಾರ್ಚ್"},{"$i":"month-3-genitive","$v":"ಏಪ್ರಿಲ್"},{"$i":"month-4-genitive","$v":"ಮೇ"},{"$i":"month-5-genitive","$v":"ಜೂನ್"},{"$i":"month-6-genitive","$v":"ಜುಲೈ"},{"$i":"month-7-genitive","$v":"ಆಗಸ್ಟ್"},{"$i":"month-8-genitive","$v":"ಸಪ್ಟೆಂಬರ್"},{"$i":"month-9-genitive","$v":"ಅಕ್ಟೋಬರ್"},{"$i":"month-10-genitive","$v":"ನವೆಂಬರ್"},{"$i":"month-11-genitive","$v":"ಡಿಸೆಂಬರ್"},{"$i":"month-0-short","$v":"ಜನವರಿ"},{"$i":"month-1-short","$v":"ಫೆಬ್ರವರಿ"},{"$i":"month-2-short","$v":"ಮಾರ್ಚ್"},{"$i":"month-3-short","$v":"ಏಪ್ರಿಲ್"},{"$i":"month-4-short","$v":"ಮೇ"},{"$i":"month-5-short","$v":"ಜೂನ್"},{"$i":"month-6-short","$v":"ಜುಲೈ"},{"$i":"month-7-short","$v":"ಆಗಸ್ಟ್"},{"$i":"month-8-short","$v":"ಸೆಪ್ಟೆಂಬರ್"},{"$i":"month-9-short","$v":"ಅಕ್ಟೋಬರ್"},{"$i":"month-10-short","$v":"ನವೆಂಬರ್"},{"$i":"month-11-short","$v":"ಡಿಸೆಂಬರ್"},{"$i":"minutes-ago-long","$v":{"zero":"ಈಗಷ್ಟೇ","one":"ಒಂದು ನಿಮಿಷದ ಹಿಂದೆ","two":[{"t":"idOrVar","v":"value"}," ನಿಮಿಷಗಳ ಹಿಂದೆ"],"few":[{"t":"idOrVar","v":"value"}," ನಿಮಿಷಗಳ ಹಿಂದೆ"],"many":[{"t":"idOrVar","v":"value"}," ನಿಮಿಷಗಳ ಹಿಂದೆ"],"other":[{"t":"idOrVar","v":"value"}," ನಿಮಿಷಗಳ ಹಿಂದೆ"]},"$x":[{"t":"idOrVar","v":"plural"},"value"]},{"$i":"hours-ago-long","$v":{"zero":"ಈಗಷ್ಟೇ","one":"ಒಂದು ಗಂಟೆ ಹಿಂದೆ","two":[{"t":"idOrVar","v":"value"}," ಗಂಟೆಗಳ ಹಿಂದೆ"],"few":[{"t":"idOrVar","v":"value"}," ಗಂಟೆಗಳ ಹಿಂದೆ"],"many":[{"t":"idOrVar","v":"value"}," ಗಂಟೆಗಳ ಹಿಂದೆ"],"other":[{"t":"idOrVar","v":"value"}," ಗಂಟೆಗಳ ಹಿಂದೆ"]},"$x":[{"t":"idOrVar","v":"plural"},"value"]},{"$i":"days-ago-long","$v":{"zero":"ಇಂದು","one":"ನಿನ್ನೆ","two":[{"t":"idOrVar","v":"value"}," ದಿನಗಳ ಹಿಂದೆ"],"few":[{"t":"idOrVar","v":"value"}," ದಿನಗಳ ಹಿಂದೆ"],"many":[{"t":"idOrVar","v":"value"}," ದಿನಗಳ ಹಿಂದೆ"],"other":[{"t":"idOrVar","v":"value"}," ದಿನಗಳ ಹಿಂದೆ"]},"$x":[{"t":"idOrVar","v":"plural"},"value"]},{"$i":"weeks-ago-long","$v":{"zero":"ಈ ವಾರ","one":"ಕಳೆದ ವಾರ","two":[{"t":"idOrVar","v":"value"}," ವಾರಗಳ ಹಿಂದೆ"],"few":[{"t":"idOrVar","v":"value"}," ವಾರಗಳ ಹಿಂದೆ"],"many":[{"t":"idOrVar","v":"value"}," ವಾರಗಳ ಹಿಂದೆ"],"other":[{"t":"idOrVar","v":"value"}," ವಾರಗಳ ಹಿಂದೆ"]},"$x":[{"t":"idOrVar","v":"plural"},"value"]},{"$i":"months-ago-long","$v":{"zero":"ಈ ತಿಂಗಳು","one":"ಕಳೆದ ತಿಂಗಳು","two":[{"t":"idOrVar","v":"value"}," ತಿಂಗಳುಗಳ ಹಿಂದೆ"],"few":[{"t":"idOrVar","v":"value"}," ತಿಂಗಳುಗಳ ಹಿಂದೆ"],"many":[{"t":"idOrVar","v":"value"}," ತಿಂಗಳುಗಳ ಹಿಂದೆ"],"other":[{"t":"idOrVar","v":"value"}," ತಿಂಗಳುಗಳ ಹಿಂದೆ"]},"$x":[{"t":"idOrVar","v":"plural"},"value"]},{"$i":"years-ago-long","$v":{"zero":"ಈ ವರ್ಷ","one":"ಕಳೆದ ವರ್ಷ","two":[{"t":"idOrVar","v":"Value"}," ವರ್ಷಗಳ ಹಿಂದೆ"],"few":[{"t":"idOrVar","v":"Value"}," ವರ್ಷಗಳ ಹಿಂದೆ"],"many":[{"t":"idOrVar","v":"Value"}," ವರ್ಷಗಳ ಹಿಂದೆ"],"other":[{"t":"idOrVar","v":"Value"}," ವರ್ಷಗಳ ಹಿಂದೆ"]},"$x":[{"t":"idOrVar","v":"plural"},"value"]},{"$i":"minutes-until-long","$v":{"zero":"ಇದೀಗ","one":"ಒಂದು ನಿಮಿಷದಲ್ಲಿ","two":[{"t":"idOrVar","v":"value"}," ನಿಮಿಷಗಳಲ್ಲಿ"],"few":[{"t":"idOrVar","v":"value"}," ನಿಮಿಷಗಳಲ್ಲಿ"],"many":[{"t":"idOrVar","v":"value"}," ನಿಮಿಷಗಳಲ್ಲಿ"],"other":[{"t":"idOrVar","v":"value"}," ನಿಮಿಷಗಳಲ್ಲಿ"]},"$x":[{"t":"idOrVar","v":"plural"},"value"]},{"$i":"hours-until-long","$v":{"zero":"ಇದೀಗ","one":"ಒಂದು ಗಂಟೆಯಲ್ಲಿ","two":[{"t":"idOrVar","v":"value"}," ಗಂಟೆಗಳಲ್ಲಿ"],"few":[{"t":"idOrVar","v":"value"}," ಗಂಟೆಗಳಲ್ಲಿ"],"many":[{"t":"idOrVar","v":"value"}," ಗಂಟೆಗಳಲ್ಲಿ"],"other":[{"t":"idOrVar","v":"value"}," ಗಂಟೆಗಳಲ್ಲಿ"]},"$x":[{"t":"idOrVar","v":"plural"},"value"]},{"$i":"days-until-long","$v":{"zero":"ಇಂದು","one":"ನಾಳೆ","two":[{"t":"idOrVar","v":"value"}," ದಿನಗಳಲ್ಲಿ"],"few":[{"t":"idOrVar","v":"value"}," ದಿನಗಳಲ್ಲಿ"],"many":[{"t":"idOrVar","v":"value"}," ದಿನಗಳಲ್ಲಿ"],"other":[{"t":"idOrVar","v":"value"}," ದಿನಗಳಲ್ಲಿ"]},"$x":[{"t":"idOrVar","v":"plural"},"value"]},{"$i":"weeks-until-long","$v":{"zero":"ಈ ವಾರ","one":"ಮುಂದಿನ ವಾರ","two":[{"t":"idOrVar","v":"value"}," ವಾರಗಳಲ್ಲಿ"],"few":[{"t":"idOrVar","v":"value"}," ವಾರಗಳಲ್ಲಿ"],"many":[{"t":"idOrVar","v":"value"}," ವಾರಗಳಲ್ಲಿ"],"other":[{"t":"idOrVar","v":"value"}," ವಾರಗಳಲ್ಲಿ"]},"$x":[{"t":"idOrVar","v":"plural"},"value"]},{"$i":"months-until-long","$v":{"zero":"ಈ ತಿಂಗಳು","one":"ಮುಂದಿನ ತಿಂಗಳು","two":[{"t":"idOrVar","v":"value"}," ತಿಂಗಳುಗಳಲ್ಲಿ"],"few":[{"t":"idOrVar","v":"value"}," ತಿಂಗಳುಗಳಲ್ಲಿ"],"many":[{"t":"idOrVar","v":"value"}," ತಿಂಗಳುಗಳಲ್ಲಿ"],"other":[{"t":"idOrVar","v":"value"}," ತಿಂಗಳುಗಳಲ್ಲಿ"]},"$x":[{"t":"idOrVar","v":"plural"},"value"]},{"$i":"years-until-long","$v":{"zero":"ಈ ವರ್ಷ","one":"ಮುಂದಿನ ವರ್ಷ","two":[{"t":"idOrVar","v":"value"}," ವರ್ಷಗಳಲ್ಲಿ"],"few":[{"t":"idOrVar","v":"value"}," ವರ್ಷಗಳಲ್ಲಿ"],"many":[{"t":"idOrVar","v":"value"}," ವರ್ಷಗಳಲ್ಲಿ"],"other":[{"t":"idOrVar","v":"value"}," ವರ್ಷಗಳಲ್ಲಿ"]},"$x":[{"t":"idOrVar","v":"plural"},"value"]},{"$i":"minutes-ago-short","$v":{"zero":"ಈಗಷ್ಟೇ","other":[{"t":"idOrVar","v":"value"},"ನಿಮಿಷಗಳ ಹಿಂದೆ"]},"$x":[{"t":"idOrVar","v":"plural"},"value"]},{"$i":"hours-ago-short","$v":{"zero":"ಈಗಷ್ಟೇ","other":[{"t":"idOrVar","v":"value"},"ಗಂಟೆಗಳ ಹಿಂದೆ"]},"$x":[{"t":"idOrVar","v":"plural"},"value"]},{"$i":"days-ago-short","$v":{"zero":"ಇಂದು","other":[{"t":"idOrVar","v":"value"},"ದಿನದ ಹಿಂದೆ"]},"$x":[{"t":"idOrVar","v":"plural"},"value"]},{"$i":"minutes-until-short","$v":{"zero":"ಇದೀಗ","other":[{"t":"idOrVar","v":"value"},"ನಿಮಿಷಗಳಲ್ಲಿ"]},"$x":[{"t":"idOrVar","v":"plural"},"value"]},{"$i":"hours-until-short","$v":{"zero":"ಇದೀಗ","other":[{"t":"idOrVar","v":"value"},"ಗಂಟೆಗಳಲ್ಲಿ"]},"$x":[{"t":"idOrVar","v":"plural"},"value"]},{"$i":"days-until-short","$v":{"zero":"ಇಂದು","other":[{"t":"idOrVar","v":"value"},"ದಿನದಲ್ಲಿ"]},"$x":[{"t":"idOrVar","v":"plural"},"value"]},{"$i":"incorrectDate","$v":"(ತಪ್ಪಾದ ದಿನಾಂಕ)"},{"$i":"dateTimeFormat_%c","$v":"%a %b %e %Y %I:%M:%S %p"},{"$i":"dateTimeFormat_%x","$v":"%m/%d/%Y"},{"$i":"dateTimeFormat_%X","$v":"%I:%M:%S %p"},{"$i":"shortTimeFormat","$v":"%I:%M %p"},{"$i":"shortTimeFormat12","$v":"%I:%M %p"},{"$i":"shortTimeFormat24","$v":"%H:%M"},{"$i":"shortDateTimeFormat","$v":"%x %I:%M %p"},{"$i":"weekStartsOnMonday","$v":"0"},{"$i":"firstDayOfTheWeek","$v":"0"},{"$i":"time_am","$v":"AM"},{"$i":"time_pm","$v":"PM"},{"$i":"sim-with-index-and-carrier","$v":["ಸಿಮ್ ",{"t":"idOrVar","v":"index"}," - ",{"t":"idOrVar","v":"carrier"}]},{"$i":"sim-without-carrier","$v":["ಸಿಮ್",{"t":"idOrVar","v":"index"}]}]