[{"$i":"contacts","$v":"കോൺടാക്റ്റ്"},{"$i":"view","$v":"കാണുക"},{"$i":"no-contacts","$v":"കോൺടാക്റ്റുകളൊന്നുമില്ല"},{"$i":"reading-contacts","$v":"കോൺടാക്റ്റുകൾ ലോഡുചെയ്യുന്നു"},{"$i":"start-adding","$v":"കോൺടാക്റ്റുകൾ ചേർക്കാൻ പുതിയ കോൺടാക്റ്റ് അമർത്തുക."},{"$i":"no-contact-available","$v":"കോൺടാക്ട് ലഭ്യമല്ല"},{"$i":"ok","$v":"ശരി"},{"$i":"no-phone-number-to-dial","$v":"ഡയൽ ചെയ്യാൻ ഫോൺ നമ്പറൊന്നുമില്ല"},{"$i":"video-call","$v":"Video call"},{"$i":"move","$v":"മൂവ്"},{"$i":"copy","$v":"കോപ്പി"},{"$i":"copy-contacts","$v":"കോൺടാക്റ്റുകൾ കോപ്പി ചെയ്യുക"},{"$i":"move-contacts","$v":"കോണ്ടാക്റ്റുകള്‍ മൂവ് ചെയ്യുക"},{"$i":"phone-memory","$v":"ഫോൺ മെമ്മറി"},{"$i":"sim-memory","$v":"സിം മെമ്മറി"},{"$i":"move-from","$v":"നിന്ന് മൂവ് ചെയ്യുക"},{"$i":"to","$v":"സ്വീകര്‍ത്താവ്"},{"$i":"move-contacts-progressing","$v":"കോൺടാക്റ്റ് (കൾ) മൂവ് ചെയ്യുന്നു..."},{"$i":"copy-contacts-progressing","$v":"കോൺടാക്റ്റ് (കൾ) കോപ്പി ചെയ്യുന്നു..."},{"$i":"contact-move-to-sim","$v":[{"t":"idOrVar","v":"migrated"}," കോൺടാക്റ്റ് (കൾ) സിമ്മിലേക്ക് മൂവ് ചെയ്തു"]},{"$i":"contact-copy-to-sim","$v":[{"t":"idOrVar","v":"migrated"}," കോൺടാക്റ്റ് (കൾ) സിമ്മിലേക്ക് കോപ്പി ചെയ്തു"]},{"$i":"contact-move-to-sim0","$v":[{"t":"idOrVar","v":"migrated"}," കോൺടാക്റ്റ് (കൾ) സിം 1 ലേക്ക് മൂവ് ചെയ്തു"]},{"$i":"contact-copy-to-sim0","$v":[{"t":"idOrVar","v":"migrated"}," കോൺടാക്റ്റ് (കൾ) സിം 1 ലേക്ക് കോപ്പി ചെയ്തു"]},{"$i":"contact-move-to-sim1","$v":[{"t":"idOrVar","v":"migrated"}," കോൺടാക്റ്റ് (കൾ) സിം 2 ലേക്ക് മൂവ് ചെയ്തു"]},{"$i":"contact-copy-to-sim1","$v":[{"t":"idOrVar","v":"migrated"}," കോൺടാക്റ്റ് (കൾ) സിം 2 ലേക്ക് കോപ്പി ചെയ്തു"]},{"$i":"contact-move-to-device","$v":[{"t":"idOrVar","v":"migrated"}," കോൺടാക്റ്റ് (കൾ) ഡിവൈസിലേക്ക് മൂവ് ചെയ്തു"]},{"$i":"contact-copy-to-device","$v":[{"t":"idOrVar","v":"migrated"}," കോൺടാക്റ്റ് (കൾ) ഡിവൈസിലേക്ക് കോപ്പി ചെയ്തു"]},{"$i":"copy-contact-failed","$v":"കോൺടാക്റ്റ് കോപ്പി ചെയ്യുന്നതില്‍ പരാജയപ്പെട്ടു"},{"$i":"move-contact-failed","$v":"കോൺടാക്റ്റ് കോപ്പി ചെയ്യുന്നതില്‍ പരാജയപ്പെട്ടു"},{"$i":"contact-copy-error-sim-full","$v":"സിം കാർഡ് നിറഞ്ഞു കഴിഞ്ഞതിനാല്‍ കോൺടാക്റ്റുകൾ കോപ്പി ചെയ്യുന്നത് പൂര്‍ത്തിയാക്കാന്‍ കഴിഞ്ഞില്ല"},{"$i":"contact-copy-error-unknown","$v":"അജ്ഞാത പിശക് കാരണം കോൺടാക്റ്റുകൾ കോൺടാക്റ്റുകൾ കോപ്പി ചെയ്യുന്നത് പൂര്‍ത്തിയാക്കാന്‍ കഴിഞ്ഞില്ല"},{"$i":"contact-move-error-sim-full","$v":"സിം കാർഡ് നിറഞ്ഞിരിക്കുന്നതിനാൽ കോണ്ടാക്റ്റുകള്‍ മൂവ് ചെയ്യുന്നത് പൂർത്തിയാക്കാന്‍ കഴിഞ്ഞില്ല."},{"$i":"contact-move-error-unknown","$v":"അജ്ഞാത പിശക് കാരണം കോൺടാക്റ്റുകൾ മൂവ് ചെയ്യുന്നത് പൂര്‍ത്തിയാക്കാന്‍ കഴിഞ്ഞില്ല"},{"$i":"memory","$v":"മെമ്മറി"},{"$i":"phone-and-sim","$v":"ഫോണും സിമ്മും"},{"$i":"phone","$v":"ഫോണ്‍"},{"$i":"sim","$v":"സിം"},{"$i":"reloading-contact","$v":"കോൺടാക്റ്റുകൾ റീലോഡുചെയ്യുന്നു .."},{"$i":"contact-reloaded","$v":"കോൺടാക്റ്റുകൾ വീണ്ടും ലോഡുചെയ്തു"},{"$i":"message","$v":"സന്ദേശം"},{"$i":"find-duplicate-contacts","$v":"ഡ്യൂപ്ലിക്കേറ്റ് കോൺടാക്റ്റുകൾ കണ്ടെത്തുക"},{"$i":"no-duplicate-contact-found","$v":"ഡ്യൂപ്ലിക്കേറ്റ് കോൺടാക്റ്റുകളൊന്നും കണ്ടെത്തിയില്ല"},{"$i":"change-saved","$v":"മാറ്റം സേവ് ചെയ്തു"},{"$i":"contact-updated","$v":"കോൺടാക്റ്റ് അപ്ഡേറ്റുചെയ്തു"},{"$i":"already-ice-contact","$v":"ഈ കോൺടാക്ട് ഇതിനകം ഒരു ICE കോൺടാക്റ്റ് ആണ്"},{"$i":"callAirplaneModeTitle","$v":"എയര്‍പ്ലൈന്‍ മോഡ്  സജീവമാക്കി"},{"$i":"callAirplaneModeMessage","$v":"കോൾ ചെയ്യുന്നതിന് നിങ്ങൾ സെറ്റിംഗ്സില്‍  എയര്‍പ്ലൈന്‍ മോഡ്  പ്രവർത്തനരഹിതമാക്കേണ്ടതുണ്ട്."},{"$i":"emergencyDialogTitle","$v":"നെറ്റ്‌വർക്ക് കണക്ഷന്‍ ഇല്ല"},{"$i":"emergencyDialogBodyBadNumber","$v":"ഫോൺ വിളിക്കുന്നതിന്, ഫോൺ ഒരു നെറ്റ്‌വർക്കിലേക്ക് കണക്റ്റുചെയ്തിരിക്കണം."},{"$i":"emergencyDialogBodyDeviceNotAccepted","$v":"നെറ്റ്‌വർക്ക് വഴി  അടിയന്തിര കോളുകൾ അനുവദിക്കുന്നില്ല."},{"$i":"invalidNumberToDialTitle","$v":"ഫോൺ നമ്പർ അസാധുവാണ്"},{"$i":"invalidNumberToDialMessage","$v":"നിങ്ങൾ വിളിക്കുന്ന ഫോൺ നമ്പർ സാധുതയുള്ളതല്ല."},{"$i":"emergency-call-only","$v":"അടിയന്തര കോൾ മാത്രം"},{"$i":"emergency-call-error","$v":[{"t":"idOrVar","v":"number"}," ഒരു അടിയന്തിര നമ്പർ അല്ല."]},{"$i":"numberIsBusyTitle","$v":"നമ്പർ തിരക്കിലാണ്"},{"$i":"numberIsBusyMessage","$v":"നമ്പർ ഇപ്പോൾ തിരക്കിലാണ്. ദയവായി പിന്നീട് വീണ്ടും ശ്രമിക്കുക."},{"$i":"fdnIsActiveTitle","$v":"FDN സജീവമാണ്"},{"$i":"fdnIsActiveMessage","$v":["FDN (സ്ഥിര ഡയലിംഗ് നമ്പറുകൾ) സജീവമാക്കി, നിങ്ങളുടെ FDN ലിസ്റ്റിൽ ഇനിപ്പറയുന്ന നമ്പർ ഇല്ല: ",{"t":"idOrVar","v":"number"}]},{"$i":"otherConnectionInUseTitle","$v":"മറ്റ് കണക്ഷൻ ഉപയോഗത്തിലാണ്"},{"$i":"otherConnectionInUseMessage","$v":"മറ്റൊരു കണക്ഷനിൽ നിങ്ങൾക്ക് സജീവമായ ഒരു കോൾ ഉണ്ട്. നിങ്ങൾക്ക് ഒരു സമയത്ത് ഒരു കണക്ഷൻ മാത്രമേ ഉപയോഗിക്കാൻ കഴിയൂ."},{"$i":"GenericFailure","$v":"പൊതുവായ പരാജയം"},{"$i":"scCallBarring","$v":"കോൾ തടയൽ"},{"$i":"scCallForwarding","$v":"കോൾ ഫോർവാർഡുചെയ്യൽ"},{"$i":"scClip","$v":"ഇൻകമിംഗ് കോളർ ID"},{"$i":"scClir","$v":"ഔട്ട്ഗോയിംഗ് കോളർ ID"},{"$i":"scPwd","$v":"പാസ്‌വേഡ് മാറ്റം"},{"$i":"scCallWaiting","$v":"കോള്‍ വെയ്റ്റിംഗ്"},{"$i":"scPin","$v":"പിൻ മാറ്റം"},{"$i":"scPin2","$v":"പിന്‍2 മാറ്റം"},{"$i":"scPuk","$v":"പിന്‍ അൺബ്ലോക്കുചെയ്യുക"},{"$i":"scPuk2","$v":"പിന്‍2 അൺബ്ലോക്കുചെയ്യുക"},{"$i":"scImei","$v":"IMEI"},{"$i":"scMeid","$v":"MEID"},{"$i":"scUssd","$v":"USSD"},{"$i":"set-speed-dial","$v":"സ്പീഡ് ഡയൽ കോൺടാക്റ്റുകൾ സെറ്റ് ചെയ്യുക"},{"$i":"empty","$v":"ശൂന്യം"},{"$i":"voicemail","$v":"വോയ്സ്മെയില്‍"},{"$i":"speed-dial","$v":"സ്പീഡ് ഡയൽ"},{"$i":"add","$v":"ചേര്‍ക്കുക"},{"$i":"replace","$v":"മാറ്റുക"},{"$i":"remove-from-speed-dial","$v":"സ്പീഡ് ഡയലിൽ നിന്ന് നീക്കംചെയ്യുക"},{"$i":"custom-dialog-replace-speed-dial","$v":[{"t":"idOrVar","v":"oldSpeedDial"}," എന്ന സ്പീഡ്  ഡയലിന് പകരം ",{"t":"idOrVar","v":"newSpeedDial"}," ഉപയോഗിക്കണമെന്ന് തീർച്ചയാണോ?"]},{"$i":"custom-dialog-remove-speed-dial","$v":["സ്പീഡ് ഡയലിൽ നിന്ന് ",{"t":"idOrVar","v":"name"}," നീക്കംചെയ്യണമെന്ന് തീർച്ചയാണോ?"]},{"$i":"voice-mail","$v":"വോയ്സ് മെയിൽ"},{"$i":"voice-mail-number","$v":"വോയ്സ് മെയിൽ നമ്പർ"},{"$i":"voice-mail-number-updated","$v":"വോയ്സ് മെയിൽ നമ്പർ അപ്ഡേറ്റുചെയ്തു"},{"$i":"found-duplicates-message","$v":"ഇനിപ്പറയുന്ന കോൺടാക്റ്റുകളിൽ ഡ്യൂപ്ലിക്കേറ്റ് വിവരം കണ്ടെത്തി. നിങ്ങൾക്ക് ലയിപ്പിക്കാൻ താൽപ്പര്യമുണ്ടോ?"},{"$i":"confirm-to-merge-contacts","$v":[{"t":"idOrVar","v":"name"}," നോട്‌ കൂടെ   ",{"t":"idOrVar","v":"n"}," കോൺടാക്റ്റ്(കൾ) ലയിപ്പിക്കണമെന്ന് തീർച്ചയാണോ"]},{"$i":"merge","$v":"ലയിപ്പിക്കുക"},{"$i":"contact-merged","$v":"കോൺടാക്റ്റ് ലയിപ്പിച്ചു"},{"$i":"add-favorite","$v":"പ്രിയപ്പെട്ടതായി ചേർക്കുക"},{"$i":"remove-favorite","$v":"പ്രിയ്യപ്പെട്ടവയല്ലാതാക്കുക"},{"$i":"favorite-contacts","$v":"പ്രിയപ്പെട്ട കോൺടാക്റ്റുകൾ"},{"$i":"sort-contacts","$v":"കോൺടാക്റ്റുകൾ അടുക്കുക"},{"$i":"sort-by-first-name","$v":"പേരിന്‍റെ ആദ്യഭാഗം അനുസരിച്ച് അടുക്കുക"},{"$i":"sort-by-last-name","$v":"പേരിന്‍റെ അവസാന ഭാഗം അനുസരിച്ച് അടുക്കുക"},{"$i":"no-support-open-multi-vcard","$v":"ഒന്നിലധികം കോൺടാക്റ്റുകൾ ഉള്ള  വികാര്‍ഡ്‌  തുറക്കാൻ കഴിയില്ല"},{"$i":"sdcard","$v":"മെമ്മറി കാർഡ്"},{"$i":"simcard","$v":"സിം കാർഡ്"},{"$i":"import-contacts","$v":"കോൺടാക്റ്റുകൾ ഇമ്പോർട്ടുചെയ്യുക"},{"$i":"simContacts-error","$v":"സിമ്മില്‍ നിന്ന് കോൺടാക്റ്റുകൾ ഇമ്പോർട്ടുചെയ്യാൻ കഴിഞ്ഞില്ല."},{"$i":"memoryCardContacts-error","$v":"മെമ്മറി കാർഡിൽ നിന്ന് കോൺടാക്റ്റുകൾ ഇമ്പോർട്ടുചെയ്യാൻ കഴിഞ്ഞില്ല."},{"$i":"simContacts-reading","$v":"സിം കാർഡിൽ നിന്ന് കോൺടാക്റ്റുകൾ വായിക്കുന്നു..."},{"$i":"memoryCardContacts-reading","$v":"മെമ്മറി കാർഡിൽ നിന്ന് കോൺടാക്റ്റുകൾ വായിക്കുന്നു..."},{"$i":"importContactsTitle","$v":"കോൺടാക്റ്റുകൾ ഇമ്പോർട്ടുചെയ്യുക"},{"$i":"retry","$v":"വീണ്ടും ശ്രമിക്കുക"},{"$i":"noSimMsg","$v":"കോൺടാക്റ്റുകൾ ഇമ്പോർട്ടുചെയ്യാൻ നിങ്ങളുടെ സിം കാർഡ് ചേർക്കുക അല്ലെങ്കിൽ അൺലോക്കുചെയ്യുക."},{"$i":"noSdcardMsg","$v":"കോൺടാക്റ്റുകൾ ഇമ്പോര്‍ട്ട് ചെയ്യാന്‍ മെമ്മറി കാർഡ് ഇന്‍സേര്‍ട്ട് ചെയ്യുക"},{"$i":"not-imported","$v":"ഇമ്പോർട്ടുചെയ്തിട്ടില്ല"},{"$i":"imported","$v":"ഇമ്പോർട്ടുചെയ്തു"},{"$i":"importing","$v":"ഇമ്പോര്‍ട്ട് ചെയ്യുന്നു"},{"$i":"contact-imported","$v":["ഇമ്പോർട്ടുചെയ്ത ",{"t":"idOrVar","v":"imported"}," കോൺടാക്റ്റുകൾ. ",{"t":"idOrVar","v":"Dupes"}," കോൺടാക്റ്റുകൾ ലയിപ്പിച്ചു."]},{"$i":"contact-imported2","$v":["Imported ",{"t":"idOrVar","v":"imported"}," contacts."]},{"$i":"reading-contacts-from-sim","$v":"സിം കാർഡിൽ നിന്നുള്ള കോൺടാക്റ്റുകൾ വായിക്കുന്നു .."},{"$i":"reading-contacts-from-gmail","$v":"ജിമെയിലിൽ നിന്ന് കോൺടാക്റ്റുകൾ വായിക്കുന്നു.."},{"$i":"reading-contacts-from-live","$v":"ഔട്ട്‌ലുക്കിൽ നിന്ന് കോൺടാക്റ്റുകൾ വായിക്കുന്നു.."},{"$i":"reading-contacts-from-sd","$v":"മെമ്മറി കാർഡില്‍ നിന്നുള്ള കോൺടാക്റ്റുകൾ വായിക്കുന്നു .."},{"$i":"reading-contacts-from-vcard","$v":"ഫയലിൽ നിന്നുള്ള കോൺടാക്റ്റുകൾ വായിക്കുന്നു .."},{"$i":"importing-contacts-from-sim","$v":"സിം കാർഡിൽ നിന്ന് കോൺടാക്റ്റുകൾ ഇമ്പോർട്ടുചെയ്യുന്നു.."},{"$i":"importing-contacts-from-gmail","$v":"ജിമെയിലിൽ നിന്ന് കോൺടാക്റ്റുകൾ ഇമ്പോർട്ടുചെയ്യുന്നു.."},{"$i":"importing-contacts-from-live","$v":"ഔട്ട്‌ലുക്കിൽ നിന്ന് കോൺടാക്റ്റുകൾ ഇമ്പോർട്ടുചെയ്യുന്നു.."},{"$i":"importing-contacts-from-sd","$v":"മെമ്മറി കാർഡിൽ നിന്ന് കോൺടാക്റ്റുകൾ ഇമ്പോർട്ടുചെയ്യുന്നു.."},{"$i":"importing-contacts-from-vcard","$v":"ഫയലിൽ നിന്ന് കോൺടാക്റ്റുകൾ ഇമ്പോർട്ടുചെയ്യുന്നു .."},{"$i":"connect-network-to-import","$v":"കോൺടാക്റ്റുകൾ ഇമ്പോർട്ടുചെയ്യാൻ,  Wi-Fi  അല്ലെങ്കിൽ ഡാറ്റാ നെറ്റ്‌വർക്കിൽ കണക്റ്റുചെയ്യുക"},{"$i":"bluetooth","$v":"Bluetooth"},{"$i":"export","$v":"എക്സ്പോർട്ടുചെയ്യുക"},{"$i":"export-contacts","$v":"കോൺടാക്റ്റുകൾ എക്സ്പോർട്ടുചെയ്യുക"},{"$i":"simExport-title","$v":"സിമ്മിലേക്ക് എക്സ്പോർട്ടുചെയ്യുക"},{"$i":"memoryCardExport-title","$v":"മെമ്മറി കാർഡിലേക്ക് എക്സ്പോർട്ടുചെയ്യുക"},{"$i":"btExport-title","$v":"ബ്ലുടൂത്തിലേക്ക് എക്സ്പോർട്ടുചെയ്യുക"},{"$i":"noSimMsgExport","$v":"കോൺടാക്റ്റുകൾ എക്സ്പോർട്ട് ചെയ്യാൻ നിങ്ങളുടെ സിം കാർഡ് ചേർക്കുക അല്ലെങ്കിൽ അൺലോക്കുചെയ്യുക."},{"$i":"noSdcardExport","$v":"To export contacts insert a memory card."},{"$i":"bluetoothNoConnection","$v":"കോൺടാക്റ്റുകൾ എക്സ്പോർട്ട് ചെയ്യാൻ ബ്ലുടൂത്ത് ഉപകരണം കണക്ട് ചെയ്യുക."},{"$i":"contact-exported","$v":["എക്സ്പോര്‍ട്ട് ചെയ്ത  ",{"t":"idOrVar","v":"exported"}," കോൺടാക്റ്റുകൾ."]},{"$i":"export-contact-failed","$v":"എക്സ്പോർട്ട് കോൺടാക്റ്റ് പരാജയപ്പെട്ടു"},{"$i":"contact-export-error-sim-full","$v":"സിം കാർഡ് നിറഞ്ഞിരിക്കുന്നതിനാൽ കോൺടാക്റ്റുകൾ എക്സ്പോര്‍ട്ട്‌ ചെയ്യുന്നത് പൂർത്തിയായില്ല."},{"$i":"contact-export-error-unknown","$v":"അജ്ഞാത പിശക് കാരണം കോൺടാക്റ്റുകൾ എക്സ്പോര്‍ട്ട്‌ ചെയ്യുന്നത് പൂര്‍ത്തിയായില്ല."},{"$i":"contact-export-canceled","$v":"Exporting process is canceled."},{"$i":"save","$v":"സേവ് ചെയ്യുക"},{"$i":"back","$v":"മടങ്ങുക"},{"$i":"givenName","$v":"പേരിന്‍റെ ആദ്യഭാഗം"},{"$i":"familyName","$v":"പേരിന്‍റെ അവസാനഭാഗം"},{"$i":"name","$v":"പേര്"},{"$i":"org","$v":"കമ്പനി"},{"$i":"ringtone","$v":"റിംഗ്ടോൺ"},{"$i":"note","$v":"നോട്ട്"},{"$i":"email","$v":"ഇമെയിൽ"},{"$i":"adr","$v":"വിലാസം"},{"$i":"custom","$v":"ഇഷ്‌ടാനുസൃതം"},{"$i":"confirm-discard-contact-data","$v":"കോൺടാക്റ്റ് വിവരങ്ങൾ തള്ളിക്കളയപ്പെടും. ഈ കോൺടാക്റ്റ് സേവ് ചെയ്യാന്‍  ആഗ്രഹിക്കുന്നുണ്ടോ?"},{"$i":"discard","$v":"നിരസിക്കുക"},{"$i":"add-others","$v":"മറ്റുള്ളവ ചേർക്കുക"},{"$i":"custom-type","$v":"ഇഷ്ടാനുസൃത തരം"},{"$i":"input-the-custom-type","$v":"ദയവായി  ഇഷ്ടാനുസൃത തരം ഇൻപുട്ട് ചെയ്യുക"},{"$i":"contact-saved","$v":"കോൺടാക്റ്റ് സേവ് ചെയ്തു"},{"$i":"are-you-sure-to-delete-field","$v":["നിങ്ങള്‍ക്ക് ഉറപ്പായും ",{"t":"idOrVar","v":"field"}," നീക്കം ചെയ്യണോ?"]},{"$i":"personal","$v":"വ്യക്തിഗതം"},{"$i":"mobile","$v":"മൊബൈൽ"},{"$i":"current","$v":"നിലവിൽ"},{"$i":"home","$v":"ഹോം"},{"$i":"work","$v":"വര്‍ക്ക്"},{"$i":"other","$v":"മറ്റുള്ളവ"},{"$i":"fax-home","$v":"Fax ഹോം"},{"$i":"fax-office","$v":"Fax ഓഫീസ്"},{"$i":"fax-other","$v":"Fax അദര്‍"},{"$i":"add-tel","$v":"ഫോൺ നമ്പർ ചേർക്കുക"},{"$i":"add-email","$v":"ഇമെയിൽ ചേർക്കുക"},{"$i":"add-ringtone","$v":"റിംഗ്ടോൺ ചേർക്കുക"},{"$i":"add-adr","$v":"വിലാസം ചേർക്കുക"},{"$i":"add-bday","$v":"ജന്മദിനം ചേർക്കുക"},{"$i":"add-photo","$v":"ചിത്രം ചേർക്കുക"},{"$i":"add-note","$v":"നോട്ട്  ചേര്‍ക്കുക"},{"$i":"add-org","$v":"കമ്പനി ചേർക്കുക"},{"$i":"delete-tel","$v":"ഫോൺ നമ്പർ ഇല്ലാതാക്കുക"},{"$i":"delete-email","$v":"ഇമെയിൽ ഇല്ലാതാക്കുക"},{"$i":"delete-ringtone","$v":"റിംഗ്ടോൺ ഇല്ലാതാക്കുക"},{"$i":"delete-adr","$v":"വിലാസം ഇല്ലാതാക്കുക"},{"$i":"delete-bday","$v":"ജന്മദിനം ഇല്ലാതാക്കുക"},{"$i":"delete-photo","$v":"ചിത്രം നീക്കംചെയ്യുക"},{"$i":"delete-note","$v":"നോട്ട്  ഇല്ലാതാക്കുക"},{"$i":"delete-org","$v":"കമ്പനി ഇല്ലാതാക്കുക"},{"$i":"edit-tel-type","$v":"ഫോൺ തരം തിരുത്തുക"},{"$i":"edit-email-type","$v":"ഇമെയിൽ തരം തിരുത്തുക"},{"$i":"edit-adr-type","$v":"വിലാസ തരം തിരുത്തുക"},{"$i":"edit-bday-type","$v":"ജന്മദിനം തിരുത്തുക"},{"$i":"replace-photo","$v":"ഫോട്ടോ മാറ്റുക"},{"$i":"replace-ringtone","$v":"റിംഗ്ടോൺ മാറ്റുക"},{"$i":"mobile-tel","$v":"മൊബൈൽ ഫോൺ"},{"$i":"home-tel","$v":"വീട്ടിലെ ഫോണ്‍"},{"$i":"work-tel","$v":"വര്‍ക്ക് ഫോൺ"},{"$i":"personal-tel","$v":"വ്യക്തിഗത ഫോൺ"},{"$i":"fax-home-tel","$v":"ഹോം Fax"},{"$i":"fax-office-tel","$v":"ഓഫീസ് Fax"},{"$i":"fax-other-tel","$v":"മറ്റുള്ള Fax"},{"$i":"other-tel","$v":"മറ്റ് ഫോൺ"},{"$i":"personal-email","$v":"വ്യക്തിഗത ഇ-മെയിൽ"},{"$i":"work-email","$v":"വര്‍ക്ക് ഇ-മെയിൽ"},{"$i":"other-email","$v":"മറ്റ് ഇ-മെയിൽ"},{"$i":"custom-email","$v":[{"t":"idOrVar","v":"type"}," ഇ-മെയിൽ"]},{"$i":"custom-tel","$v":[{"t":"idOrVar","v":"type"}," ഫോണ്‍"]},{"$i":"personal-adr","$v":"സ്വകാര്യ വിലാസം"},{"$i":"current-adr","$v":"നിലവിലെ വിലാസം"},{"$i":"home-adr","$v":"വീട്ടുവിലാസം"},{"$i":"work-adr","$v":"വര്‍ക്ക് വിലാസം"},{"$i":"custom-adr","$v":[{"t":"idOrVar","v":"type"}," വിലാസം"]},{"$i":"bday","$v":"ജന്മദിനം"},{"$i":"birthday","$v":"ജന്മദിനം"},{"$i":"streetAddress","$v":"തെരുവ്"},{"$i":"locality","$v":"നഗരം"},{"$i":"postalCode","$v":"പിൻ കോഡ്"},{"$i":"countryName","$v":"രാജ്യം"},{"$i":"region","$v":"നില"},{"$i":"no-name","$v":"പേരില്ല"},{"$i":"new-contact","$v":"പുതിയ കോൺടാക്റ്റ്"},{"$i":"options","$v":"ഓപ്ഷന്‍"},{"$i":"cancel","$v":"റദ്ദാക്കുക"},{"$i":"settings","$v":"സെറ്റിംഗ്സ്"},{"$i":"edit","$v":"തിരുത്തുക"},{"$i":"share","$v":"പങ്കിടുക"},{"$i":"remove","$v":"നീക്കംചെയ്യുക"},{"$i":"music","$v":"സംഗീതം"},{"$i":"ICEContactsGroup","$v":"ICE കോൺടാക്റ്റ്"},{"$i":"setICEButton","$v":"ICE കോൺടാക്റ്റുകൾ സെറ്റ് ചെയ്യുക"},{"$i":"ICESettingTitle","$v":"ICE കോൺടാക്റ്റ്"},{"$i":"ICEDescription","$v":"അടിയന്തിരമായി കോളുകൾ ചെയ്യുന്നതിനായി അഞ്ച് കോൺടാക്റ്റുകൾ ചേർക്കുക."},{"$i":"ICEContact","$v":["ICE കോൺടാക്റ്റ് ",{"t":"idOrVar","v":"n"}]},{"$i":"ICESelectContact","$v":"ഒരു കോൺടാക്റ്റ് തിരഞ്ഞെടുക്കുക"},{"$i":"delete-ice-contact-warning","$v":"ICE കോൺടാക്റ്റ് നീക്കംചെയ്യണമെന്ന് നിങ്ങള്‍ക്ക്  തീർച്ചയാണോ?"},{"$i":"confirm","$v":"സ്ഥിരീകരണം"},{"$i":"send-message","$v":"സന്ദേശം അയക്കുക"},{"$i":"call","$v":"വിളിക്കുക"},{"$i":"send-email","$v":"ഇമെയിൽ അയക്കുക"},{"$i":"choose-number","$v":"ഒരു നമ്പർ തിരഞ്ഞെടുക്കുക"},{"$i":"choose-email-adress","$v":"ഒരു ഇമെയിൽ അഡ്രസ്‌  തിരഞ്ഞെടുക്കുക"},{"$i":"delete","$v":"ഇല്ലാതാക്കുക"},{"$i":"select","$v":"തിരഞ്ഞെടുക്കുക"},{"$i":"select-all","$v":"എല്ലാം തിരഞ്ഞെടുക്കുക"},{"$i":"deselect-all","$v":"തിരഞ്ഞെടുത്തത് എല്ലാം മാറ്റുക"},{"$i":"deselect","$v":"തിരഞ്ഞെടുത്തത് മാറ്റുക"},{"$i":"selected-contacts","$v":{"zero":"ഒന്നും തിരഞ്ഞെടുത്തില്ല","one":[{"t":"idOrVar","v":"n"}," തിരഞ്ഞെടുത്തു"],"two":[{"t":"idOrVar","v":"n"}," തിരഞ്ഞെടുത്തു"],"few":[{"t":"idOrVar","v":"n"}," തിരഞ്ഞെടുത്തു"],"many":[{"t":"idOrVar","v":"n"}," തിരഞ്ഞെടുത്തു"],"other":[{"t":"idOrVar","v":"n"}," തിരഞ്ഞെടുത്തു"]},"$x":[{"t":"idOrVar","v":"plural"},"n"]},{"$i":"massive-delete","$v":"കോണ്‍ടാക്റ്റുകള്‍ ഇല്ലാതാക്കുക"},{"$i":"confirm-contact-delete","$v":[{"t":"idOrVar","v":"name"}," എന്ന കോൺടാക്റ്റ് നീക്കംചെയ്യണമെന്ന് തീർച്ചയാണോ"]},{"$i":"DeletedTxt","$v":{"zero":"ഇല്ലാതാക്കാൻ കോൺടാക്റ്റുകളൊന്നുമില്ല","one":"1 കോൺടാക്റ്റ് നീക്കംചെയ്തു","two":[{"t":"idOrVar","v":"n"}," കോൺടാക്റ്റുകൾ നീക്കംചെയ്തു"],"few":[{"t":"idOrVar","v":"n"}," കോൺടാക്റ്റുകൾ നീക്കംചെയ്തു"],"many":[{"t":"idOrVar","v":"n"}," കോൺടാക്റ്റുകൾ നീക്കംചെയ്തു"],"other":[{"t":"idOrVar","v":"n"}," കോൺടാക്റ്റുകൾ നീക്കംചെയ്തു"]},"$x":[{"t":"idOrVar","v":"plural"},"n"]},{"$i":"DeletingContacts","$v":"കോൺടാക്റ്റുകൾ ഇല്ലാതാക്കുന്നു"},{"$i":"ContactConfirmDel","$v":{"zero":"ഇല്ലാതാക്കാൻ കോൺടാക്റ്റുകളൊന്നുമില്ല","one":"1 കോൺടാക്റ്റ് ഇല്ലാതാക്കണോ? ഇത് വീണ്ടെടുക്കാനാവില്ല.","two":[{"t":"idOrVar","v":"n"}," കോൺടാക്റ്റുകൾ ഇല്ലാതാക്കണോ? ഇത് വീണ്ടെടുക്കാനാവില്ല."],"few":[{"t":"idOrVar","v":"n"}," കോൺടാക്റ്റുകൾ ഇല്ലാതാക്കണോ? ഇത് വീണ്ടെടുക്കാനാവില്ല."],"many":[{"t":"idOrVar","v":"n"}," കോൺടാക്റ്റുകൾ ഇല്ലാതാക്കണോ? ഇത് വീണ്ടെടുക്കാനാവില്ല."],"other":[{"t":"idOrVar","v":"n"}," കോൺടാക്റ്റുകൾ ഇല്ലാതാക്കണോ? ഇത് വീണ്ടെടുക്കാനാവില്ല."]},"$x":[{"t":"idOrVar","v":"plural"},"n"]},{"$i":"contact-deleted","$v":[{"t":"idOrVar","v":"n"}," കോൺടാക്റ്റുകൾ നീക്കംചെയ്തു"]},{"$i":"change-will-update-until-restart","$v":"അടുത്ത തവണ കോൺടാക്റ്റുകൾ ലോഞ്ചുചെയ്യുമ്പോള്‍ മാറ്റങ്ങൾ അപ്ഡേറ്റുചെയ്യപ്പെടും ."},{"$i":"transfer-contacts","$v":"കോൺടാക്റ്റുകൾ കൈമാറുക"},{"$i":"contacts-management","$v":"കോൺടാക്റ്റ് മാനേജ്‌മെന്റ്"},{"$i":"no-contacts-found","$v":"കോൺടാക്റ്റുകളൊന്നും കണ്ടെത്തിയില്ല"},{"$i":"weekday-0-long","$v":"ഞായറാഴ്ച"},{"$i":"weekday-1-long","$v":"തിങ്കളാഴ്ച"},{"$i":"weekday-2-long","$v":"ചൊവ്വാഴ്ച"},{"$i":"weekday-3-long","$v":"ബുധനാഴ്ച"},{"$i":"weekday-4-long","$v":"വ്യാഴാഴ്ച"},{"$i":"weekday-5-long","$v":"വെള്ളിയാഴ്ച"},{"$i":"weekday-6-long","$v":"ശനിയാഴ്ച"},{"$i":"weekday-0-short","$v":"ഞായർ"},{"$i":"weekday-1-short","$v":"തിങ്കൾ"},{"$i":"weekday-2-short","$v":"ചൊവ്വ"},{"$i":"weekday-3-short","$v":"ബുധൻ"},{"$i":"weekday-4-short","$v":"വ്യാഴം"},{"$i":"weekday-5-short","$v":"വെള്ളി"},{"$i":"weekday-6-short","$v":"ശനി"},{"$i":"month-0-long","$v":"ജനുവരി"},{"$i":"month-1-long","$v":"ഫെബ്രുവരി"},{"$i":"month-2-long","$v":"മാർച്ച്"},{"$i":"month-3-long","$v":"ഏപ്രിൽ"},{"$i":"month-4-long","$v":"മെയ്"},{"$i":"month-5-long","$v":"ജൂൺ"},{"$i":"month-6-long","$v":"ജൂലൈ"},{"$i":"month-7-long","$v":"ആഗസ്റ്റ്"},{"$i":"month-8-long","$v":"സെപ്റ്റംബർ"},{"$i":"month-9-long","$v":"ഒക്ടോബർ"},{"$i":"month-10-long","$v":"നവംബർ"},{"$i":"month-11-long","$v":"ഡിസംബർ"},{"$i":"month-0-genitive","$v":"ജനുവരി"},{"$i":"month-1-genitive","$v":"ഫെബ്രുവരി"},{"$i":"month-2-genitive","$v":"മാർച്ച്"},{"$i":"month-3-genitive","$v":"ഏപ്രിൽ"},{"$i":"month-4-genitive","$v":"മെയ്"},{"$i":"month-5-genitive","$v":"ജൂൺ"},{"$i":"month-6-genitive","$v":"ജൂലൈ"},{"$i":"month-7-genitive","$v":"ആഗസ്റ്റ്"},{"$i":"month-8-genitive","$v":"സെപ്റ്റംബർ"},{"$i":"month-9-genitive","$v":"ഒക്ടോബർ"},{"$i":"month-10-genitive","$v":"നവംബർ"},{"$i":"month-11-genitive","$v":"ഡിസംബർ"},{"$i":"month-0-short","$v":"ജനുവരി"},{"$i":"month-1-short","$v":"ഫെബ്രുവരി"},{"$i":"month-2-short","$v":"മാർച്ച്"},{"$i":"month-3-short","$v":"ഏപ്രിൽ"},{"$i":"month-4-short","$v":"മെയ്"},{"$i":"month-5-short","$v":"ജൂൺ"},{"$i":"month-6-short","$v":"ജൂലൈ"},{"$i":"month-7-short","$v":"ആഗസ്റ്റ്"},{"$i":"month-8-short","$v":"സെപ്റ്റംബർ"},{"$i":"month-9-short","$v":"ഒക്ടോബർ"},{"$i":"month-10-short","$v":"നവംബർ"},{"$i":"month-11-short","$v":"ഡിസംബർ"},{"$i":"minutes-ago-long","$v":{"zero":"ഇപ്പോൾ തന്നെ","one":"ഒരു മിനിറ്റ് മുമ്പ്","two":[{"t":"idOrVar","v":"value"}," മിനിറ്റുകൾക്ക് മുമ്പ്"],"few":[{"t":"idOrVar","v":"value"}," മിനിറ്റുകൾക്ക് മുമ്പ്"],"many":[{"t":"idOrVar","v":"value"}," മിനിറ്റുകൾക്ക് മുമ്പ്"],"other":[{"t":"idOrVar","v":"value"}," മിനിറ്റുകൾക്ക് മുമ്പ്"]},"$x":[{"t":"idOrVar","v":"plural"},"value"]},{"$i":"hours-ago-long","$v":{"zero":"ഇപ്പോൾ തന്നെ","one":"ഒരു മണിക്കൂർ മുമ്പ്","two":[{"t":"idOrVar","v":"value"}," മണിക്കൂറുകൾക്ക് മുമ്പ്"],"few":[{"t":"idOrVar","v":"value"}," മണിക്കൂറുകൾക്ക് മുമ്പ്"],"many":[{"t":"idOrVar","v":"value"}," മണിക്കൂറുകൾക്ക് മുമ്പ്"],"other":[{"t":"idOrVar","v":"value"}," മണിക്കൂറുകൾക്ക് മുമ്പ്"]},"$x":[{"t":"idOrVar","v":"plural"},"value"]},{"$i":"days-ago-long","$v":{"zero":"ഇന്ന്","one":"ഇന്നലെ","two":[{"t":"idOrVar","v":"value"}," ദിവസങ്ങൾക്ക് മുമ്പ്"],"few":[{"t":"idOrVar","v":"value"}," ദിവസങ്ങൾക്ക് മുമ്പ്"],"many":[{"t":"idOrVar","v":"value"}," ദിവസങ്ങൾക്ക് മുമ്പ്"],"other":[{"t":"idOrVar","v":"value"}," ദിവസങ്ങൾക്ക് മുമ്പ്"]},"$x":[{"t":"idOrVar","v":"plural"},"value"]},{"$i":"weeks-ago-long","$v":{"zero":"ഈ ആഴ്ച","one":"കഴിഞ്ഞ ആഴ്ച","two":[{"t":"idOrVar","v":"value"}," ആഴ്ചകൾക്ക് മുമ്പ്"],"few":[{"t":"idOrVar","v":"value"}," ആഴ്ചകൾക്ക് മുമ്പ്"],"many":[{"t":"idOrVar","v":"value"}," ആഴ്ചകൾക്ക് മുമ്പ്"],"other":[{"t":"idOrVar","v":"value"}," ആഴ്ചകൾക്ക് മുമ്പ്"]},"$x":[{"t":"idOrVar","v":"plural"},"value"]},{"$i":"months-ago-long","$v":{"zero":"ഈ മാസം","one":"കഴിഞ്ഞ മാസം","two":[{"t":"idOrVar","v":"value"}," മാസങ്ങൾക്ക് മുമ്പ്"],"few":[{"t":"idOrVar","v":"value"}," മാസങ്ങൾക്ക് മുമ്പ്"],"many":[{"t":"idOrVar","v":"value"}," മാസങ്ങൾക്ക് മുമ്പ്"],"other":[{"t":"idOrVar","v":"value"}," മാസങ്ങൾക്ക് മുമ്പ്"]},"$x":[{"t":"idOrVar","v":"plural"},"value"]},{"$i":"years-ago-long","$v":{"zero":"ഈ വർഷം","one":"കഴിഞ്ഞ വർഷം","two":[{"t":"idOrVar","v":"value"}," വർഷങ്ങൾക്ക് മുമ്പ്"],"few":[{"t":"idOrVar","v":"value"}," വർഷങ്ങൾക്ക് മുമ്പ്"],"many":[{"t":"idOrVar","v":"value"}," വർഷങ്ങൾക്ക് മുമ്പ്"],"other":[{"t":"idOrVar","v":"value"}," വർഷങ്ങൾക്ക് മുമ്പ്"]},"$x":[{"t":"idOrVar","v":"plural"},"value"]},{"$i":"minutes-until-long","$v":{"zero":"ഇപ്പോൾ","one":"ഒരു മിനിറ്റിൽ","two":[{"t":"idOrVar","v":"value"}," മിനിറ്റുകളിൽ"],"few":[{"t":"idOrVar","v":"value"}," മിനിറ്റുകളിൽ"],"many":[{"t":"idOrVar","v":"value"}," മിനിറ്റുകളിൽ"],"other":[{"t":"idOrVar","v":"value"}," മിനിറ്റുകളിൽ"]},"$x":[{"t":"idOrVar","v":"plural"},"value"]},{"$i":"hours-until-long","$v":{"zero":"ഇപ്പോൾ","one":"ഒരു മണിക്കൂറിൽ","two":[{"t":"idOrVar","v":"value"}," മണിക്കൂറുകളിൽ"],"few":[{"t":"idOrVar","v":"value"}," മണിക്കൂറുകളിൽ"],"many":[{"t":"idOrVar","v":"value"}," മണിക്കൂറുകളിൽ"],"other":[{"t":"idOrVar","v":"value"}," മണിക്കൂറുകളിൽ"]},"$x":[{"t":"idOrVar","v":"plural"},"value"]},{"$i":"days-until-long","$v":{"zero":"ഇന്ന്","one":"നാളെ","two":[{"t":"idOrVar","v":"value"}," ദിവസങ്ങളിൽ"],"few":[{"t":"idOrVar","v":"value"}," ദിവസങ്ങളിൽ"],"many":[{"t":"idOrVar","v":"value"}," ദിവസങ്ങളിൽ"],"other":[{"t":"idOrVar","v":"value"}," ദിവസങ്ങളിൽ"]},"$x":[{"t":"idOrVar","v":"plural"},"value"]},{"$i":"weeks-until-long","$v":{"zero":"ഈ ആഴ്ച","one":"അടുത്ത ആഴ്ച","two":[{"t":"idOrVar","v":"value"}," ആഴ്ചകളിൽ"],"few":[{"t":"idOrVar","v":"value"}," ആഴ്ചകളിൽ"],"many":[{"t":"idOrVar","v":"value"}," ആഴ്ചകളിൽ"],"other":[{"t":"idOrVar","v":"value"}," ആഴ്ചകളിൽ"]},"$x":[{"t":"idOrVar","v":"plural"},"value"]},{"$i":"months-until-long","$v":{"zero":"ഈ മാസം","one":"അടുത്ത മാസം","two":[{"t":"idOrVar","v":"value"}," മാസങ്ങളിൽ"],"few":[{"t":"idOrVar","v":"value"}," മാസങ്ങളിൽ"],"many":[{"t":"idOrVar","v":"value"}," മാസങ്ങളിൽ"],"other":[{"t":"idOrVar","v":"value"}," മാസങ്ങളിൽ"]},"$x":[{"t":"idOrVar","v":"plural"},"value"]},{"$i":"years-until-long","$v":{"zero":"ഈ വർഷം","one":"അടുത്ത വർഷം","two":[{"t":"idOrVar","v":"value"}," വർഷങ്ങളിൽ"],"few":[{"t":"idOrVar","v":"value"}," വർഷങ്ങളിൽ"],"many":[{"t":"idOrVar","v":"value"}," വർഷങ്ങളിൽ"],"other":[{"t":"idOrVar","v":"value"}," വർഷങ്ങളിൽ"]},"$x":[{"t":"idOrVar","v":"plural"},"value"]},{"$i":"minutes-ago-short","$v":{"zero":"ഇപ്പോൾ തന്നെ","other":[{"t":"idOrVar","v":"value"}," മിനിറ്റ്  മുമ്പ്"]},"$x":[{"t":"idOrVar","v":"plural"},"value"]},{"$i":"hours-ago-short","$v":{"zero":"ഇപ്പോൾ തന്നെ","other":[{"t":"idOrVar","v":"value"}," മണിക്കൂറുകള്‍ക്ക്  മുമ്പ്"]},"$x":[{"t":"idOrVar","v":"plural"},"value"]},{"$i":"days-ago-short","$v":{"zero":"ഇന്ന്","other":[{"t":"idOrVar","v":"value"}," ദിവസങ്ങള്‍ക്ക്  മുമ്പ്"]},"$x":[{"t":"idOrVar","v":"plural"},"value"]},{"$i":"minutes-until-short","$v":{"zero":"ഇപ്പോൾ","other":[{"t":"idOrVar","v":"value"},"മിനിറ്റില്‍"]},"$x":[{"t":"idOrVar","v":"plural"},"value"]},{"$i":"hours-until-short","$v":{"zero":"ഇപ്പോൾ","other":[{"t":"idOrVar","v":"value"},"മണിക്കൂറില്‍"]},"$x":[{"t":"idOrVar","v":"plural"},"value"]},{"$i":"days-until-short","$v":{"zero":"ഇന്ന്","other":[{"t":"idOrVar","v":"value"},"ദിവസത്തില്‍"]},"$x":[{"t":"idOrVar","v":"plural"},"value"]},{"$i":"incorrectDate","$v":"(തെറ്റായ തീയ്യതി)"},{"$i":"dateTimeFormat_%c","$v":"%a %b %e %Y %I:%M:%S %p"},{"$i":"dateTimeFormat_%x","$v":"%m/%d/%Y"},{"$i":"dateTimeFormat_%X","$v":"%I:%M:%S %p"},{"$i":"shortTimeFormat","$v":"%I:%M %p"},{"$i":"shortTimeFormat12","$v":"%I:%M %p"},{"$i":"shortTimeFormat24","$v":"%H:%M"},{"$i":"shortDateTimeFormat","$v":"%x %I:%M %p"},{"$i":"weekStartsOnMonday","$v":"0"},{"$i":"firstDayOfTheWeek","$v":"0"},{"$i":"time_am","$v":"AM"},{"$i":"time_pm","$v":"PM"},{"$i":"sim-with-index-and-carrier","$v":["സിം ",{"t":"idOrVar","v":"index"}," - ",{"t":"idOrVar","v":"carrier"}]},{"$i":"sim-without-carrier","$v":["സിം ",{"t":"idOrVar","v":"index"}]}]