[{"$i":"contacts","$v":"পাউ-ফাওনগদবশিং"},{"$i":"view","$v":"শক্তম"},{"$i":"no-contacts","$v":"কন্টেক্তশীং লৈতে"},{"$i":"reading-contacts","$v":"কন্টেক্তশীং লোদ তৌরি"},{"$i":"start-adding","$v":"কন্টেক্তশীং হাপচিন্নবা ন্যু কন্টেক্ত নম্মু."},{"$i":"no-contact-available","$v":"কন্টেক্ত অমত্তা ফংদে"},{"$i":"ok","$v":"ওকে"},{"$i":"no-phone-number-to-dial","$v":"দাইল তৌনবা ফোন নম্বর লৈতে"},{"$i":"video-call","$v":"Video call"},{"$i":"move","$v":"লেংঙু"},{"$i":"copy","$v":"কোপি তৌ"},{"$i":"copy-contacts","$v":"কন্টেক্তশীং কোপি তৌ"},{"$i":"move-contacts","$v":"কন্টেক্তশীং লেংঙু"},{"$i":"phone-memory","$v":"ফোন মেমোরি"},{"$i":"sim-memory","$v":"সিম মেমোরি"},{"$i":"move-from","$v":"লেংঙু দগী"},{"$i":"to","$v":"দা"},{"$i":"move-contacts-progressing","$v":"লেংলি কন্টেক্ত(শীং)..."},{"$i":"copy-contacts-progressing","$v":"কোপি তৌরি কন্টেক্ত(শীং)..."},{"$i":"contact-move-to-sim","$v":[{"t":"idOrVar","v":"migrated"}," কন্টেক্ত(শীং) সিম দা লেংলে"]},{"$i":"contact-copy-to-sim","$v":[{"t":"idOrVar","v":"migrated"}," কন্টেক্ত(শীং) সিম দা কোপি তৌরে"]},{"$i":"contact-move-to-sim0","$v":[{"t":"idOrVar","v":"migrated"}," কন্টেক্ত(শীং) সিম 1 দা লেংলে"]},{"$i":"contact-copy-to-sim0","$v":[{"t":"idOrVar","v":"migrated"}," কন্টেক্ত(শীং) সিম 1 দা কোপি তৌরে"]},{"$i":"contact-move-to-sim1","$v":[{"t":"idOrVar","v":"migrated"}," কন্টেক্ত(শীং) সিম 2 দা লেংলে"]},{"$i":"contact-copy-to-sim1","$v":[{"t":"idOrVar","v":"migrated"}," কন্টেক্ত(শীং) সিম 2 দা কোপি তৌরে"]},{"$i":"contact-move-to-device","$v":[{"t":"idOrVar","v":"migrated"}," কন্টেক্ত(শীং) দিভাইস তা লেংলে"]},{"$i":"contact-copy-to-device","$v":[{"t":"idOrVar","v":"migrated"}," কন্টেক্ত(শীং) দিভাইস তা কোপি তৌরে"]},{"$i":"copy-contact-failed","$v":"কন্টেক্ত কোপি তৌবা মায় পাক্ত্রে"},{"$i":"move-contact-failed","$v":"কন্টেক্ত কোপি তৌবা মায় পাক্ত্রে"},{"$i":"contact-copy-error-sim-full","$v":"সিম কার্দ পিক থনবনা মরম ওইদুনা কন্টেক্তশীং কোপি তৌবা মপুং ফাদ্রে."},{"$i":"contact-copy-error-unknown","$v":"খঙদবা অরানবনামরম ওইদুনা কন্টেক্তশীং কোপি তৌবা মপুং ফাদ্রে."},{"$i":"contact-move-error-sim-full","$v":"সিম কার্দ পিক থনবনা মরম ওইদুনা কন্টেক্তশীং লেংবা মপুং ফাদ্রে."},{"$i":"contact-move-error-unknown","$v":"খঙদবা অরানবনামরম ওইদুনা কন্টেক্তশীং লেংবা মপুং ফাদ্রে."},{"$i":"memory","$v":"মেমোরি"},{"$i":"phone-and-sim","$v":"ফোন অমসুং সিম"},{"$i":"phone","$v":"ফোন"},{"$i":"sim","$v":"SIM"},{"$i":"reloading-contact","$v":"কন্টেক্তশীং হন্না লোদ তৌরি.."},{"$i":"contact-reloaded","$v":"কন্টেক্তশীং হন্না লোদ তৌরে"},{"$i":"message","$v":"মেসেজ"},{"$i":"find-duplicate-contacts","$v":"চপ মান্নবা অনিশুবা কন্টেক্তশীং পুথোকউ"},{"$i":"no-duplicate-contact-found","$v":"দুপ্লিকেত কন্টেক্ত অমত্তা ফংদে"},{"$i":"change-saved","$v":"অহোংবা সেভ তৌরে"},{"$i":"contact-updated","$v":"কন্টেক্ত অপদেত তৌরে"},{"$i":"already-ice-contact","$v":"কন্টেক্ত অসি হান্নদগী ICE কন্টেক্ত অমা ওই"},{"$i":"callAirplaneModeTitle","$v":"এয়রপ্লেন মোদ এক্তিবেত তৌরে"},{"$i":"callAirplaneModeMessage","$v":"কোল অমা তৌনবা নহাক সেটিংশীংদা এয়রপ্লেন মোদ য়াহন্দবা দরকার ওই."},{"$i":"emergencyDialogTitle","$v":"নেটৱর্ক কন্নেক্সন অমত্তা লৈতে"},{"$i":"emergencyDialogBodyBadNumber","$v":"কোল অমা তৌনবা, ফোন অদু নেটৱার্ক অমদা শম্নগদবনি."},{"$i":"emergencyDialogBodyDeviceNotAccepted","$v":"নেটৱার্ক অদুনা ইমর্জেন্সি কোলশীং য়াহন্দে."},{"$i":"invalidNumberToDialTitle","$v":"চৎনদবা ফোন নম্বর"},{"$i":"invalidNumberToDialMessage","$v":"নহাক্না কোল তৌরিবা ফোন নম্বর অদু চৎনদে."},{"$i":"emergency-call-only","$v":"ইমর্জেন্সি কোল খক্তং"},{"$i":"emergency-call-error","$v":[{"t":"idOrVar","v":"number"}," ইমর্জেন্সি নম্বর অমা নত্তে."]},{"$i":"numberIsBusyTitle","$v":"নম্বর বিজি ওই"},{"$i":"numberIsBusyMessage","$v":"নম্বর অদু হৌজিক চিল্লি. কোন্না হন্না হোৎনবিয়ু."},{"$i":"fdnIsActiveTitle","$v":"FDN এক্তিব ওই"},{"$i":"fdnIsActiveMessage","$v":["FDN (Fixed Dialing Numbers) এক্তিবেত তৌরে অমসুং মখাগী নম্বর অসি নহাক্কি FDN লিস্টতা য়াওদে: ",{"t":"idOrVar","v":"number"}]},{"$i":"otherConnectionInUseTitle","$v":"অতোপ্পা শম্নবা শীজিন্নবা"},{"$i":"otherConnectionInUseMessage","$v":"নহাক অতোপ্পা শম্নবা অমদা এক্তিব কোল অমা লৈ. নহাক মতম অমত্তদা শম্নবা অমখক্তং শীজিন্নবা য়াই."},{"$i":"GenericFailure","$v":"ময়ামগী ওইনা শোয়বা"},{"$i":"scCallBarring","$v":"কোল তৌবা য়াহন্দ্রি"},{"$i":"scCallForwarding","$v":"কোল ফোরৱার্দ তৌরি"},{"$i":"scClip","$v":"লাক্লিবা কোলর ID"},{"$i":"scClir","$v":"চত্থোকখিবা কোলর ID"},{"$i":"scPwd","$v":"পাসৱর্ড হোংলে"},{"$i":"scCallWaiting","$v":"কোল অঙাইবা"},{"$i":"scPin","$v":"PIN হোংলে"},{"$i":"scPin2","$v":"পিন2 হোংবা"},{"$i":"scPuk","$v":"পিন ব্লোক তৌবা তোকউ"},{"$i":"scPuk2","$v":"পিন2 ব্লোক তৌবা তোকউ"},{"$i":"scImei","$v":"IMEI"},{"$i":"scMeid","$v":"MEID"},{"$i":"scUssd","$v":"USSD"},{"$i":"set-speed-dial","$v":"স্পীদ দাইল কন্টেক্তশীং সেট তৌ"},{"$i":"empty","$v":"অহাঙবা"},{"$i":"voicemail","$v":"ভোইসমেল"},{"$i":"speed-dial","$v":"স্পীদ দাইল"},{"$i":"add","$v":"তিনশিল্লু"},{"$i":"replace","$v":"মহুৎ শিনবা"},{"$i":"remove-from-speed-dial","$v":"স্পীদ দাইলদগী লৌথোকউ"},{"$i":"custom-dialog-replace-speed-dial","$v":["নহাক স্পীদ দাইল ",{"t":"idOrVar","v":"oldSpeedDial"}," অসিবু ",{"t":"idOrVar","v":"newSpeedDial"}," না মহুৎ শিনবা পাম্মি হায়বা নহাক শোয়দ্রব্রা?"]},{"$i":"custom-dialog-remove-speed-dial","$v":["নহাক ",{"t":"idOrVar","v":"name"}," অসি স্পীদ দাইলদগী লৌথোকপা পাম্মি হায়বা নহাক শোয়দ্রব্রা?"]},{"$i":"voice-mail","$v":"ভোইস মেল"},{"$i":"voice-mail-number","$v":"ভোইস মেল নম্বর"},{"$i":"voice-mail-number-updated","$v":"ভোইস মেল নম্বর অপদেত তৌরে"},{"$i":"found-duplicates-message","$v":"মখাগী কন্টেক্তশীং অসিদা পাও অনি থোক্না ফংলে. নহাক পুনশিন্নবা পামগদ্রা?"},{"$i":"confirm-to-merge-contacts","$v":[{"t":"idOrVar","v":"n"}," কন্টেক্তশীং ",{"t":"idOrVar","v":"name"}," গা লোয়ননা পুনশিন্নবা পাম্মি হায়বা নহাক শোয়দ্রব্রা?"]},{"$i":"merge","$v":"পুনশিন্নৌ"},{"$i":"contact-merged","$v":"কন্টেক্ত পুনশিল্লে"},{"$i":"add-favorite","$v":"ফেবরাইট ওইনা হাপচিল্লু"},{"$i":"remove-favorite","$v":"ফেবরাইট ওইবা হন্দোকউ"},{"$i":"favorite-contacts","$v":"খ্বাইদগী পাম্বা কন্টেক্তশীং"},{"$i":"sort-contacts","$v":"কন্টেক্তশীং খন্দোক-খাইদোকউ"},{"$i":"sort-by-first-name","$v":"অহানবা মমিংনা খন্দোক-খাইদোকউ"},{"$i":"sort-by-last-name","$v":"অরোইবা মমিংনা খন্দোক-খাইদোকউ"},{"$i":"no-support-open-multi-vcard","$v":"মশিং য়াম্বা কন্টেক্টশিংদা ভিকার্ড(vCard) হাংবা য়াদ্রে"},{"$i":"sdcard","$v":"মেমোরি কার্দ"},{"$i":"simcard","$v":"SIM কার্ড"},{"$i":"import-contacts","$v":"কন্টেক্তশীং ইম্পোর্ট তৌ"},{"$i":"simContacts-error","$v":"সিমদগী কন্টেক্তশীং ইমপোর্ট তৌবা ঙমদে"},{"$i":"memoryCardContacts-error","$v":"মেমোরি কার্দতগী কন্টেক্তশীং ইম্পোর্ট তৌবা ঙমদে"},{"$i":"simContacts-reading","$v":"সিম কার্দতগী কন্টেক্তশীং পারি…"},{"$i":"memoryCardContacts-reading","$v":"মেমোরি কার্দতগী কন্টেক্তশীং পারি…"},{"$i":"importContactsTitle","$v":"কন্টেক্তশীং ইম্পোর্ট তৌ"},{"$i":"retry","$v":"হন্না হোৎনৌ"},{"$i":"noSimMsg","$v":"কন্টেক্তশীং ইম্পোর্ট তৌনবা নহাক্কি সিম কার্দ থিংজিল্লু নত্ত্রগা অনলোক তৌ"},{"$i":"noSdcardMsg","$v":"কন্টেক্তশীং ইম্পোর্ট তৌনবা মেমোরি কার্দ হাপচিল্লু"},{"$i":"not-imported","$v":"ইম্পোর্ট তৌদে"},{"$i":"imported","$v":"ইম্পোর্ট তৌরে"},{"$i":"importing","$v":"ইম্পোর্ট তৌরি"},{"$i":"contact-imported","$v":["কন্টেক্তশীং ",{"t":"idOrVar","v":"imported"}," ইম্পোর্ট তৌরে. ",{"t":"idOrVar","v":"dupes"}," কন্টেক্তশীং পুনশিন্নরে."]},{"$i":"contact-imported2","$v":["Imported ",{"t":"idOrVar","v":"imported"}," contacts."]},{"$i":"reading-contacts-from-sim","$v":"সিম কার্দতগী কন্টেক্তশীং রীদ তৌরি.."},{"$i":"reading-contacts-from-gmail","$v":"জিমেলদগী কন্টেক্তশীং পারি.."},{"$i":"reading-contacts-from-live","$v":"আওটলূকতগী কন্টেক্তশীং পারি.."},{"$i":"reading-contacts-from-sd","$v":"মেমোরি কার্দতগী কন্টেক্তশীং রীদ তৌরি.."},{"$i":"reading-contacts-from-vcard","$v":"ফাইলদগী কন্টেক্তশীং রীদ তৌরি.."},{"$i":"importing-contacts-from-sim","$v":"সিম কার্দতগী কন্টেক্তশীং ইম্পোর্ট তৌরি.."},{"$i":"importing-contacts-from-gmail","$v":"জিমেলদগী কন্টেক্তশীং ইম্পোর্ট তৌরি.."},{"$i":"importing-contacts-from-live","$v":"আওটলুকতগী কন্টেক্তশীং ইম্পোর্ট তৌরি.."},{"$i":"importing-contacts-from-sd","$v":"মেমোরি কার্দতগী কন্টেক্তশীং ইম্পোর্ট তৌরি.."},{"$i":"importing-contacts-from-vcard","$v":"কন্টেক্তশীং ফাইলদগী ইম্পোর্ট তৌরি.."},{"$i":"connect-network-to-import","$v":"কন্টেক্টশিং পুশিল্লক্ননবা, WiFi নত্ত্রগা ডেটা নেটৱর্ক শম্বিয়ু"},{"$i":"bluetooth","$v":"Bluetooth"},{"$i":"export","$v":"এক্সপোর্ট তৌ"},{"$i":"export-contacts","$v":"কন্টেক্তশীং এক্সপোর্ট তৌ"},{"$i":"simExport-title","$v":"সিমদা এক্সপোর্ট তৌ"},{"$i":"memoryCardExport-title","$v":"মেমোরি কার্দতা এক্সপোর্ট তৌ"},{"$i":"btExport-title","$v":"ব্লুটুথতা এক্সপোর্ট তৌ"},{"$i":"noSimMsgExport","$v":"কন্টেক্তশীং এক্সপোর্ট তৌনবা নহাক্কি সিম কার্দ থিংজিল্লু নত্ত্রগা অনলোক তৌ"},{"$i":"noSdcardExport","$v":"To export contacts insert a memory card."},{"$i":"bluetoothNoConnection","$v":"কন্টেক্তশীং এক্সপোর্ট তৌনবা ব্লুটুথ দিভাইস অমা শম্নৌ."},{"$i":"contact-exported","$v":["কন্টেক্তশীং ",{"t":"idOrVar","v":"exported"}," এক্সপোর্ট তৌরে."]},{"$i":"export-contact-failed","$v":"এক্সপোর্ট কন্টেক্ত য়াদ্রে"},{"$i":"contact-export-error-sim-full","$v":"সিম কার্দ থনবনা মরম ওইদুনা এক্সপোর্ট কন্টেক্তশীং মপুং ফাদ্রে."},{"$i":"contact-export-error-unknown","$v":"খঙদবা অরানবনা মরম ওইদুনা এক্সপোর্ট কন্টেক্তশীং মপুং ফাদ্রে."},{"$i":"contact-export-canceled","$v":"Exporting process is canceled."},{"$i":"save","$v":"সেব তৌ"},{"$i":"back","$v":"মনিং হল্লু"},{"$i":"givenName","$v":"অহানবা মমিং"},{"$i":"familyName","$v":"ইকোন কোনবা মমিং"},{"$i":"name","$v":"মমিং"},{"$i":"org","$v":"কম্পনী"},{"$i":"ringtone","$v":"রিঙটোন"},{"$i":"note","$v":"নোট"},{"$i":"email","$v":"ইমেল"},{"$i":"adr","$v":"লৈফম"},{"$i":"custom","$v":"কষ্টম"},{"$i":"confirm-discard-contact-data","$v":"কন্টেক্তকি পাও লংথোকখ্রগনি. নহাক কন্টেক্ত অসি সেব তৌবা পামগদ্রা?"},{"$i":"discard","$v":"লংশেকপা"},{"$i":"add-others","$v":"অতোপ্পশীং হাপচিল্লু"},{"$i":"custom-type","$v":"কস্টম মখল"},{"$i":"input-the-custom-type","$v":"কস্টম মখল অদু ইনপুত তৌবিয়ু"},{"$i":"contact-saved","$v":"কন্টেক্ট সেভ তৌরে"},{"$i":"are-you-sure-to-delete-field","$v":[{"t":"idOrVar","v":"field"}," নহাক্না তশেংনা মুত্থৎনিংলব্রা?"]},{"$i":"personal","$v":"মশামক্কী"},{"$i":"mobile","$v":"মোবাইল"},{"$i":"current","$v":"হৌজিক লৈরিবা"},{"$i":"home","$v":"হোম"},{"$i":"work","$v":"থবক"},{"$i":"other","$v":"অতোপ্পা"},{"$i":"fax-home","$v":"য়ুমগী ফেক্স"},{"$i":"fax-office","$v":"ওফিসকি ফেক্স"},{"$i":"fax-other","$v":"অতোপ্পা ফেক্স"},{"$i":"add-tel","$v":"ফোন নম্বর হাপচিল্লু"},{"$i":"add-email","$v":"ইমেল হাপচিল্লু"},{"$i":"add-ringtone","$v":"রিংতোন হাপচিল্লু"},{"$i":"add-adr","$v":"এদ্রেশ হাপচিল্লু"},{"$i":"add-bday","$v":"মপোক নুমিৎ হাপচিল্লু"},{"$i":"add-photo","$v":"পিকচর হাপচিল্লু"},{"$i":"add-note","$v":"নোট হাপচিল্লু"},{"$i":"add-org","$v":"কম্পনি হাপচিল্লু"},{"$i":"delete-tel","$v":"ফোন নম্বর মুথৎলু"},{"$i":"delete-email","$v":"ইমেল মুথৎলু"},{"$i":"delete-ringtone","$v":"রিংতোন মুথৎলু"},{"$i":"delete-adr","$v":"এদ্রেশ মুথৎলু"},{"$i":"delete-bday","$v":"মপোক নুমিৎ মুথৎলু"},{"$i":"delete-photo","$v":"লাই লৌথোকউ"},{"$i":"delete-note","$v":"নোট মুথৎলু"},{"$i":"delete-org","$v":"কম্পনি মুথৎলু"},{"$i":"edit-tel-type","$v":"ফোন মখল এদিত তৌ"},{"$i":"edit-email-type","$v":"ইমেল মখল এদিত তৌ"},{"$i":"edit-adr-type","$v":"এদ্রেশ মখল এদিত তৌ"},{"$i":"edit-bday-type","$v":"মপোক নুমিৎ এদিত তৌ"},{"$i":"replace-photo","$v":"ফোটো মহুৎ শিল্লু"},{"$i":"replace-ringtone","$v":"রিংতোন হোংঙু"},{"$i":"mobile-tel","$v":"মোবাইল ফোন"},{"$i":"home-tel","$v":"য়ুমগী ফোন"},{"$i":"work-tel","$v":"থবক তৌফম ফোন"},{"$i":"personal-tel","$v":"মশাগী ফোন"},{"$i":"fax-home-tel","$v":"হোম ফেক্স"},{"$i":"fax-office-tel","$v":"ওফিস ফেক্স"},{"$i":"fax-other-tel","$v":"অতোপ্পা ফেক্স"},{"$i":"other-tel","$v":"অতোপ্পা ফোন"},{"$i":"personal-email","$v":"মশাগী ই-মেল"},{"$i":"work-email","$v":"থবক তৌফম ই-মেল"},{"$i":"other-email","$v":"অতোপ্পা ই-মেল"},{"$i":"custom-email","$v":[{"t":"idOrVar","v":"type"}," ই-মেল"]},{"$i":"custom-tel","$v":[{"t":"idOrVar","v":"type"}," ফোন"]},{"$i":"personal-adr","$v":"মশাগী এদ্রেশ"},{"$i":"current-adr","$v":"হৌজিক লৈবা এদ্রেশ"},{"$i":"home-adr","$v":"য়ুমগী এদ্রেশ"},{"$i":"work-adr","$v":"থবক তৌফম এদ্রেশ"},{"$i":"custom-adr","$v":[{"t":"idOrVar","v":"type"}," এদ্রেশ"]},{"$i":"bday","$v":"মপোক নুমিৎ"},{"$i":"birthday","$v":"মপোক নুমিৎ"},{"$i":"streetAddress","$v":"লমজাও-সোড়োক"},{"$i":"locality","$v":"সহর"},{"$i":"postalCode","$v":"পিন কোদ "},{"$i":"countryName","$v":"লৈবাক"},{"$i":"region","$v":"ষ্টেট"},{"$i":"no-name","$v":"মমিং লৈতে"},{"$i":"new-contact","$v":"অনৌবা কন্টেক্ত"},{"$i":"options","$v":"ওপসনশিং"},{"$i":"cancel","$v":"ককথৎলু"},{"$i":"settings","$v":"সেটিংশিং"},{"$i":"edit","$v":"ইদিত তৌ"},{"$i":"share","$v":"শীজিন্নমিন্নৌ"},{"$i":"remove","$v":"লৌথোকপা"},{"$i":"music","$v":"ঈশৈ"},{"$i":"ICEContactsGroup","$v":"ICE কন্টেক্তশীং"},{"$i":"setICEButton","$v":"ICE কন্টেক্তশীং শেম্মু"},{"$i":"ICESettingTitle","$v":"ICE কন্টেক্তশীং"},{"$i":"ICEDescription","$v":"“ইন কেস ওফ ইমর্জেন্সি” কোলশীং তৌনবা কন্টেক্তশীং মঙা হাপচিল্লু"},{"$i":"ICEContact","$v":["ICE কন্টেক্ত ",{"t":"idOrVar","v":"n"}]},{"$i":"ICESelectContact","$v":"কন্টেক্ত অমা খল্লু"},{"$i":"delete-ice-contact-warning","$v":"নহাক ICE কন্টেক্ত অদু লৌথোকপা পাম্মি হায়বা নহাক শোয়দ্রব্রা ?"},{"$i":"confirm","$v":"চুম্মি হায়বা"},{"$i":"send-message","$v":"মেসেজ থাও"},{"$i":"call","$v":"কোল"},{"$i":"send-email","$v":"ইমেল থাও"},{"$i":"choose-number","$v":"খল্লবা-মশীং অমা খল্লু"},{"$i":"choose-email-adress","$v":"ইমেল এদ্রেশ অমা খল্লু"},{"$i":"delete","$v":"মুত্থৎলু"},{"$i":"select","$v":"খল্লু"},{"$i":"select-all","$v":"লোইনমক হায়বদু খল্লু"},{"$i":"deselect-all","$v":"লোইনমক খনবা তোকউ"},{"$i":"deselect","$v":"খনবা তোকউ"},{"$i":"selected-contacts","$v":{"zero":"অমত্তা খন্দে","one":[{"t":"idOrVar","v":"n"}," খল্লে"],"two":[{"t":"idOrVar","v":"n"}," খল্লে"],"few":[{"t":"idOrVar","v":"n"}," খল্লে"],"many":[{"t":"idOrVar","v":"n"}," খল্লে"],"other":[{"t":"idOrVar","v":"n"}," খল্লে"]},"$x":[{"t":"idOrVar","v":"plural"},"n"]},{"$i":"massive-delete","$v":"পাউ-ফাওনগদবশিংদু মুত্থৎলু"},{"$i":"confirm-contact-delete","$v":["নহাক ",{"t":"idOrVar","v":"name"}," অদু মুথৎপা পাম্মি হায়বা নহাক শোয়দ্রব্রা?"]},{"$i":"DeletedTxt","$v":{"zero":"মুথৎনবা কন্টেক্ত লৈতে","one":"কন্টেক্ত 1 লৌথোক্লে","two":["কন্টেক্ত ",{"t":"idOrVar","v":"n"}," লৌথোক্লে"],"few":["কন্টেক্ত ",{"t":"idOrVar","v":"n"}," লৌথোক্লে"],"many":["কন্টেক্ত ",{"t":"idOrVar","v":"n"}," লৌথোক্লে"],"other":["কন্টেক্ত ",{"t":"idOrVar","v":"n"}," লৌথোক্লে"]},"$x":[{"t":"idOrVar","v":"plural"},"n"]},{"$i":"DeletingContacts","$v":"কন্টেক্তশীং মুথৎলি"},{"$i":"ContactConfirmDel","$v":{"zero":"মুথৎনবা কন্টেক্ত লৈতে","one":"1 কন্টেক্ত মুথৎকদ্রা? মসি হন্না ফংবা ঙমদে.","two":[{"t":"idOrVar","v":"n"}," কন্টেক্তশীং মুথৎকদ্রা?মসি হন্না ফংবা ঙম্লরোই"],"few":[{"t":"idOrVar","v":"n"}," কন্টেক্তশীং মুথৎকদ্রা?মসি হন্না ফংবা ঙম্লরোই"],"many":[{"t":"idOrVar","v":"n"}," কন্টেক্তশীং মুথৎকদ্রা?মসি হন্না ফংবা ঙম্লরোই"],"other":[{"t":"idOrVar","v":"n"}," কন্টেক্তশীং মুথৎকদ্রা?মসি হন্না ফংবা ঙম্লরোই"]},"$x":[{"t":"idOrVar","v":"plural"},"n"]},{"$i":"contact-deleted","$v":["কন্টেক্ত ",{"t":"idOrVar","v":"n"}," লৌথোক্লে"]},{"$i":"change-will-update-until-restart","$v":"অহোংবশিং মথংগী কন্টেক্টশিং লোঞ্চ তৌবা মতমদা অপদেট তৌগনি৷"},{"$i":"transfer-contacts","$v":"কন্টেক্তশীং ত্রান্সফর তৌ"},{"$i":"contacts-management","$v":"কন্টেক্তশীংগী মেনেজমেন্ট"},{"$i":"no-contacts-found","$v":"কন্টেক্ত অমত্তা ফংদে"},{"$i":"weekday-0-long","$v":"নোংমাইজিং"},{"$i":"weekday-1-long","$v":"নিংথৌকাবা"},{"$i":"weekday-2-long","$v":"লৈবাকপোকপা"},{"$i":"weekday-3-long","$v":"য়ুমশকৈশ"},{"$i":"weekday-4-long","$v":"শগোলশেল"},{"$i":"weekday-5-long","$v":"ইরাই"},{"$i":"weekday-6-long","$v":"থাংজ"},{"$i":"weekday-0-short","$v":"নুমিৎ"},{"$i":"weekday-1-short","$v":"নিংথৌকাবা"},{"$i":"weekday-2-short","$v":"লৈবাকপোকপা"},{"$i":"weekday-3-short","$v":"য়ুমশকৈশা"},{"$i":"weekday-4-short","$v":"শগোলশেন"},{"$i":"weekday-5-short","$v":"ইরাই"},{"$i":"weekday-6-short","$v":"থাংজ"},{"$i":"month-0-long","$v":"জানুৱারি"},{"$i":"month-1-long","$v":"ফেব্রুৱারি"},{"$i":"month-2-long","$v":"মার্চ"},{"$i":"month-3-long","$v":"এপ্রিল"},{"$i":"month-4-long","$v":"মে"},{"$i":"month-5-long","$v":"জুন"},{"$i":"month-6-long","$v":"জুলাই"},{"$i":"month-7-long","$v":"ওগস্ট"},{"$i":"month-8-long","$v":"সেপ্টেম্বর"},{"$i":"month-9-long","$v":"ওক্তোবর"},{"$i":"month-10-long","$v":"নোবেম্বর"},{"$i":"month-11-long","$v":"দিসেম্বর"},{"$i":"month-0-genitive","$v":"জানুৱারি"},{"$i":"month-1-genitive","$v":"ফেব্রুৱারি"},{"$i":"month-2-genitive","$v":"মার্চ"},{"$i":"month-3-genitive","$v":"এপ্রিল"},{"$i":"month-4-genitive","$v":"মে"},{"$i":"month-5-genitive","$v":"জুন"},{"$i":"month-6-genitive","$v":"জুলাই"},{"$i":"month-7-genitive","$v":"ওগস্ট"},{"$i":"month-8-genitive","$v":"সেপ্টেম্বর"},{"$i":"month-9-genitive","$v":"ওক্তোবর"},{"$i":"month-10-genitive","$v":"নোবেম্বর"},{"$i":"month-11-genitive","$v":"দিসেম্বর"},{"$i":"month-0-short","$v":"জানুৱারি"},{"$i":"month-1-short","$v":"ফেব্রুৱারি"},{"$i":"month-2-short","$v":"মার্চ"},{"$i":"month-3-short","$v":"এপ্রিল"},{"$i":"month-4-short","$v":"মে"},{"$i":"month-5-short","$v":"জুন"},{"$i":"month-6-short","$v":"জুলাই"},{"$i":"month-7-short","$v":"ওগস্ট"},{"$i":"month-8-short","$v":"সেপ্টেম্বর"},{"$i":"month-9-short","$v":"ওক্তোবর"},{"$i":"month-10-short","$v":"নোবেম্বর"},{"$i":"month-11-short","$v":"দিসেম্বর"},{"$i":"minutes-ago-long","$v":{"zero":"হৌজিক্তা","one":"মিনট অমা মমাংদা","two":["মিনট ",{"t":"idOrVar","v":"value"}," মমাংদা"],"few":["মিনট ",{"t":"idOrVar","v":"value"}," মমাংদা"],"many":["মিনট ",{"t":"idOrVar","v":"value"}," মমাংদা"],"other":["মিনট ",{"t":"idOrVar","v":"value"}," মমাংদা"]},"$x":[{"t":"idOrVar","v":"plural"},"value"]},{"$i":"hours-ago-long","$v":{"zero":"হৌজিক্তা","one":"পুং অমা মমাংদা","two":["পুং ",{"t":"idOrVar","v":"value"}," মমাংদা"],"few":["পুং ",{"t":"idOrVar","v":"value"}," মমাংদা"],"many":["পুং ",{"t":"idOrVar","v":"value"}," মমাংদা"],"other":["পুং ",{"t":"idOrVar","v":"value"}," মমাংদা"]},"$x":[{"t":"idOrVar","v":"plural"},"value"]},{"$i":"days-ago-long","$v":{"zero":"ঙসি","one":"ঙরাং","two":["নুমিৎ ",{"t":"idOrVar","v":"value"}," মমাংদা"],"few":["নুমিৎ ",{"t":"idOrVar","v":"value"}," মমাংদা"],"many":["নুমিৎ ",{"t":"idOrVar","v":"value"}," মমাংদা"],"other":["নুমিৎ ",{"t":"idOrVar","v":"value"}," মমাংদা"]},"$x":[{"t":"idOrVar","v":"plural"},"value"]},{"$i":"weeks-ago-long","$v":{"zero":"চয়োল অসি","one":"ইকোন কোনবা চয়োল","two":["চয়োল ",{"t":"idOrVar","v":"value"}," মমাংদা"],"few":["চয়োল ",{"t":"idOrVar","v":"value"}," মমাংদা"],"many":["চয়োল ",{"t":"idOrVar","v":"value"}," মমাংদা"],"other":["চয়োল ",{"t":"idOrVar","v":"value"}," মমাংদা"]},"$x":[{"t":"idOrVar","v":"plural"},"value"]},{"$i":"months-ago-long","$v":{"zero":"থা অসি","one":"ইকোন কোনবা থা","two":["থা ",{"t":"idOrVar","v":"value"}," মামংদা"],"few":["থা ",{"t":"idOrVar","v":"value"}," মামংদা"],"many":["থা ",{"t":"idOrVar","v":"value"}," মামংদা"],"other":["থা ",{"t":"idOrVar","v":"value"}," মামংদা"]},"$x":[{"t":"idOrVar","v":"plural"},"value"]},{"$i":"years-ago-long","$v":{"zero":"চহী অসি","one":"ইকোন কোনবা চহী","two":["চহী ",{"t":"idOrVar","v":"value"}," মমাংদা"],"few":["চহী ",{"t":"idOrVar","v":"value"}," মমাংদা"],"many":["চহী ",{"t":"idOrVar","v":"value"}," মমাংদা"],"other":["চহী ",{"t":"idOrVar","v":"value"}," মমাংদা"]},"$x":[{"t":"idOrVar","v":"plural"},"value"]},{"$i":"minutes-until-long","$v":{"zero":"হৌজিক্তা","one":"মিনট অমদা","two":["মিনট ",{"t":"idOrVar","v":"value"}," দা"],"few":["মিনট ",{"t":"idOrVar","v":"value"}," দা"],"many":["মিনট ",{"t":"idOrVar","v":"value"}," দা"],"other":["মিনট ",{"t":"idOrVar","v":"value"}," দা"]},"$x":[{"t":"idOrVar","v":"plural"},"value"]},{"$i":"hours-until-long","$v":{"zero":"হৌজিক্তা","one":"পুং অমদা","two":["পুং ",{"t":"idOrVar","v":"value"}," দা"],"few":["পুং ",{"t":"idOrVar","v":"value"}," দা"],"many":["পুং ",{"t":"idOrVar","v":"value"}," দা"],"other":["পুং ",{"t":"idOrVar","v":"value"}," দা"]},"$x":[{"t":"idOrVar","v":"plural"},"value"]},{"$i":"days-until-long","$v":{"zero":"ঙসি","one":"হয়েং","two":["নুমিৎ ",{"t":"idOrVar","v":"value"}," তা"],"few":["নুমিৎ ",{"t":"idOrVar","v":"value"}," তা"],"many":["নুমিৎ ",{"t":"idOrVar","v":"value"}," তা"],"other":["নুমিৎ ",{"t":"idOrVar","v":"value"}," তা"]},"$x":[{"t":"idOrVar","v":"plural"},"value"]},{"$i":"weeks-until-long","$v":{"zero":"চয়োল অসি","one":"মথংগী চয়োল","two":["চয়োল ",{"t":"idOrVar","v":"value"}," দা"],"few":["চয়োল ",{"t":"idOrVar","v":"value"}," দা"],"many":["চয়োল ",{"t":"idOrVar","v":"value"}," দা"],"other":["চয়োল ",{"t":"idOrVar","v":"value"}," দা"]},"$x":[{"t":"idOrVar","v":"plural"},"value"]},{"$i":"months-until-long","$v":{"zero":"থা অসি","one":"মথংগী থা","two":["থা ",{"t":"idOrVar","v":"value"}," দা"],"few":["থা ",{"t":"idOrVar","v":"value"}," দা"],"many":["থা ",{"t":"idOrVar","v":"value"}," দা"],"other":["থা ",{"t":"idOrVar","v":"value"}," দা"]},"$x":[{"t":"idOrVar","v":"plural"},"value"]},{"$i":"years-until-long","$v":{"zero":"চহী অসি","one":"মথংগী চহী","two":["চহী ",{"t":"idOrVar","v":"value"}," দা"],"few":["চহী ",{"t":"idOrVar","v":"value"}," দা"],"many":["চহী ",{"t":"idOrVar","v":"value"}," দা"],"other":["চহী ",{"t":"idOrVar","v":"value"}," দা"]},"$x":[{"t":"idOrVar","v":"plural"},"value"]},{"$i":"minutes-ago-short","$v":{"zero":"হৌজিক্তা","other":["থা ",{"t":"idOrVar","v":"value"}," মমাংদা"]},"$x":[{"t":"idOrVar","v":"plural"},"value"]},{"$i":"hours-ago-short","$v":{"zero":"হৌজিক্তা","other":["পুং ",{"t":"idOrVar","v":"value"}," মমাংদা"]},"$x":[{"t":"idOrVar","v":"plural"},"value"]},{"$i":"days-ago-short","$v":{"zero":"ঙসি","other":["নুমিৎ ",{"t":"idOrVar","v":"value"}," মমাংদা"]},"$x":[{"t":"idOrVar","v":"plural"},"value"]},{"$i":"minutes-until-short","$v":{"zero":"হৌজিক্তা","other":["থা ",{"t":"idOrVar","v":"value"}," দা"]},"$x":[{"t":"idOrVar","v":"plural"},"value"]},{"$i":"hours-until-short","$v":{"zero":"হৌজিক্তা","other":["পুং ",{"t":"idOrVar","v":"value"}," দা"]},"$x":[{"t":"idOrVar","v":"plural"},"value"]},{"$i":"days-until-short","$v":{"zero":"ঙসি","other":["নুমিৎ ",{"t":"idOrVar","v":"value"}," তা"]},"$x":[{"t":"idOrVar","v":"plural"},"value"]},{"$i":"incorrectDate","$v":"(চুমদবা তাং)"},{"$i":"dateTimeFormat_%c","$v":"%a %b %e %Y %I:%M:%S %p"},{"$i":"dateTimeFormat_%x","$v":"%m/%d/%Y"},{"$i":"dateTimeFormat_%X","$v":"%I:%M:%S %p"},{"$i":"shortTimeFormat","$v":"%I:%M %p"},{"$i":"shortTimeFormat12","$v":"%I:%M %p"},{"$i":"shortTimeFormat24","$v":"%H:%M"},{"$i":"shortDateTimeFormat","$v":"%x %I:%M %p"},{"$i":"weekStartsOnMonday","$v":"0"},{"$i":"firstDayOfTheWeek","$v":"0"},{"$i":"time_am","$v":"AM"},{"$i":"time_pm","$v":"PM"},{"$i":"sim-with-index-and-carrier","$v":["সিম ",{"t":"idOrVar","v":"index"}," - ",{"t":"idOrVar","v":"carrier"}]},{"$i":"sim-without-carrier","$v":["সিম ",{"t":"idOrVar","v":"index"}]}]