[{"$i":"contacts","$v":"संपर्क"},{"$i":"view","$v":"बघा"},{"$i":"no-contacts","$v":"कोणताही संपर्क नाही"},{"$i":"reading-contacts","$v":"संपर्क लोड होत आहे"},{"$i":"start-adding","$v":"संपर्क जोडण्यासाठी नवीन संपर्क दाबा."},{"$i":"no-contact-available","$v":"कोणताही संपर्क उपलब्ध नाही"},{"$i":"ok","$v":"ठीक आहे"},{"$i":"no-phone-number-to-dial","$v":"डायल करण्यासाठी कोणताही फोन नंबर नाही"},{"$i":"video-call","$v":"Video call"},{"$i":"move","$v":"हलवा"},{"$i":"copy","$v":"कॉपी"},{"$i":"copy-contacts","$v":"संपर्क कॉपी करा"},{"$i":"move-contacts","$v":"संपर्क हलवा"},{"$i":"phone-memory","$v":"फोन मेमरी"},{"$i":"sim-memory","$v":"सिम मेमरी"},{"$i":"move-from","$v":"पासून हलवा"},{"$i":"to","$v":"प्रति"},{"$i":"move-contacts-progressing","$v":"संपर्क हलवत आहे..."},{"$i":"copy-contacts-progressing","$v":"संपर्क कॉपी होत आहेत ..."},{"$i":"contact-move-to-sim","$v":[{"t":"idOrVar","v":"migrated"}," संपर्क सिम मध्ये हलवण्यात आले आहेत"]},{"$i":"contact-copy-to-sim","$v":[{"t":"idOrVar","v":"migrated"}," संपर्क सिममध्ये कॉपी केले आहेत"]},{"$i":"contact-move-to-sim0","$v":[{"t":"idOrVar","v":"migrated"}," संपर्क सिम 1 मध्ये हलवण्यात आले आहेत"]},{"$i":"contact-copy-to-sim0","$v":[{"t":"idOrVar","v":"migrated"}," संपर्क सिम 1 मध्ये कॉपी केले आहेत"]},{"$i":"contact-move-to-sim1","$v":[{"t":"idOrVar","v":"migrated"}," संपर्क सिम 2 मध्ये हलवण्यात आले आहेत"]},{"$i":"contact-copy-to-sim1","$v":[{"t":"idOrVar","v":"migrated"}," संपर्क सिम 2 मध्ये कॉपी केले आहेत"]},{"$i":"contact-move-to-device","$v":[{"t":"idOrVar","v":"migrated"}," संपर्क डिवाइस मध्ये हलवले आहेत"]},{"$i":"contact-copy-to-device","$v":[{"t":"idOrVar","v":"migrated"}," संपर्क डिवाइस मध्ये कॉपी केले आहेत"]},{"$i":"copy-contact-failed","$v":"संपर्क कॉपी करण्यात अपयश"},{"$i":"move-contact-failed","$v":"संपर्क कॉपी करण्यात अपयश"},{"$i":"contact-copy-error-sim-full","$v":"सिम कार्ड पूर्ण भरले असल्या कारणाने संपर्क कॉपी करणे पूर्ण झाले नाही."},{"$i":"contact-copy-error-unknown","$v":"अज्ञात त्रुटीमुळे संपर्क कॉपी करणे पूर्ण झाले नाही."},{"$i":"contact-move-error-sim-full","$v":"सिम कार्ड पूर्ण भरले असल्या कारणाने संपर्क हलवणे पूर्ण झाले नाही."},{"$i":"contact-move-error-unknown","$v":"अज्ञात त्रुटी मुळे संपर्क हलवणे पूर्ण झाले नाही."},{"$i":"memory","$v":"मेमरी"},{"$i":"phone-and-sim","$v":"फोन आणि सिम"},{"$i":"phone","$v":"फोन"},{"$i":"sim","$v":"सिम"},{"$i":"reloading-contact","$v":"संपर्क पुन्हा लोड होत आहे .."},{"$i":"contact-reloaded","$v":"संपर्क पुन्हा लोड केले आहे"},{"$i":"message","$v":"संदेश"},{"$i":"find-duplicate-contacts","$v":"डुप्लिकेट संपर्क शोधा"},{"$i":"no-duplicate-contact-found","$v":"कोणतेही डुप्लिकेट संपर्क सापडले नाही"},{"$i":"change-saved","$v":"बदल जतन झाले"},{"$i":"contact-updated","$v":"संपर्क अपडेट केले आहे"},{"$i":"already-ice-contact","$v":"हा संपर्क आधी पासूनच ICE संपर्क आहे"},{"$i":"callAirplaneModeTitle","$v":"एयरप्लेन मोड सक्रिय केले आहे"},{"$i":"callAirplaneModeMessage","$v":"कॉल करण्यासाठी आपण सेटिंग मध्ये एयरप्लेन मोड अक्षम करणे आवश्यक आहे."},{"$i":"emergencyDialogTitle","$v":"कोणतेही नेटवर्क कनेक्शन नाही"},{"$i":"emergencyDialogBodyBadNumber","$v":"कॉल करण्यासाठी, फोन नेटवर्कशी जोडणे आवश्यक आहे."},{"$i":"emergencyDialogBodyDeviceNotAccepted","$v":"नेटवर्कद्वारे आपातकालीन कॉलला अनुमति नाही."},{"$i":"invalidNumberToDialTitle","$v":"अवैध फोन नंबर"},{"$i":"invalidNumberToDialMessage","$v":"आपण कॉल करत असलेला फोन नंबर वैध नाही."},{"$i":"emergency-call-only","$v":"केवळ आपातकालीन कॉल"},{"$i":"emergency-call-error","$v":[{"t":"idOrVar","v":"number"}," हा आपातकालीन नंबर नाही."]},{"$i":"numberIsBusyTitle","$v":"नंबर व्यस्त आहे"},{"$i":"numberIsBusyMessage","$v":"सध्या नंबर व्यस्त आहे. कृपया नंतर पुन्हा प्रयत्न करा."},{"$i":"fdnIsActiveTitle","$v":"FDN सक्रिय"},{"$i":"fdnIsActiveMessage","$v":["FDN (फिक्स्ड डायलिंग नंबर) सक्रिय आहे आणि खालील नंबर आपल्या FDN लिस्ट मध्ये नाही आहे: ",{"t":"idOrVar","v":"number"}]},{"$i":"otherConnectionInUseTitle","$v":"अन्य कनेक्शन उपयोगात आहेत"},{"$i":"otherConnectionInUseMessage","$v":"इतर कनेक्शनवर आपल्यासाठी एक सक्रीय कॉल आहे. आपण एका वेळी एकच कनेक्शन वापरू शकता."},{"$i":"GenericFailure","$v":"सामान्य अपयश"},{"$i":"scCallBarring","$v":"कॉल प्रतिबंध"},{"$i":"scCallForwarding","$v":"कॉल फॉरवार्डिंग"},{"$i":"scClip","$v":"इनकमिंग कॉलर ID"},{"$i":"scClir","$v":"आउटगोइंग कॉलर ID"},{"$i":"scPwd","$v":"पासवर्ड बदला"},{"$i":"scCallWaiting","$v":"कॉल प्रतीक्षेत आहे"},{"$i":"scPin","$v":"पिन बदला"},{"$i":"scPin2","$v":"पिन2 बदला"},{"$i":"scPuk","$v":"पिन अनब्लॉक करा"},{"$i":"scPuk2","$v":"पिन2 अनब्लॉक करा"},{"$i":"scImei","$v":"IMEI"},{"$i":"scMeid","$v":"MEID"},{"$i":"scUssd","$v":"USSD"},{"$i":"set-speed-dial","$v":"स्पीड डायल संपर्क सेट करा"},{"$i":"empty","$v":"रिकामे आहे"},{"$i":"voicemail","$v":"व्हॉइसमेल"},{"$i":"speed-dial","$v":"स्पीड डायल"},{"$i":"add","$v":"जोडा"},{"$i":"replace","$v":"बदला"},{"$i":"remove-from-speed-dial","$v":"स्पीड डायल वरून हटवा"},{"$i":"custom-dialog-replace-speed-dial","$v":["आपण स्पीड डायल ",{"t":"idOrVar","v":"oldSpeedDial"}," ला ",{"t":"idOrVar","v":"newSpeedDial"}," सोबत बदल्यास तयार आहात का?"]},{"$i":"custom-dialog-remove-speed-dial","$v":["आपल्याला स्पीड डायलवरून ",{"t":"idOrVar","v":"name"}," हटवायचे आहे का?"]},{"$i":"voice-mail","$v":"व्हॉईसमेल"},{"$i":"voice-mail-number","$v":"व्हॉईसमेल नंबर"},{"$i":"voice-mail-number-updated","$v":"व्हॉइस मेल नंबर अपडेट केला"},{"$i":"found-duplicates-message","$v":"खालील संपर्कांमध्ये डुप्लिकेट माहिती सापडली आहे. आपल्याला जोडायची आहे का?"},{"$i":"confirm-to-merge-contacts","$v":["तुम्हाला ",{"t":"idOrVar","v":"name"}," इतके ",{"t":"idOrVar","v":"n"}," संपर्क मर्ज करायचे आहे का?"]},{"$i":"merge","$v":"मर्ज करा"},{"$i":"contact-merged","$v":"संपर्क मर्ज केले गेले"},{"$i":"add-favorite","$v":"पसंत म्हणून जोडा"},{"$i":"remove-favorite","$v":"पसंदी मधून हटवा"},{"$i":"favorite-contacts","$v":"पसंतीचे संपर्क"},{"$i":"sort-contacts","$v":"संपर्क क्रमबद्ध करा"},{"$i":"sort-by-first-name","$v":"नावा क्रमबद्ध करा"},{"$i":"sort-by-last-name","$v":"आडनावाने क्रमबद्ध करा"},{"$i":"no-support-open-multi-vcard","$v":"अनेक संपर्कां सोबत आपण व्हीकार्ड चालू करू शकत नाही"},{"$i":"sdcard","$v":"मेमरी कार्ड"},{"$i":"simcard","$v":"सिम कार्ड"},{"$i":"import-contacts","$v":"संपर्क आयात करा"},{"$i":"simContacts-error","$v":"सिम मधून संपर्क आयात झाले नाही"},{"$i":"memoryCardContacts-error","$v":"मेमरी कार्ड वरून संपर्क आयात झाले नाही"},{"$i":"simContacts-reading","$v":"सिम कार्ड वरून संपर्क वाचत आहे ..."},{"$i":"memoryCardContacts-reading","$v":"मेमरी कार्ड मधून संपर्क वाचत आहे ..."},{"$i":"importContactsTitle","$v":"संपर्क आयात करा"},{"$i":"retry","$v":"पुन्हा प्रयत्न करा"},{"$i":"noSimMsg","$v":"संपर्क आयात करण्यासाठी आपले सिम कार्ड प्रविष्‍ट करा किंवा अनलॉक करा"},{"$i":"noSdcardMsg","$v":"संपर्क आयात करण्या साठी मेमरी कार्ड प्रविष्ट करा"},{"$i":"not-imported","$v":"आयात केले गेले नाही"},{"$i":"imported","$v":"आयात केले गेले"},{"$i":"importing","$v":"आयात करत आहे"},{"$i":"contact-imported","$v":["आयात केलेले ",{"t":"idOrVar","v":"imported"}," संपर्क. ",{"t":"idOrVar","v":"dupes"}," मर्ज केले गेलेले संपर्क."]},{"$i":"contact-imported2","$v":["Imported ",{"t":"idOrVar","v":"imported"}," contacts."]},{"$i":"reading-contacts-from-sim","$v":"सिम कार्ड मधून संपर्क वाचत आहे.."},{"$i":"reading-contacts-from-gmail","$v":"जीमेल वरून संपर्क वाचत आहे.."},{"$i":"reading-contacts-from-live","$v":"आऊटलूक मधून संपर्क वाचत आहे.."},{"$i":"reading-contacts-from-sd","$v":"मेमरी कार्ड मधून संपर्क वाचत आहोत.."},{"$i":"reading-contacts-from-vcard","$v":"फाईल मधून संपर्क वाचत आहे.."},{"$i":"importing-contacts-from-sim","$v":"सिम कार्ड वरून संपर्क आयात करत आहे.."},{"$i":"importing-contacts-from-gmail","$v":"जीमेलवरून संपर्क आयात करत आहे.."},{"$i":"importing-contacts-from-live","$v":"आउटलुक वरून संपर्क आयात करत आहे.."},{"$i":"importing-contacts-from-sd","$v":"मेमरी कार्ड वरून संपर्क आयात करत आहे.."},{"$i":"importing-contacts-from-vcard","$v":"फाईल मधून संपर्क आयात करत आहोत.."},{"$i":"connect-network-to-import","$v":"संपर्क आयात करण्यासाठी, WiFi किंवा डेटा नेटवर्कशी कनेक्ट करा"},{"$i":"bluetooth","$v":"Bluetooth"},{"$i":"export","$v":"निर्यात करा"},{"$i":"export-contacts","$v":"संपर्क निर्यात करा"},{"$i":"simExport-title","$v":"सिम वर निर्यात करा"},{"$i":"memoryCardExport-title","$v":"मेमरी कार्डवर निर्यात करा"},{"$i":"btExport-title","$v":"ब्ल्यूटूथ वर निर्यात करा"},{"$i":"noSimMsgExport","$v":"संपर्क निर्यात करण्यासाठी आपले सिम कार्ड प्रविष्‍ट करा किंवा अनलॉक करा"},{"$i":"noSdcardExport","$v":"To export contacts insert a memory card."},{"$i":"bluetoothNoConnection","$v":"संपर्क निर्यात करण्यासाठी ब्ल्यूटूथ डिवाइस जोडा."},{"$i":"contact-exported","$v":["निर्यात केलेले ",{"t":"idOrVar","v":"exported"},"संपर्क."]},{"$i":"export-contact-failed","$v":"संपर्क निर्यात करण्यात अपयश"},{"$i":"contact-export-error-sim-full","$v":"सिम कार्ड पूर्ण भरले असल्याने संपर्क निर्यात पूर्ण होऊ शकत नाही."},{"$i":"contact-export-error-unknown","$v":"अज्ञात त्रुटी मुळे संपर्क निर्यात करणे पूर्ण झाले नाही."},{"$i":"contact-export-canceled","$v":"Exporting process is canceled."},{"$i":"save","$v":"जतन करा"},{"$i":"back","$v":"मागे जा"},{"$i":"givenName","$v":"पहिले नाव"},{"$i":"familyName","$v":"आडनाव"},{"$i":"name","$v":"नाव"},{"$i":"org","$v":"कंपनी"},{"$i":"ringtone","$v":"रिंगटोन"},{"$i":"note","$v":"नोट"},{"$i":"email","$v":"ईमेल"},{"$i":"adr","$v":"पत्ता"},{"$i":"custom","$v":"कस्टम"},{"$i":"confirm-discard-contact-data","$v":"संपर्क माहिती टाकून दिली जाईल. आपल्याला हा संपर्क जतन करायचा आहे का?"},{"$i":"discard","$v":"हटवा"},{"$i":"add-others","$v":"अन्य जोडा"},{"$i":"custom-type","$v":"कस्टम प्रकार"},{"$i":"input-the-custom-type","$v":"कृपया कस्टम प्रकाराचे इनपुट द्या"},{"$i":"contact-saved","$v":"संपर्क जतन झाला"},{"$i":"are-you-sure-to-delete-field","$v":["आपण ",{"t":"idOrVar","v":"field"}," हटवण्यात तयार आहात का?"]},{"$i":"personal","$v":"वैयक्तिक"},{"$i":"mobile","$v":"मोबाईल"},{"$i":"current","$v":"वर्तमानात"},{"$i":"home","$v":"होम"},{"$i":"work","$v":"वर्क"},{"$i":"other","$v":"अन्य"},{"$i":"fax-home","$v":"Fax (हाेम)"},{"$i":"fax-office","$v":"Fax ऑफिस"},{"$i":"fax-other","$v":"अन्य Fax"},{"$i":"add-tel","$v":"फोन नंबर जोडा"},{"$i":"add-email","$v":"ईमेल जोडा"},{"$i":"add-ringtone","$v":"रिंगटोन जोडा"},{"$i":"add-adr","$v":"पत्ता जोडा"},{"$i":"add-bday","$v":"वाढदिवस जोडा"},{"$i":"add-photo","$v":"प्रतिमा जोडा"},{"$i":"add-note","$v":"नोट जोडा"},{"$i":"add-org","$v":"कंपनी जोडा"},{"$i":"delete-tel","$v":"फोन नंबर हटवा"},{"$i":"delete-email","$v":"ईमेल हटवा"},{"$i":"delete-ringtone","$v":"रिंगटोन हटवा"},{"$i":"delete-adr","$v":"पत्ता हटवा"},{"$i":"delete-bday","$v":"जन्मदिवस हटवा"},{"$i":"delete-photo","$v":"चित्र हटवा"},{"$i":"delete-note","$v":"नोट हटवा"},{"$i":"delete-org","$v":"कंपनी हटवा"},{"$i":"edit-tel-type","$v":"फोन प्रकार संपादित करा"},{"$i":"edit-email-type","$v":"ईमेल प्रकार संपादित करा"},{"$i":"edit-adr-type","$v":"पत्त्याचा प्रकार संपादित करा"},{"$i":"edit-bday-type","$v":"जन्मदिवस संपादित करा"},{"$i":"replace-photo","$v":"फोटो  बदला"},{"$i":"replace-ringtone","$v":"रिंगटोन बदला"},{"$i":"mobile-tel","$v":"मोबाईल फोन"},{"$i":"home-tel","$v":"घरचा फोन"},{"$i":"work-tel","$v":"वर्क फोन"},{"$i":"personal-tel","$v":"वैयक्तिक फोन"},{"$i":"fax-home-tel","$v":"होम Fax"},{"$i":"fax-office-tel","$v":"कार्यालयाचे  Fax"},{"$i":"fax-other-tel","$v":"अन्य Fax"},{"$i":"other-tel","$v":"अन्य फोन"},{"$i":"personal-email","$v":"वैयक्तिक ई-मेल"},{"$i":"work-email","$v":"वर्क ई-मेल"},{"$i":"other-email","$v":"अन्य ई-मेल"},{"$i":"custom-email","$v":[{"t":"idOrVar","v":"type"}," ई-मेल"]},{"$i":"custom-tel","$v":[{"t":"idOrVar","v":"type"}," फोन"]},{"$i":"personal-adr","$v":"वैयक्तिक पत्ता"},{"$i":"current-adr","$v":"वर्तमान पत्ता"},{"$i":"home-adr","$v":"घरचा पत्ता"},{"$i":"work-adr","$v":"वर्क पत्ता"},{"$i":"custom-adr","$v":[{"t":"idOrVar","v":"type"}," पत्ता"]},{"$i":"bday","$v":"वाढदिवस"},{"$i":"birthday","$v":"वाढदिवस"},{"$i":"streetAddress","$v":"मार्ग"},{"$i":"locality","$v":"शहर"},{"$i":"postalCode","$v":"पिन कोड"},{"$i":"countryName","$v":"देश"},{"$i":"region","$v":"राज्य"},{"$i":"no-name","$v":"कोणतेही नाव नाही"},{"$i":"new-contact","$v":"नवीन संपर्क"},{"$i":"options","$v":"पर्याय"},{"$i":"cancel","$v":"रद्द करा"},{"$i":"settings","$v":"सेटिंग्स"},{"$i":"edit","$v":"संपादित करा"},{"$i":"share","$v":"सामायिक करा"},{"$i":"remove","$v":"हटवा"},{"$i":"music","$v":"संगीत"},{"$i":"ICEContactsGroup","$v":"ICE संपर्क"},{"$i":"setICEButton","$v":"ICE संपर्क सेट करा"},{"$i":"ICESettingTitle","$v":"ICE संपर्क"},{"$i":"ICEDescription","$v":"आपत्कालीन पर‍िस्थितीत कॉल करण्यासाठी पाच संपर्क जोडा."},{"$i":"ICEContact","$v":["ICE संपर्क ",{"t":"idOrVar","v":"n"}]},{"$i":"ICESelectContact","$v":"एक संपर्क निवडा"},{"$i":"delete-ice-contact-warning","$v":"आपण ICE संपर्क काढून टाकायचे आहे का?"},{"$i":"confirm","$v":"पुष्टीकरण"},{"$i":"send-message","$v":"संदेश पाठवा"},{"$i":"call","$v":"कॉल"},{"$i":"send-email","$v":"ई - मेल पाठवा"},{"$i":"choose-number","$v":"एक नंबर निवडा"},{"$i":"choose-email-adress","$v":"एक ईमेल अॅड्रेस निवडा"},{"$i":"delete","$v":"हटवा"},{"$i":"select","$v":"निवडा"},{"$i":"select-all","$v":"सर्व निवडा"},{"$i":"deselect-all","$v":"सर्व निवड रद्द करा"},{"$i":"deselect","$v":"निवड रद्द करा"},{"$i":"selected-contacts","$v":{"zero":"काही निवडलेले नाही","one":[{"t":"idOrVar","v":"n"}," निवडलेले"],"two":[{"t":"idOrVar","v":"n"}," निवडलेले"],"few":[{"t":"idOrVar","v":"n"}," निवडलेले"],"many":[{"t":"idOrVar","v":"n"}," निवडलेले"],"other":[{"t":"idOrVar","v":"n"}," निवडलेले"]},"$x":[{"t":"idOrVar","v":"plural"},"n"]},{"$i":"massive-delete","$v":"संपर्क हटवा"},{"$i":"confirm-contact-delete","$v":["आपण हा संपर्क ",{"t":"idOrVar","v":"name"}," काढून टाकण्यास तयार आहात का?"]},{"$i":"DeletedTxt","$v":{"zero":"हटवण्यासाठी कोणताही संपर्क नाही","one":"1 संपर्क हटवले","two":[{"t":"idOrVar","v":"n"}," संपर्क हटवले गेले"],"few":[{"t":"idOrVar","v":"n"}," संपर्क हटवले गेले"],"many":[{"t":"idOrVar","v":"n"}," संपर्क हटवले गेले"],"other":[{"t":"idOrVar","v":"n"}," संपर्क हटवले गेले"]},"$x":[{"t":"idOrVar","v":"plural"},"n"]},{"$i":"DeletingContacts","$v":"संपर्क हटवत आहोत"},{"$i":"ContactConfirmDel","$v":{"zero":"हटवण्यासाठी कोणताही संपर्क नाही","one":"1 संपर्क हटवा? हे पुनर्प्राप्त केले जाऊ शकत नाही.","two":[{"t":"idOrVar","v":"n"}," संपर्क हटवा? हे पुनर्प्राप्त केले जाऊ शकत नाही"],"few":[{"t":"idOrVar","v":"n"}," संपर्क हटवा? हे पुनर्प्राप्त केले जाऊ शकत नाही"],"many":[{"t":"idOrVar","v":"n"}," संपर्क हटवा? हे पुनर्प्राप्त केले जाऊ शकत नाही"],"other":[{"t":"idOrVar","v":"n"}," संपर्क हटवा? हे पुनर्प्राप्त केले जाऊ शकत नाही"]},"$x":[{"t":"idOrVar","v":"plural"},"n"]},{"$i":"contact-deleted","$v":[{"t":"idOrVar","v":"n"}," संपर्क हटवले गेले"]},{"$i":"change-will-update-until-restart","$v":"पुढील वेळी जेव्हा संपर्क लाँच होईल तेव्हा बदल अपडेट करण्यात येतील."},{"$i":"transfer-contacts","$v":"संपर्क स्थानांतरित करा"},{"$i":"contacts-management","$v":"संपर्क व्यवस्थापन"},{"$i":"no-contacts-found","$v":"कोणतेही संपर्क सापडले नाही"},{"$i":"weekday-0-long","$v":"रविवार"},{"$i":"weekday-1-long","$v":"सोमवार"},{"$i":"weekday-2-long","$v":"मंगळवार"},{"$i":"weekday-3-long","$v":"बुधवार"},{"$i":"weekday-4-long","$v":"गुरुवार"},{"$i":"weekday-5-long","$v":"शुक्रवार"},{"$i":"weekday-6-long","$v":"शनिवार"},{"$i":"weekday-0-short","$v":"रवि"},{"$i":"weekday-1-short","$v":"सोम"},{"$i":"weekday-2-short","$v":"मंगळ"},{"$i":"weekday-3-short","$v":"बुध"},{"$i":"weekday-4-short","$v":"गुरु"},{"$i":"weekday-5-short","$v":"शुक्र"},{"$i":"weekday-6-short","$v":"शनि"},{"$i":"month-0-long","$v":"जानेवारी"},{"$i":"month-1-long","$v":"फेब्रुवारी"},{"$i":"month-2-long","$v":"मार्च"},{"$i":"month-3-long","$v":"एप्रिल"},{"$i":"month-4-long","$v":"मे"},{"$i":"month-5-long","$v":"जून"},{"$i":"month-6-long","$v":"जुलै"},{"$i":"month-7-long","$v":"ऑगस्ट"},{"$i":"month-8-long","$v":"सप्टेंबर"},{"$i":"month-9-long","$v":"ऑक्टोबर"},{"$i":"month-10-long","$v":"नोव्हेंबर"},{"$i":"month-11-long","$v":"डिसेंबर"},{"$i":"month-0-genitive","$v":"जानेवारी"},{"$i":"month-1-genitive","$v":"फेब्रुवारी"},{"$i":"month-2-genitive","$v":"मार्च"},{"$i":"month-3-genitive","$v":"एप्रिल"},{"$i":"month-4-genitive","$v":"मे"},{"$i":"month-5-genitive","$v":"जून"},{"$i":"month-6-genitive","$v":"जुलै"},{"$i":"month-7-genitive","$v":"ऑगस्ट"},{"$i":"month-8-genitive","$v":"सप्टेंबर"},{"$i":"month-9-genitive","$v":"ऑक्टोबर"},{"$i":"month-10-genitive","$v":"नोव्हेंबर"},{"$i":"month-11-genitive","$v":"डिसेंबर"},{"$i":"month-0-short","$v":"जानेवारी"},{"$i":"month-1-short","$v":"फेब्रुवारी"},{"$i":"month-2-short","$v":"मार्च"},{"$i":"month-3-short","$v":"एप्रिल"},{"$i":"month-4-short","$v":"मे"},{"$i":"month-5-short","$v":"जून"},{"$i":"month-6-short","$v":"जुलै"},{"$i":"month-7-short","$v":"ऑगस्‍ट"},{"$i":"month-8-short","$v":"सप्टेंबर"},{"$i":"month-9-short","$v":"ऑक्टोबर"},{"$i":"month-10-short","$v":"नोव्हेंबर"},{"$i":"month-11-short","$v":"डिसेंबर"},{"$i":"minutes-ago-long","$v":{"zero":"आत्ताच","one":"एक मिनिटापूर्वी","two":[{"t":"idOrVar","v":"value"}," मिनिटा पूर्वी"],"few":[{"t":"idOrVar","v":"value"}," मिनिटा पूर्वी"],"many":[{"t":"idOrVar","v":"value"}," मिनिटा पूर्वी"],"other":[{"t":"idOrVar","v":"value"}," मिनिटा पूर्वी"]},"$x":[{"t":"idOrVar","v":"plural"},"value"]},{"$i":"hours-ago-long","$v":{"zero":"आत्ताच","one":"एका तासापूर्वी","two":[{"t":"idOrVar","v":"value"}," तासा पूर्वी"],"few":[{"t":"idOrVar","v":"value"}," तासा पूर्वी"],"many":[{"t":"idOrVar","v":"value"}," तासा पूर्वी"],"other":[{"t":"idOrVar","v":"value"}," तासा पूर्वी"]},"$x":[{"t":"idOrVar","v":"plural"},"value"]},{"$i":"days-ago-long","$v":{"zero":"आज","one":"काल","two":[{"t":"idOrVar","v":"value"}," दिवसा पूर्वी"],"few":[{"t":"idOrVar","v":"value"}," दिवसा पूर्वी"],"many":[{"t":"idOrVar","v":"value"}," दिवसा पूर्वी"],"other":[{"t":"idOrVar","v":"value"}," दिवसा पूर्वी"]},"$x":[{"t":"idOrVar","v":"plural"},"value"]},{"$i":"weeks-ago-long","$v":{"zero":"हा आठवडा","one":"शेवटचा आठवडा","two":[{"t":"idOrVar","v":"value"}," आठवड्या पूर्वी"],"few":[{"t":"idOrVar","v":"value"}," आठवड्या पूर्वी"],"many":[{"t":"idOrVar","v":"value"}," आठवड्या पूर्वी"],"other":[{"t":"idOrVar","v":"value"}," आठवड्या पूर्वी"]},"$x":[{"t":"idOrVar","v":"plural"},"value"]},{"$i":"months-ago-long","$v":{"zero":"हा महिना","one":"शेवटचा महिना","two":[{"t":"idOrVar","v":"value"}," महिने पूर्वी"],"few":[{"t":"idOrVar","v":"value"}," महिने पूर्वी"],"many":[{"t":"idOrVar","v":"value"}," महिने पूर्वी"],"other":[{"t":"idOrVar","v":"value"}," महिने पूर्वी"]},"$x":[{"t":"idOrVar","v":"plural"},"value"]},{"$i":"years-ago-long","$v":{"zero":"हे वर्ष","one":"शेवटचे वर्ष","two":[{"t":"idOrVar","v":"value"}," वर्षां पूर्वी"],"few":[{"t":"idOrVar","v":"value"}," वर्षां पूर्वी"],"many":[{"t":"idOrVar","v":"value"}," वर्षां पूर्वी"],"other":[{"t":"idOrVar","v":"value"}," वर्षां पूर्वी"]},"$x":[{"t":"idOrVar","v":"plural"},"value"]},{"$i":"minutes-until-long","$v":{"zero":"आत्ता","one":"एका मिनिटा मध्ये","two":[{"t":"idOrVar","v":"value"}," मिनिटा मध्ये"],"few":[{"t":"idOrVar","v":"value"}," मिनिटा मध्ये"],"many":[{"t":"idOrVar","v":"value"}," मिनिटा मध्ये"],"other":[{"t":"idOrVar","v":"value"}," मिनिटा मध्ये"]},"$x":[{"t":"idOrVar","v":"plural"},"value"]},{"$i":"hours-until-long","$v":{"zero":"आत्ता","one":"एका तासा मध्ये","two":[{"t":"idOrVar","v":"value"}," तासा मध्ये"],"few":[{"t":"idOrVar","v":"value"}," तासा मध्ये"],"many":[{"t":"idOrVar","v":"value"}," तासा मध्ये"],"other":[{"t":"idOrVar","v":"value"}," तासा मध्ये"]},"$x":[{"t":"idOrVar","v":"plural"},"value"]},{"$i":"days-until-long","$v":{"zero":"आज","one":"उद्या","two":[{"t":"idOrVar","v":"value"}," दिवसां मध्ये"],"few":[{"t":"idOrVar","v":"value"}," दिवसां मध्ये"],"many":[{"t":"idOrVar","v":"value"}," दिवसां मध्ये"],"other":[{"t":"idOrVar","v":"value"}," दिवसां मध्ये"]},"$x":[{"t":"idOrVar","v":"plural"},"value"]},{"$i":"weeks-until-long","$v":{"zero":"हा आठवडा","one":"पुढील आठवडा","two":[{"t":"idOrVar","v":"value"}," आठवड्यां मध्ये"],"few":[{"t":"idOrVar","v":"value"}," आठवड्यां मध्ये"],"many":[{"t":"idOrVar","v":"value"}," आठवड्यां मध्ये"],"other":[{"t":"idOrVar","v":"value"}," आठवड्यां मध्ये"]},"$x":[{"t":"idOrVar","v":"plural"},"value"]},{"$i":"months-until-long","$v":{"zero":"हा महिना","one":"पुढील महिना","two":[{"t":"idOrVar","v":"value"}," महिन्यां मध्ये"],"few":[{"t":"idOrVar","v":"value"}," महिन्यां मध्ये"],"many":[{"t":"idOrVar","v":"value"}," महिन्यां मध्ये"],"other":[{"t":"idOrVar","v":"value"}," महिन्यां मध्ये"]},"$x":[{"t":"idOrVar","v":"plural"},"value"]},{"$i":"years-until-long","$v":{"zero":"हे वर्ष","one":"पुढील वर्ष","two":[{"t":"idOrVar","v":"value"}," वर्षां मध्ये"],"few":[{"t":"idOrVar","v":"value"}," वर्षां मध्ये"],"many":[{"t":"idOrVar","v":"value"}," वर्षां मध्ये"],"other":[{"t":"idOrVar","v":"value"}," वर्षां मध्ये"]},"$x":[{"t":"idOrVar","v":"plural"},"value"]},{"$i":"minutes-ago-short","$v":{"zero":"आत्ताच","other":[{"t":"idOrVar","v":"value"}," महिन्या पूर्वी"]},"$x":[{"t":"idOrVar","v":"plural"},"value"]},{"$i":"hours-ago-short","$v":{"zero":"आत्ताच","other":[{"t":"idOrVar","v":"value"}," तासा पूर्वी"]},"$x":[{"t":"idOrVar","v":"plural"},"value"]},{"$i":"days-ago-short","$v":{"zero":"आज","other":[{"t":"idOrVar","v":"value"}," दिवसा पूर्वी"]},"$x":[{"t":"idOrVar","v":"plural"},"value"]},{"$i":"minutes-until-short","$v":{"zero":"आत्ता","other":[{"t":"idOrVar","v":"value"},"मिनिटा मध्ये"]},"$x":[{"t":"idOrVar","v":"plural"},"value"]},{"$i":"hours-until-short","$v":{"zero":"आत्ता","other":[{"t":"idOrVar","v":"value"},"तासा मध्ये"]},"$x":[{"t":"idOrVar","v":"plural"},"value"]},{"$i":"days-until-short","$v":{"zero":"आज","other":[{"t":"idOrVar","v":"value"},"दिवसां मध्ये"]},"$x":[{"t":"idOrVar","v":"plural"},"value"]},{"$i":"incorrectDate","$v":"(चुकीची तारीख)"},{"$i":"dateTimeFormat_%c","$v":"%a %b %e %Y %I:%M:%S %p"},{"$i":"dateTimeFormat_%x","$v":"%m/%d/%Y"},{"$i":"dateTimeFormat_%X","$v":"%I:%M:%S %p"},{"$i":"shortTimeFormat","$v":"%I:%M %p"},{"$i":"shortTimeFormat12","$v":"%I:%M %p"},{"$i":"shortTimeFormat24","$v":"%H:%M"},{"$i":"shortDateTimeFormat","$v":"%x %I:%M %p"},{"$i":"weekStartsOnMonday","$v":"0"},{"$i":"firstDayOfTheWeek","$v":"0"},{"$i":"time_am","$v":"AM"},{"$i":"time_pm","$v":"PM"},{"$i":"sim-with-index-and-carrier","$v":["सिम ",{"t":"idOrVar","v":"index"}," - ",{"t":"idOrVar","v":"carrier"}]},{"$i":"sim-without-carrier","$v":["सिम ",{"t":"idOrVar","v":"index"}]}]