[{"$i":"contacts","$v":"ਸੰਪਰਕ"},{"$i":"view","$v":"ਦੇਖੋ"},{"$i":"no-contacts","$v":"ਕੋਈ ਸੰਪਰਕ ਨਹੀਂ"},{"$i":"reading-contacts","$v":"ਸੰਪਰਕ ਲੋਡ ਹੋ ਰਹੇ ਹਨ"},{"$i":"start-adding","$v":"ਸੰਪਰਕ ਜੋੜਨ ਲਈ ਨਵੇਂ ਸੰਪਰਕ ਨੂੰ ਦਬਾਓ।"},{"$i":"no-contact-available","$v":"ਕੋਈ ਸੰਪਰਕ ਉਪਲਬਧ ਨਹੀਂ ਹੈ"},{"$i":"ok","$v":"ਠੀਕ ਹੈ"},{"$i":"no-phone-number-to-dial","$v":"ਡਾਇਲ ਕਰਨ ਲਈ ਕੋਈ ਵੀ ਫੋਨ ਨੰਬਰ ਨਹੀਂ ਹੈ"},{"$i":"video-call","$v":"Video call"},{"$i":"move","$v":"ਲਿਜਾਓ"},{"$i":"copy","$v":"ਕਾਪੀ ਕਰੋ"},{"$i":"copy-contacts","$v":"ਸੰਪਰਕ ਕਾਪੀ ਕਰੋ"},{"$i":"move-contacts","$v":"ਸੰਪਰਕ ਲਿਜਾਓ"},{"$i":"phone-memory","$v":"ਫੋਨ ਮੈਮਰੀ"},{"$i":"sim-memory","$v":"ਸਿਮ ਮੈਮਰੀ"},{"$i":"move-from","$v":"ਇਸ ਤੋਂ ਲਿਜਾਓ"},{"$i":"to","$v":"ਵੱਲ"},{"$i":"move-contacts-progressing","$v":"ਸੰਪਰਕ ਲਿਜਾ ਰਹੇ ਹਾਂ..."},{"$i":"copy-contacts-progressing","$v":"ਸੰਪਰਕ ਕਾਪੀ ਹੋ ਰਹੇ ਹਨ ..."},{"$i":"contact-move-to-sim","$v":[{"t":"idOrVar","v":"migrated"}," ਸੰਪਰਕ ਸਿਮ ਵਿੱਚ ਲਿਜਾਏ ਗਏ"]},{"$i":"contact-copy-to-sim","$v":[{"t":"idOrVar","v":"migrated"}," ਸੰਪਰਕ ਸਿਮ ਵਿੱਚ ਕਾਪੀ ਕੀਤੇ ਗਏ"]},{"$i":"contact-move-to-sim0","$v":[{"t":"idOrVar","v":"migrated"}," ਸੰਪਰਕ ਸਿਮ 1 ਵਿੱਚ ਲਿਜਾਏ ਗਏ"]},{"$i":"contact-copy-to-sim0","$v":[{"t":"idOrVar","v":"migrated"}," ਸੰਪਰਕ ਸਿਮ 1 ਵਿੱਚ ਕਾਪੀ ਕੀਤੇ ਗਏ"]},{"$i":"contact-move-to-sim1","$v":[{"t":"idOrVar","v":"migrated"}," ਸੰਪਰਕ ਸਿਮ 2 ਵਿੱਚ ਲਿਜਾਏ ਗਏ"]},{"$i":"contact-copy-to-sim1","$v":[{"t":"idOrVar","v":"migrated"}," ਸੰਪਰਕ ਸਿਮ 2 ਵਿੱਚ ਕਾਪੀ ਕੀਤੇ ਗਏ"]},{"$i":"contact-move-to-device","$v":[{"t":"idOrVar","v":"migrated"}," ਸੰਪਰਕ ਡਿਵਾਈਸ ਵਿੱਚ ਲਿਜਾਏ ਗਏ"]},{"$i":"contact-copy-to-device","$v":[{"t":"idOrVar","v":"migrated"}," ਸੰਪਰਕ ਡਿਵਾਈਸ ਵਿੱਚ ਕਾਪੀ ਕੀਤੇ ਗਏ"]},{"$i":"copy-contact-failed","$v":"ਸੰਪਰਕ ਕਾਪੀ ਕਰਨਾ ਅਸਫਲ ਹੋਇਆ"},{"$i":"move-contact-failed","$v":"ਸੰਪਰਕ ਕਾਪੀ ਕਰਨਾ ਅਸਫਲ ਹੋਇਆ"},{"$i":"contact-copy-error-sim-full","$v":"ਸਿਮ ਕਾਰਡ ਭਰਿਆ ਹੋਣ ਦੇ ਕਾਰਨ ਸੰਪਰਕ ਕਾਪੀ ਕਰਨਾ ਪੂਰਾ ਨਹੀਂ ਹੋਇਆ।"},{"$i":"contact-copy-error-unknown","$v":"ਅਗਿਆਤ ਤਰੁੱਟੀ ਦੇ ਕਾਰਨ ਸੰਪਰਕ ਕਾਪੀ ਕਰਨਾ ਪੂਰਾ ਨਹੀਂ ਹੋਇਆ।"},{"$i":"contact-move-error-sim-full","$v":"ਸਿਮ ਕਾਰਡ ਭਰਿਆ ਹੋਣ ਦੇ ਕਾਰਨ ਸੰਪਰਕ ਲਿਜਾਣਾ ਪੂਰਾ ਨਹੀਂ ਹੋਇਆ।"},{"$i":"contact-move-error-unknown","$v":"ਅਗਿਆਤ ਤਰੁੱਟੀ ਦੇ ਕਾਰਨ ਸੰਪਰਕ ਲਿਜਾਣਾ ਪੂਰਾ ਨਹੀਂ ਹੋਇਆ।"},{"$i":"memory","$v":"ਮੈਮਰੀ"},{"$i":"phone-and-sim","$v":"ਫੋਨ ਅਤੇ ਸਿਮ"},{"$i":"phone","$v":"ਫੋਨ"},{"$i":"sim","$v":"ਸਿਮ"},{"$i":"reloading-contact","$v":"ਸੰਪਰਕ ਦੁਬਾਰਾ ਲੋਡ ਕਰ ਰਿਹਾ ਹੈ .."},{"$i":"contact-reloaded","$v":"ਸੰਪਰਕ ਦੁਬਾਰਾ ਲੋਡ ਕੀਤੇ ਗਏ"},{"$i":"message","$v":"ਸੰਦੇਸ਼"},{"$i":"find-duplicate-contacts","$v":"ਡੁਪਲੀਕੇਟ ਸੰਪਰਕ ਲੱਭੋ"},{"$i":"no-duplicate-contact-found","$v":"ਕੋਈ ਡੁਪਲੀਕੇਟ ਸੰਪਰਕ ਨਹੀਂ ਮਿਲੇ"},{"$i":"change-saved","$v":"ਬਦਲਾਵ ਸੇਵ ਹੋਏ"},{"$i":"contact-updated","$v":"ਸੰਪਰਕ ਅਪਡੇਟ ਕੀਤਾ ਗਿਆ"},{"$i":"already-ice-contact","$v":"ਇਹ ਸੰਪਰਕ ਪਹਿਲਾਂ ਹੀ ਇੱਕ ICE ਸੰਪਰਕ ਹੈ"},{"$i":"callAirplaneModeTitle","$v":"ਏਅਰਪਲੇਨ ਮੋਡ ਸਕਿਰਿਆ ਕੀਤਾ ਗਿਆ"},{"$i":"callAirplaneModeMessage","$v":"ਕਾਲ ਕਰਨ ਲਈ ਤੁਹਾਨੂੰ ਸੈਟਿੰਗਸ ਵਿੱਚ ਜਾ ਕੇ ਏਅਰਪਲੇਨ ਮੋਡ ਨੂੰ ਅਕਿਰਿਆਸ਼ੀਲ ਕਰਨਾ ਪਵੇਗਾ ।"},{"$i":"emergencyDialogTitle","$v":"ਕੋਈ ਨੈਟਵਰਕ ਕਨੈਕਸ਼ਨ ਨਹੀਂ ਹੈ"},{"$i":"emergencyDialogBodyBadNumber","$v":"ਕਾਲ ਕਰਨ ਲਈ, ਫੋਨ ਨੂੰ ਨੈਟਵਰਕ ਨਾਲ ਕਨੈਕਟ ਕਰਨਾ ਪਵੇਗਾ।"},{"$i":"emergencyDialogBodyDeviceNotAccepted","$v":"ਨੈਟਵਰਕ ਦੁਆਰਾ ਆਪਾਤਕਾਲੀਨ ਕਾਲ ਦੀ ਮਨਜ਼ੂਰੀ ਨਹੀਂ ਦਿੱਤੀ ਗਈ ਹੈ"},{"$i":"invalidNumberToDialTitle","$v":"ਅਵੈਧ ਫੋਨ ਨੰਬਰ"},{"$i":"invalidNumberToDialMessage","$v":"ਜਿਸ ਫੋਨ ਨੰਬਰ 'ਤੇ ਤੁਸੀਂ ਕਾਲ ਕਰ ਰਹੇ ਹੋ ਉਹ ਵੈਧ ਨਹੀਂ ਹੈ।"},{"$i":"emergency-call-only","$v":"ਕੇਵਲ ਆਪਾਤਕਾਲੀਨ ਕਾਲ"},{"$i":"emergency-call-error","$v":[{"t":"idOrVar","v":"number"}," ਆਪਾਤਕਾਲੀਨ ਨੰਬਰ ਨਹੀਂ ਹੈ।"]},{"$i":"numberIsBusyTitle","$v":"ਨੰਬਰ ਵਿਅਸਤ ਹੈ"},{"$i":"numberIsBusyMessage","$v":"ਇਸ ਸਮੇਂ ਨੰਬਰ ਵਿਅਸਤ ਹੈ। ਕਿਰਪਾ ਕਰਕੇ ਬਾਅਦ ਵਿੱਚ ਕੋਸ਼ਿਸ਼ ਕਰੋ।"},{"$i":"fdnIsActiveTitle","$v":"FDN ਸਕਿਰਿਆ ਹੈ"},{"$i":"fdnIsActiveMessage","$v":["FDN (ਫਿਕਸਡ ਡਾਇਲਿੰਗ ਨੰਬਰ) ਕਾਰਜਸ਼ੀਲ ਹੈ ਅਤੇ ਹੇਠਾਂ ਦਿੱਤਾ ਗਿਆ ਨੰਬਰ ਤੁਹਾਡੀ FDN ਲਿਸਟ ਵਿੱਚ ਨਹੀਂ ਹੈ: ",{"t":"idOrVar","v":"number"}]},{"$i":"otherConnectionInUseTitle","$v":"ਹੋਰ ਕਨੈਕਸ਼ਨ ਵਰਤੋਂ ਵਿੱਚ ਹੈ"},{"$i":"otherConnectionInUseMessage","$v":"ਤੁਹਾਡੀ ਦੂਜੇ ਕਨੈਕਸ਼ਨ ਤੇ ਇੱਕ ਕਾਲ ਐਕਟਿਵ ਹੈ । ਤੁਸੀਂ ਇੱਕ ਸਮੇਂ ‘ਤੇ ਕੇਵਲ ਇੱਕ ਕਨੈਕਸ਼ਨ ਵਰਤ ਸਕਦੇ ਹੋ।"},{"$i":"GenericFailure","$v":"ਸਧਾਰਣ ਅਸਫਲਤਾ"},{"$i":"scCallBarring","$v":"ਕਾਲ ਬੈਰਿੰਗ"},{"$i":"scCallForwarding","$v":"ਕਾਲ ਫਾਰਵਰਡਿੰਗ"},{"$i":"scClip","$v":"ਇਨਕਮਿੰਗ ਕਾਲਰ ID"},{"$i":"scClir","$v":"ਆਊਟਗੋਇੰਗ ਕਾਲਰ ID"},{"$i":"scPwd","$v":"ਪਾਸਵਰਡ ਬਦਲੋ"},{"$i":"scCallWaiting","$v":"ਕਾਲ ਉਡੀਕ ਵਿੱਚ ਹੈ"},{"$i":"scPin","$v":"ਪਿਨ ਬਦਲੋ"},{"$i":"scPin2","$v":"ਪਿਨ2 ਬਦਲੋ"},{"$i":"scPuk","$v":"ਪਿਨ ਅਨਬਲੌਕ ਕਰੋ"},{"$i":"scPuk2","$v":"ਪਿਨ2 ਅਨਬਲੌਕ ਕਰੋ"},{"$i":"scImei","$v":"IMEI"},{"$i":"scMeid","$v":"MEID"},{"$i":"scUssd","$v":"USSD"},{"$i":"set-speed-dial","$v":"ਸਪੀਡ ਡਾਇਲ ਸੰਪਰਕ ਸੈੱਟ ਕਰੋ"},{"$i":"empty","$v":"ਖਾਲੀ ਹੈ"},{"$i":"voicemail","$v":"ਵੌਇਸਮੇਲ"},{"$i":"speed-dial","$v":"ਸਪੀਡ ਡਾਇਲ"},{"$i":"add","$v":"ਜੋੜੋ"},{"$i":"replace","$v":"ਬਦਲੋ"},{"$i":"remove-from-speed-dial","$v":"ਸਪੀਡ ਡਾਇਲ ਤੋਂ ਹਟਾਓ"},{"$i":"custom-dialog-replace-speed-dial","$v":["ਕੀ ਤੁਸੀਂ ਸਪੀਡ ਡਾਇਲ ",{"t":"idOrVar","v":"oldSpeedDial"}," ਨੂੰ ",{"t":"idOrVar","v":"newSpeedDial"}," ਨਾਲ ਬਦਲਣਾ ਚਾਹੁੰਦੇ ਹੋ?"]},{"$i":"custom-dialog-remove-speed-dial","$v":["ਕੀ ਤੁਸੀਂ ਸਪੀਡ ਡਾਇਲ ਤੋਂ ",{"t":"idOrVar","v":"name"}," ਨੂੰ ਹਟਾਉਣਾ ਚਾਹੁੰਦੇ ਹੋ?"]},{"$i":"voice-mail","$v":"ਵੌਇਸ ਮੇਲ"},{"$i":"voice-mail-number","$v":"ਵੌਇਸ ਮੇਲ ਨੰਬਰ"},{"$i":"voice-mail-number-updated","$v":"ਵੌਇਸ ਮੇਲ ਨੰਬਰ ਅਪਡੇਟ ਹੋਇਆ"},{"$i":"found-duplicates-message","$v":"ਹੇਠਾਂ ਦਿੱਤੇ ਗਏ ਸੰਪਰਕਾਂ ਵਿੱਚ ਡੁਪਲੀਕੇਟ ਜਾਣਕਾਰੀ ਮਿਲੀ ਸੀ । ਕੀ ਤੁਸੀਂ ਮਰਜ ਕਰਨਾ ਚਾਹੋਗੇ ?"},{"$i":"confirm-to-merge-contacts","$v":["ਕੀ ਤੁਸੀਂ ",{"t":"idOrVar","v":"name"}," ਨਾਲ ",{"t":"idOrVar","v":"n"}," ਸੰਪਰਕ(ਸੰਪਰਕਾਂ) ਨੂੰ ਮਰਜ ਕਰਨਾ ਚਾਹੁੰਦੇ ਹੋ?"]},{"$i":"merge","$v":"ਮਰਜ ਕਰੋ"},{"$i":"contact-merged","$v":"ਸੰਪਰਕ ਮਰਜ ਕੀਤੇ ਗਏ ਹਨ"},{"$i":"add-favorite","$v":"ਪਸੰਦੀਦਾ ਵਜੋਂ ਜੋੜੋ"},{"$i":"remove-favorite","$v":"ਪਸੰਦੀਦਾ ਤੋਂ ਹਟਾਓ"},{"$i":"favorite-contacts","$v":"ਪਸੰਦੀਦਾ ਸੰਪਰਕ"},{"$i":"sort-contacts","$v":"ਸੰਪਰਕਾਂ ਨੂੰ ਕ੍ਰਮਬੱਧ ਕਰੋ"},{"$i":"sort-by-first-name","$v":"ਪਹਿਲੇ ਨਾਮ ਦੇ ਅਨੁਸਾਰ ਕ੍ਰਮਬੱਧ ਕਰੋ"},{"$i":"sort-by-last-name","$v":"ਉਪਨਾਮ ਦੇ ਅਨੁਸਾਰ ਕ੍ਰਮਬੱਧ ਕਰੋ"},{"$i":"no-support-open-multi-vcard","$v":"ਅਨੇਕ ਸੰਪਰਕਾਂ ਨਾਲ ਵੀਕਾਰਡ ਖੋਲ੍ਹਿਆ ਨਹੀਂ ਜਾ ਸਕਦਾ"},{"$i":"sdcard","$v":"ਮੈਮਰੀ ਕਾਰਡ"},{"$i":"simcard","$v":"ਸਿਮ ਕਾਰਡ"},{"$i":"import-contacts","$v":"ਸੰਪਰਕ ਇਮਪੋਰਟ ਕਰੋ"},{"$i":"simContacts-error","$v":"ਸਿਮ ਤੋਂ ਸੰਪਰਕ ਇਮਪੋਰਟ ਨਹੀਂ ਹੋਏ।"},{"$i":"memoryCardContacts-error","$v":"ਮੈਮਰੀ ਕਾਰਡ ਤੋਂ ਸੰਪਰਕ ਇਮਪੋਰਟ ਨਹੀਂ ਹੋਏ।"},{"$i":"simContacts-reading","$v":"ਸਿਮ ਕਾਰਡ ਤੋਂ ਸੰਪਰਕ ਪੜ੍ਹ ਰਿਹਾ ਹੈ..."},{"$i":"memoryCardContacts-reading","$v":"ਮੈਮਰੀ ਕਾਰਡ ਤੋਂ ਸੰਪਰਕ ਪੜ੍ਹ ਰਿਹਾ ਹੈ.."},{"$i":"importContactsTitle","$v":"ਸੰਪਰਕ ਇਮਪੋਰਟ ਕਰੋ"},{"$i":"retry","$v":"ਦੁਬਾਰਾ ਕੋਸ਼ਿਸ਼ ਕਰੋ"},{"$i":"noSimMsg","$v":"ਸੰਪਰਕ ਇਮਪੋਰਟ ਕਰਨ ਲਈ ਆਪਣਾ ਸਿਮ ਕਾਰਡ ਪਾਓ ਜਾਂ ਅਨਲੌਕ ਕਰੋ"},{"$i":"noSdcardMsg","$v":"ਸੰਪਰਕ ਇਮਪੋਰਟ ਕਰਨ ਲਈ ਮੈਮਰੀ ਕਾਰਡ ਪਾਓ"},{"$i":"not-imported","$v":"ਇਮਪੋਰਟ ਨਹੀਂ ਕੀਤਾ ਗਿਆ"},{"$i":"imported","$v":"ਇਮਪੋਰਟ ਕੀਤਾ ਗਿਆ"},{"$i":"importing","$v":"ਇਮਪੋਰਟ ਕਰ ਰਿਹਾ ਹੈ"},{"$i":"contact-imported","$v":["ਇਮਪੋਰਟ ਕੀਤੇ ",{"t":"idOrVar","v":"imported"}," ਸੰਪਰਕ। ",{"t":"idOrVar","v":"dupes"}," ਸੰਪਰਕ ਮਰਜ ਕੀਤੇ ਗਏ।"]},{"$i":"contact-imported2","$v":["Imported ",{"t":"idOrVar","v":"imported"}," contacts."]},{"$i":"reading-contacts-from-sim","$v":"ਸਿਮ ਕਾਰਡ ਤੋਂ ਸੰਪਰਕ ਪੜ੍ਹ ਰਿਹਾ ਹੈ.."},{"$i":"reading-contacts-from-gmail","$v":"ਜੀਮੇਲ ਤੋਂ ਸੰਪਰਕ ਪੜ੍ਹ ਰਿਹਾ ਹੈ .."},{"$i":"reading-contacts-from-live","$v":"ਆਊਟਲੁੱਕ ਤੋਂ ਸੰਪਰਕ ਪੜ੍ਹ ਰਿਹਾ ਹੈ .."},{"$i":"reading-contacts-from-sd","$v":"ਮੈਮਰੀ ਕਾਰਡ ਤੋਂ ਸੰਪਰਕ ਪੜ੍ਹ ਰਿਹਾ ਹੈ.."},{"$i":"reading-contacts-from-vcard","$v":"ਫਾਈਲ ਤੋਂ ਸੰਪਰਕ ਪੜ੍ਹ ਰਿਹਾ ਹੈ.."},{"$i":"importing-contacts-from-sim","$v":"ਸਿਮ ਕਾਰਡ ਤੋਂ ਸੰਪਰਕਾਂ ਨੂੰ ਇੰਪੋਰਟ ਕੀਤਾ ਜਾ ਰਿਹਾ ਹੈ.."},{"$i":"importing-contacts-from-gmail","$v":"ਜੀਮੇਲ ਤੋਂ ਸੰਪਰਕ ਇੰਪੋਰਟ ਹੋ ਰਹੇ ਹਨ.."},{"$i":"importing-contacts-from-live","$v":"ਆਊਟਲੁੱਕ ਤੋਂ ਸੰਪਰਕ ਇੰਪੋਰਟ ਹੋ ਰਹੇ ਹਨ.."},{"$i":"importing-contacts-from-sd","$v":"ਮੈਮਰੀ ਕਾਰਡ ਤੋਂ ਸੰਪਰਕ ਇਮਪੋਰਟ ਕੀਤੇ ਜਾ ਰਹੇ ਹਨ .."},{"$i":"importing-contacts-from-vcard","$v":"ਫਾਈਲ ਤੋਂ ਸੰਪਰਕ ਇਮਪੋਰਟ ਕਰ ਰਿਹਾ ਹੈ.."},{"$i":"connect-network-to-import","$v":"ਸੰਪਰਕ ਇਮਪੋਰਟ ਕਰਨ ਲਈ, WiFi ਜਾਂ ਡੇਟਾ ਨੈਟਵਰਕ ਨਾਲ ਕਨੈਕਟ ਕਰੋ"},{"$i":"bluetooth","$v":"Bluetooth"},{"$i":"export","$v":"ਐਕਸਪੋਰਟ ਕਰੋ"},{"$i":"export-contacts","$v":"ਸੰਪਰਕ ਐਕਸਪੋਰਟ ਕਰੋ"},{"$i":"simExport-title","$v":"ਸਿਮ ਤੇ ਐਕਸਪੋਰਟ ਕਰੋ"},{"$i":"memoryCardExport-title","$v":"ਮੈਮਰੀ ਕਾਰਡ ਤੇ ਐਕਸਪੋਰਟ ਕਰੋ"},{"$i":"btExport-title","$v":"ਬਲੂਟੁੱਥ ਤੇ ਐਕਸਪੋਰਟ ਕਰੋ"},{"$i":"noSimMsgExport","$v":"ਸੰਪਰਕ ਐਕਸਪੋਰਟ ਕਰਨ ਲਈ ਆਪਣਾ ਸਿਮ ਕਾਰਡ ਪਾਓ ਜਾਂ ਅਨਲੌਕ ਕਰੋ"},{"$i":"noSdcardExport","$v":"To export contacts insert a memory card."},{"$i":"bluetoothNoConnection","$v":"ਸੰਪਰਕ ਐਕਸਪੋਰਟ ਕਰਨ ਲਈ ਬਲੂਟੁੱਥ ਡਿਵਾਇਸ ਨਾਲ ਕਨੈਕਟ ਕਰੋ।"},{"$i":"contact-exported","$v":["ਐਕਸਪੋਰਟ ਕੀਤੇ ",{"t":"idOrVar","v":"exported"}," ਸੰਪਰਕ।"]},{"$i":"export-contact-failed","$v":"ਸੰਪਰਕ ਐਕਸਪੋਰਟ ਕਰਨ ਵਿੱਚ ਅਸਫਲ ਹੋਇਆ"},{"$i":"contact-export-error-sim-full","$v":"ਸਿਮ ਕਾਰਡ ਭਰਿਆ ਹੋਣ ਕਰਕੇ ਸੰਪਰਕ ਐਕਸਪੋਰਟ ਕਰਨਾ ਪੂਰਾ ਨਹੀਂ ਹੋਇਆ।"},{"$i":"contact-export-error-unknown","$v":"ਅਗਿਆਤ ਤਰੁੱਟੀ ਦੇ ਕਾਰਨ ਸੰਪਰਕ ਐਕਸਪੋਰਟ ਕਰਨਾ ਪੂਰਾ ਨਹੀਂ ਹੋਇਆ।"},{"$i":"contact-export-canceled","$v":"Exporting process is canceled."},{"$i":"save","$v":"ਸੇਵ ਕਰੋ"},{"$i":"back","$v":"ਵਾਪਿਸ ਜਾਓ"},{"$i":"givenName","$v":"ਪਹਿਲਾਂ ਨਾਮ"},{"$i":"familyName","$v":"ਉਪਨਾਮ"},{"$i":"name","$v":"ਨਾਮ"},{"$i":"org","$v":"ਕੰਪਨੀ"},{"$i":"ringtone","$v":"ਰਿੰਗਟੋਨ"},{"$i":"note","$v":"ਨੋਟ"},{"$i":"email","$v":"ਈਮੇਲ"},{"$i":"adr","$v":"ਪਤਾ"},{"$i":"custom","$v":"ਕਸਟਮ"},{"$i":"confirm-discard-contact-data","$v":"ਸੰਪਰਕ ਜਾਣਕਾਰੀ ਨੂੰ ਰੱਦ ਕੀਤਾ ਜਾਏਗਾ। ਕੀ ਤੁਸੀਂ ਇਸ ਸੰਪਰਕ ਨੂੰ ਸੇਵ ਕਰਨਾ ਚਾਹੁੰਦੇ ਹੋ?"},{"$i":"discard","$v":"ਰੱਦ ਕਰੋ"},{"$i":"add-others","$v":"ਹੋਰ ਜੋੜੋ"},{"$i":"custom-type","$v":"ਕਸਟਮ ਦੀ ਕਿਸਮ"},{"$i":"input-the-custom-type","$v":"ਕਿਰਪਾ ਕਰਕੇ ਕਸਟਮ ਦੀ ਕਿਸਮ ਦਾਖਲ ਕਰੋ"},{"$i":"contact-saved","$v":"ਸੰਪਰਕ ਸੇਵ ਹੋਇਆ"},{"$i":"are-you-sure-to-delete-field","$v":["ਕੀ ਤੁਸੀਂ ",{"t":"idOrVar","v":"field"}," ਨੂੰ ਮਿਟਾਉਣਾ ਚਾਹੁੰਦੇ ਹੋ?"]},{"$i":"personal","$v":"ਨਿੱਜੀ"},{"$i":"mobile","$v":"ਮੋਬਾਈਲ"},{"$i":"current","$v":"ਵਰਤਮਾਨ"},{"$i":"home","$v":"ਹੋਮ"},{"$i":"work","$v":"ਵਰਕ"},{"$i":"other","$v":"ਹੋਰ"},{"$i":"fax-home","$v":"Fax ਹੋਮ"},{"$i":"fax-office","$v":"Fax ਆਫ਼ਿਸ"},{"$i":"fax-other","$v":"ਹੋਰ Fax"},{"$i":"add-tel","$v":"ਫੋਨ ਨੰਬਰ ਜੋੜੋ"},{"$i":"add-email","$v":"ਈਮੇਲ ਜੋੜੋ"},{"$i":"add-ringtone","$v":"ਰਿੰਗਟੋਨ ਜੋੜੋ"},{"$i":"add-adr","$v":"ਪਤਾ ਜੋੜੋ"},{"$i":"add-bday","$v":"ਜਨਮਦਿਨ ਜੋੜੋ"},{"$i":"add-photo","$v":"ਤਸਵੀਰ ਜੋੜੋ"},{"$i":"add-note","$v":"ਨੋਟ ਜੋੜੋ"},{"$i":"add-org","$v":"ਕੰਪਨੀ ਜੋੜੋ"},{"$i":"delete-tel","$v":"ਫੋਨ ਨੰਬਰ ਮਿਟਾਓ"},{"$i":"delete-email","$v":"ਈਮੇਲ ਮਿਟਾਓ"},{"$i":"delete-ringtone","$v":"ਰਿੰਗਟੋਨ ਮਿਟਾਓ"},{"$i":"delete-adr","$v":"ਪਤਾ ਮਿਟਾਓ"},{"$i":"delete-bday","$v":"ਜਨਮਦਿਨ ਮਿਟਾਓ"},{"$i":"delete-photo","$v":"ਤਸਵੀਰ ਹਟਾਓ"},{"$i":"delete-note","$v":"ਨੋਟ ਮਿਟਾਓ"},{"$i":"delete-org","$v":"ਕੰਪਨੀ ਮਿਟਾਓ"},{"$i":"edit-tel-type","$v":"ਫੋਨ ਦੀ ਕਿਸਮ ਸੰਪਾਦਿਤ ਕਰੋ"},{"$i":"edit-email-type","$v":"ਈਮੇਲ ਦੀ ਕਿਸਮ ਸੰਪਾਦਿਤ ਕਰੋ"},{"$i":"edit-adr-type","$v":"ਪਤੇ ਦੀ ਕਿਸਮ ਸੰਪਾਦਿਤ ਕਰੋ"},{"$i":"edit-bday-type","$v":"ਜਨਮਦਿਨ ਸੰਪਾਦਿਤ ਕਰੋ"},{"$i":"replace-photo","$v":"ਫੋਟੋ ਬਦਲੋ"},{"$i":"replace-ringtone","$v":"ਰਿੰਗਟੋਨ ਬਦਲੋ"},{"$i":"mobile-tel","$v":"ਮੋਬਾਈਲ ਫੋਨ"},{"$i":"home-tel","$v":"ਘਰ ਦਾ ਫੋਨ"},{"$i":"work-tel","$v":"ਵਰਕ ਫੋਨ"},{"$i":"personal-tel","$v":"ਵਿਅਕਤੀਗਤ ਫੋਨ"},{"$i":"fax-home-tel","$v":"ਹੋਮ Fax"},{"$i":"fax-office-tel","$v":"ਦਫ਼ਤਰ ਦਾ Fax"},{"$i":"fax-other-tel","$v":"ਹੋਰ Fax"},{"$i":"other-tel","$v":"ਹੋਰ ਫੋਨ"},{"$i":"personal-email","$v":"ਵਿਅਕਤੀਗਤ ਈ-ਮੇਲ"},{"$i":"work-email","$v":"ਵਰਕ ਈਮੇਲ"},{"$i":"other-email","$v":"ਹੋਰ ਈ-ਮੇਲ"},{"$i":"custom-email","$v":[{"t":"idOrVar","v":"type"}," ਈ-ਮੇਲ"]},{"$i":"custom-tel","$v":[{"t":"idOrVar","v":"type"}," ਫੋਨ"]},{"$i":"personal-adr","$v":"ਵਿਅਕਤੀਗਤ ਪਤਾ"},{"$i":"current-adr","$v":"ਵਰਤਮਾਨ ਪਤਾ"},{"$i":"home-adr","$v":"ਘਰ ਦਾ ਪਤਾ"},{"$i":"work-adr","$v":"ਵਰਕ ਐਡਰੈੱਸ"},{"$i":"custom-adr","$v":[{"t":"idOrVar","v":"type"}," ਪਤਾ"]},{"$i":"bday","$v":"ਜਨਮਦਿਨ"},{"$i":"birthday","$v":"ਜਨਮਦਿਨ"},{"$i":"streetAddress","$v":"ਸਟ੍ਰੀਟ"},{"$i":"locality","$v":"ਸ਼ਹਿਰ"},{"$i":"postalCode","$v":"ਪਿਨ ਕੋਡ"},{"$i":"countryName","$v":"ਦੇਸ਼"},{"$i":"region","$v":"ਸਥਿਤੀ"},{"$i":"no-name","$v":"ਕੋਈ ਨਾਮ ਨਹੀਂ"},{"$i":"new-contact","$v":"ਨਵਾਂ ਸੰਪਰਕ"},{"$i":"options","$v":"ਵਿਕਲਪ"},{"$i":"cancel","$v":"ਰੱਦ ਕਰੋ"},{"$i":"settings","$v":"ਸੈਟਿੰਗਸ"},{"$i":"edit","$v":"ਸੰਪਾਦਿਤ ਕਰੋ"},{"$i":"share","$v":"ਸਾਂਝਾ ਕਰੋ"},{"$i":"remove","$v":"ਹਟਾਓ"},{"$i":"music","$v":"ਸੰਗੀਤ"},{"$i":"ICEContactsGroup","$v":"ICE ਸੰਪਰਕ"},{"$i":"setICEButton","$v":"ICE ਸੰਪਰਕ ਸੈੱਟ ਕਰੋ"},{"$i":"ICESettingTitle","$v":"ICE ਸੰਪਰਕ"},{"$i":"ICEDescription","$v":"ਸੰਕਟਕਾਲੀਨ  ਸਥਿਤੀ ਵਿੱਚ  ਕਾਲ ਕਰਨ ਦੇ ਲਈ ਪੰਜ ਸੰਪਰਕ ਜੋੜੋ"},{"$i":"ICEContact","$v":["ICE ਸੰਪਰਕ ",{"t":"idOrVar","v":"n"}]},{"$i":"ICESelectContact","$v":"ਇੱਕ ਸੰਪਰਕ ਚੁਣੋ"},{"$i":"delete-ice-contact-warning","$v":"ਕੀ ਤੁਸੀਂ ICE ਸੰਪਰਕ ਨੂੰ ਹਟਾਉਣਾ ਚਾਹੁੰਦੇ ਹੋ ?"},{"$i":"confirm","$v":"ਪੁਸ਼ਟੀਕਰਨ"},{"$i":"send-message","$v":"ਸੰਦੇਸ਼ ਭੇਜੋ"},{"$i":"call","$v":"ਕਾਲ ਕਰੋ"},{"$i":"send-email","$v":"ਈਮੇਲ ਭੇਜੋ"},{"$i":"choose-number","$v":"ਇੱਕ ਨੰਬਰ ਚੁਣੋ"},{"$i":"choose-email-adress","$v":"ਇੱਕ ਈਮੇਲ ਐਡਰੈੱਸ ਚੁਣੋ"},{"$i":"delete","$v":"ਮਿਟਾਓ"},{"$i":"select","$v":"ਚੁਣੋ"},{"$i":"select-all","$v":"ਸਾਰੇ ਚੁਣੋ"},{"$i":"deselect-all","$v":"ਸਾਰਿਆਂ ਨੂੰ ਅਣਚੁਣਿਆ ਕਰੋ"},{"$i":"deselect","$v":"ਅਣਚੁਣਿਆ ਕਰੋ"},{"$i":"selected-contacts","$v":{"zero":"ਕੋਈ ਚੁਣਿਆਂ ਨਹੀਂ ਗਿਆ","one":[{"t":"idOrVar","v":"n"}," ਚੁਣੇ ਗਏ"],"two":[{"t":"idOrVar","v":"n"}," ਚੁਣੇ ਗਏ"],"few":[{"t":"idOrVar","v":"n"}," ਚੁਣੇ ਗਏ"],"many":[{"t":"idOrVar","v":"n"}," ਚੁਣੇ ਗਏ"],"other":[{"t":"idOrVar","v":"n"}," ਚੁਣੇ ਗਏ"]},"$x":[{"t":"idOrVar","v":"plural"},"n"]},{"$i":"massive-delete","$v":"ਸੰਪਰਕ ਮਿਟਾਓ"},{"$i":"confirm-contact-delete","$v":["ਕੀ ਤੁਸੀਂ ਸੰਪਰਕ ",{"t":"idOrVar","v":"name"}," ਨੂੰ ਮਿਟਾਉਣਾ ਚਾਹੁੰਦੇ ਹੋ?"]},{"$i":"DeletedTxt","$v":{"zero":"ਮਿਟਾਉਣ ਲਈ ਕੋਈ ਸੰਪਰਕ ਨਹੀਂ","one":"1 ਸੰਪਰਕ ਹਟਾਇਆ ਗਿਆ","two":[{"t":"idOrVar","v":"n"}," ਸੰਪਰਕ ਹਟਾਏ ਗਏ"],"few":[{"t":"idOrVar","v":"n"}," ਸੰਪਰਕ ਹਟਾਏ ਗਏ"],"many":[{"t":"idOrVar","v":"n"}," ਸੰਪਰਕ ਹਟਾਏ ਗਏ"],"other":[{"t":"idOrVar","v":"n"}," ਸੰਪਰਕ ਹਟਾਏ ਗਏ"]},"$x":[{"t":"idOrVar","v":"plural"},"n"]},{"$i":"DeletingContacts","$v":"ਸੰਪਰਕ ਮਿਟ ਰਹੇ ਹਨ"},{"$i":"ContactConfirmDel","$v":{"zero":"ਮਿਟਾਉਣ ਲਈ ਕੋਈ ਸੰਪਰਕ ਨਹੀਂ","one":"ਕੀ 1 ਸੰਪਰਕ ਮਿਟਾਉਣਾ ਹੈ ? ਇਸ ਨੂੰ ਮੁੜ ਪ੍ਰਾਪਤ ਨਹੀਂ ਕੀਤਾ ਜਾ ਸਕਦਾ।","two":["ਕੀ ",{"t":"idOrVar","v":"n"}," ਸੰਪਰਕ ਮਿਟਾਉਣੇ ਹਨ ? ਇਸ ਨੂੰ ਮੁੜ ਪ੍ਰਾਪਤ ਨਹੀਂ ਕੀਤਾ ਜਾ ਸਕਦਾ।"],"few":["ਕੀ ",{"t":"idOrVar","v":"n"}," ਸੰਪਰਕ ਮਿਟਾਉਣੇ ਹਨ ? ਇਸ ਨੂੰ ਮੁੜ ਪ੍ਰਾਪਤ ਨਹੀਂ ਕੀਤਾ ਜਾ ਸਕਦਾ।"],"many":["ਕੀ ",{"t":"idOrVar","v":"n"}," ਸੰਪਰਕ ਮਿਟਾਉਣੇ ਹਨ ? ਇਸ ਨੂੰ ਮੁੜ ਪ੍ਰਾਪਤ ਨਹੀਂ ਕੀਤਾ ਜਾ ਸਕਦਾ।"],"other":["ਕੀ ",{"t":"idOrVar","v":"n"}," ਸੰਪਰਕ ਮਿਟਾਉਣੇ ਹਨ ? ਇਸ ਨੂੰ ਮੁੜ ਪ੍ਰਾਪਤ ਨਹੀਂ ਕੀਤਾ ਜਾ ਸਕਦਾ।"]},"$x":[{"t":"idOrVar","v":"plural"},"n"]},{"$i":"contact-deleted","$v":[{"t":"idOrVar","v":"n"}," ਸੰਪਰਕ ਹਟਾਏ ਗਏ"]},{"$i":"change-will-update-until-restart","$v":"ਬਦਲਾਵਾਂ ਨੂੰ ਅਗਲੀ ਵਾਰ ਅਪਡੇਟ ਕੀਤਾ ਜਾਵੇਗਾ ਸੰਪਰਕ ਲਾਂਚ ਕੀਤੇ ਗਏ ਹਨ।"},{"$i":"transfer-contacts","$v":"ਸੰਪਰਕ ਟ੍ਰਾਂਸਫ਼ਰ ਕਰੋ"},{"$i":"contacts-management","$v":"ਸੰਪਰਕ ਪ੍ਰਬੰਧਨ"},{"$i":"no-contacts-found","$v":"ਕੋਈ ਸੰਪਰਕ ਨਹੀਂ ਮਿਲਿਆ"},{"$i":"weekday-0-long","$v":"ਐਤਵਾਰ"},{"$i":"weekday-1-long","$v":"ਸੋਮਵਾਰ"},{"$i":"weekday-2-long","$v":"ਮੰਗਲਵਾਰ"},{"$i":"weekday-3-long","$v":"ਬੁੱਧਵਾਰ"},{"$i":"weekday-4-long","$v":"ਵੀਰਵਾਰ"},{"$i":"weekday-5-long","$v":"ਸ਼ੁੱਕਰਵਾਰ"},{"$i":"weekday-6-long","$v":"ਸ਼ਨੀਵਾਰ"},{"$i":"weekday-0-short","$v":"ਐਤ"},{"$i":"weekday-1-short","$v":"ਸੋਮ"},{"$i":"weekday-2-short","$v":"ਮੰਗਲ"},{"$i":"weekday-3-short","$v":"ਬੁੱਧ"},{"$i":"weekday-4-short","$v":"ਵੀਰ"},{"$i":"weekday-5-short","$v":"ਸ਼ੁੱਕਰਵਾਰ"},{"$i":"weekday-6-short","$v":"ਸ਼ਨੀ"},{"$i":"month-0-long","$v":"ਜਨਵਰੀ"},{"$i":"month-1-long","$v":"ਫਰਵਰੀ"},{"$i":"month-2-long","$v":"ਮਾਰਚ"},{"$i":"month-3-long","$v":"ਅਪ੍ਰੈਲ"},{"$i":"month-4-long","$v":"ਮਈ"},{"$i":"month-5-long","$v":"ਜੂਨ"},{"$i":"month-6-long","$v":"ਜੁਲਾਈ"},{"$i":"month-7-long","$v":"ਅਗਸਤ"},{"$i":"month-8-long","$v":"ਸਤੰਬਰ"},{"$i":"month-9-long","$v":"ਅਕਤੂਬਰ"},{"$i":"month-10-long","$v":"ਨਵੰਬਰ"},{"$i":"month-11-long","$v":"ਦਸੰਬਰ"},{"$i":"month-0-genitive","$v":"ਜਨਵਰੀ"},{"$i":"month-1-genitive","$v":"ਫਰਵਰੀ"},{"$i":"month-2-genitive","$v":"ਮਾਰਚ"},{"$i":"month-3-genitive","$v":"ਅਪ੍ਰੈਲ"},{"$i":"month-4-genitive","$v":"ਮਈ"},{"$i":"month-5-genitive","$v":"ਜੂਨ"},{"$i":"month-6-genitive","$v":"ਜੁਲਾਈ"},{"$i":"month-7-genitive","$v":"ਅਗਸਤ"},{"$i":"month-8-genitive","$v":"ਸਤੰਬਰ"},{"$i":"month-9-genitive","$v":"ਅਕਤੂਬਰ"},{"$i":"month-10-genitive","$v":"ਨਵੰਬਰ"},{"$i":"month-11-genitive","$v":"ਦਸੰਬਰ"},{"$i":"month-0-short","$v":"ਜਨਵਰੀ"},{"$i":"month-1-short","$v":"ਫਰਵਰੀ"},{"$i":"month-2-short","$v":"ਮਾਰਚ"},{"$i":"month-3-short","$v":"ਅਪ੍ਰੈਲ"},{"$i":"month-4-short","$v":"ਮਈ"},{"$i":"month-5-short","$v":"ਜੂਨ"},{"$i":"month-6-short","$v":"ਜੁਲਾਈ"},{"$i":"month-7-short","$v":"ਅਗਸਤ"},{"$i":"month-8-short","$v":"ਸਤੰਬਰ"},{"$i":"month-9-short","$v":"ਅਕਤੂਬਰ"},{"$i":"month-10-short","$v":"ਨਵੰਬਰ"},{"$i":"month-11-short","$v":"ਦਸੰਬਰ"},{"$i":"minutes-ago-long","$v":{"zero":"ਸਿਰਫ਼ ਹੁਣ","one":"ਇੱਕ ਮਿੰਟ ਪਹਿਲਾਂ","two":[{"t":"idOrVar","v":"value"}," ਮਿੰਟ ਪਹਿਲਾਂ"],"few":[{"t":"idOrVar","v":"value"}," ਮਿੰਟ ਪਹਿਲਾਂ"],"many":[{"t":"idOrVar","v":"value"}," ਮਿੰਟ ਪਹਿਲਾਂ"],"other":[{"t":"idOrVar","v":"value"}," ਮਿੰਟ ਪਹਿਲਾਂ"]},"$x":[{"t":"idOrVar","v":"plural"},"value"]},{"$i":"hours-ago-long","$v":{"zero":"ਸਿਰਫ਼ ਹੁਣ","one":"ਇੱਕ ਘੰਟਾ ਪਹਿਲਾਂ","two":[{"t":"idOrVar","v":"value"}," ਘੰਟੇ ਪਹਿਲਾਂ"],"few":[{"t":"idOrVar","v":"value"}," ਘੰਟੇ ਪਹਿਲਾਂ"],"many":[{"t":"idOrVar","v":"value"}," ਘੰਟੇ ਪਹਿਲਾਂ"],"other":[{"t":"idOrVar","v":"value"}," ਘੰਟੇ ਪਹਿਲਾਂ"]},"$x":[{"t":"idOrVar","v":"plural"},"value"]},{"$i":"days-ago-long","$v":{"zero":"ਅੱਜ","one":"ਗੁਜ਼ਰਿਆ ਹੋਇਆ ਕੱਲ","two":[{"t":"idOrVar","v":"value"}," ਦਿਨ ਪਹਿਲਾਂ"],"few":[{"t":"idOrVar","v":"value"}," ਦਿਨ ਪਹਿਲਾਂ"],"many":[{"t":"idOrVar","v":"value"}," ਦਿਨ ਪਹਿਲਾਂ"],"other":[{"t":"idOrVar","v":"value"}," ਦਿਨ ਪਹਿਲਾਂ"]},"$x":[{"t":"idOrVar","v":"plural"},"value"]},{"$i":"weeks-ago-long","$v":{"zero":"ਇਹ ਹਫ਼ਤਾ","one":"ਪਿਛਲਾ ਹਫ਼ਤਾ","two":[{"t":"idOrVar","v":"value"}," ਹਫ਼ਤੇ ਪਹਿਲਾਂ"],"few":[{"t":"idOrVar","v":"value"}," ਹਫ਼ਤੇ ਪਹਿਲਾਂ"],"many":[{"t":"idOrVar","v":"value"}," ਹਫ਼ਤੇ ਪਹਿਲਾਂ"],"other":[{"t":"idOrVar","v":"value"}," ਹਫ਼ਤੇ ਪਹਿਲਾਂ"]},"$x":[{"t":"idOrVar","v":"plural"},"value"]},{"$i":"months-ago-long","$v":{"zero":"ਇਹ ਮਹੀਨਾ","one":"ਪਿਛਲਾ ਮਹੀਨਾ","two":[{"t":"idOrVar","v":"value"}," ਮਹੀਨੇ ਮਹੀਨਾ"],"few":[{"t":"idOrVar","v":"value"}," ਮਹੀਨੇ ਮਹੀਨਾ"],"many":[{"t":"idOrVar","v":"value"}," ਮਹੀਨੇ ਮਹੀਨਾ"],"other":[{"t":"idOrVar","v":"value"}," ਮਹੀਨੇ ਮਹੀਨਾ"]},"$x":[{"t":"idOrVar","v":"plural"},"value"]},{"$i":"years-ago-long","$v":{"zero":"ਇਹ ਸਾਲ","one":"ਪਿਛਲਾ ਸਾਲ","two":[{"t":"idOrVar","v":"value"}," ਸਾਲ ਪਹਿਲਾਂ"],"few":[{"t":"idOrVar","v":"value"}," ਸਾਲ ਪਹਿਲਾਂ"],"many":[{"t":"idOrVar","v":"value"}," ਸਾਲ ਪਹਿਲਾਂ"],"other":[{"t":"idOrVar","v":"value"}," ਸਾਲ ਪਹਿਲਾਂ"]},"$x":[{"t":"idOrVar","v":"plural"},"value"]},{"$i":"minutes-until-long","$v":{"zero":"ਹੁਣ","one":"ਇੱਕ ਮਿੰਟ ਵਿੱਚ","two":[{"t":"idOrVar","v":"value"}," ਮਿੰਟਾਂ ਵਿੱਚ"],"few":[{"t":"idOrVar","v":"value"}," ਮਿੰਟਾਂ ਵਿੱਚ"],"many":[{"t":"idOrVar","v":"value"}," ਮਿੰਟਾਂ ਵਿੱਚ"],"other":[{"t":"idOrVar","v":"value"}," ਮਿੰਟਾਂ ਵਿੱਚ"]},"$x":[{"t":"idOrVar","v":"plural"},"value"]},{"$i":"hours-until-long","$v":{"zero":"ਹੁਣ","one":"ਇੱਕ ਘੰਟੇ ਵਿੱਚ","two":[{"t":"idOrVar","v":"value"}," ਘੰਟਿਆਂ ਵਿੱਚ"],"few":[{"t":"idOrVar","v":"value"}," ਘੰਟਿਆਂ ਵਿੱਚ"],"many":[{"t":"idOrVar","v":"value"}," ਘੰਟਿਆਂ ਵਿੱਚ"],"other":[{"t":"idOrVar","v":"value"}," ਘੰਟਿਆਂ ਵਿੱਚ"]},"$x":[{"t":"idOrVar","v":"plural"},"value"]},{"$i":"days-until-long","$v":{"zero":"ਅੱਜ","one":"ਆਉਣ ਵਾਲਾ ਕੱਲ","two":[{"t":"idOrVar","v":"value"}," ਦਿਨਾਂ ਵਿੱਚ"],"few":[{"t":"idOrVar","v":"value"}," ਦਿਨਾਂ ਵਿੱਚ"],"many":[{"t":"idOrVar","v":"value"}," ਦਿਨਾਂ ਵਿੱਚ"],"other":[{"t":"idOrVar","v":"value"}," ਦਿਨਾਂ ਵਿੱਚ"]},"$x":[{"t":"idOrVar","v":"plural"},"value"]},{"$i":"weeks-until-long","$v":{"zero":"ਇਹ ਹਫ਼ਤਾ","one":"ਅਗਲਾ ਹਫ਼ਤਾ","two":[{"t":"idOrVar","v":"value"}," ਹਫ਼ਤਿਆਂ ਵਿੱਚ"],"few":[{"t":"idOrVar","v":"value"}," ਹਫ਼ਤਿਆਂ ਵਿੱਚ"],"many":[{"t":"idOrVar","v":"value"}," ਹਫ਼ਤਿਆਂ ਵਿੱਚ"],"other":[{"t":"idOrVar","v":"value"}," ਹਫ਼ਤਿਆਂ ਵਿੱਚ"]},"$x":[{"t":"idOrVar","v":"plural"},"value"]},{"$i":"months-until-long","$v":{"zero":"ਇਹ ਮਹੀਨਾ","one":"ਅਗਲਾ ਮਹੀਨਾ","two":[{"t":"idOrVar","v":"value"}," ਮਹੀਨਿਆਂ ਵਿੱਚ"],"few":[{"t":"idOrVar","v":"value"}," ਮਹੀਨਿਆਂ ਵਿੱਚ"],"many":[{"t":"idOrVar","v":"value"}," ਮਹੀਨਿਆਂ ਵਿੱਚ"],"other":[{"t":"idOrVar","v":"value"}," ਮਹੀਨਿਆਂ ਵਿੱਚ"]},"$x":[{"t":"idOrVar","v":"plural"},"value"]},{"$i":"years-until-long","$v":{"zero":"ਇਹ ਸਾਲ","one":"ਅਗਲਾ ਸਾਲ","two":[{"t":"idOrVar","v":"value"}," ਸਾਲਾਂ ਵਿੱਚ"],"few":[{"t":"idOrVar","v":"value"}," ਸਾਲਾਂ ਵਿੱਚ"],"many":[{"t":"idOrVar","v":"value"}," ਸਾਲਾਂ ਵਿੱਚ"],"other":[{"t":"idOrVar","v":"value"}," ਸਾਲਾਂ ਵਿੱਚ"]},"$x":[{"t":"idOrVar","v":"plural"},"value"]},{"$i":"minutes-ago-short","$v":{"zero":"ਸਿਰਫ਼ ਹੁਣ","other":[{"t":"idOrVar","v":"value"}," ਮਿੰਟ ਪਹਿਲਾਂ"]},"$x":[{"t":"idOrVar","v":"plural"},"value"]},{"$i":"hours-ago-short","$v":{"zero":"ਸਿਰਫ਼ ਹੁਣ","other":[{"t":"idOrVar","v":"value"}," ਘੰਟਾ ਪਹਿਲਾਂ"]},"$x":[{"t":"idOrVar","v":"plural"},"value"]},{"$i":"days-ago-short","$v":{"zero":"ਅੱਜ","other":[{"t":"idOrVar","v":"value"}," ਦਿਨ ਪਹਿਲਾਂ"]},"$x":[{"t":"idOrVar","v":"plural"},"value"]},{"$i":"minutes-until-short","$v":{"zero":"ਹੁਣ","other":[{"t":"idOrVar","v":"value"}," ਮਿੰਟ ਵਿੱਚ"]},"$x":[{"t":"idOrVar","v":"plural"},"value"]},{"$i":"hours-until-short","$v":{"zero":"ਹੁਣ","other":[{"t":"idOrVar","v":"value"}," ਘੰਟੇ ਵਿੱਚ"]},"$x":[{"t":"idOrVar","v":"plural"},"value"]},{"$i":"days-until-short","$v":{"zero":"ਅੱਜ","other":[{"t":"idOrVar","v":"value"}," ਦਿਨ ਵਿੱਚ"]},"$x":[{"t":"idOrVar","v":"plural"},"value"]},{"$i":"incorrectDate","$v":"(ਗਲਤ ਮਿਤੀ)"},{"$i":"dateTimeFormat_%c","$v":"%a %b %e %Y %I:%M:%S %p"},{"$i":"dateTimeFormat_%x","$v":"%m/%d/%Y"},{"$i":"dateTimeFormat_%X","$v":"%I:%M:%S %p"},{"$i":"shortTimeFormat","$v":"%I:%M %p"},{"$i":"shortTimeFormat12","$v":"%I:%M %p"},{"$i":"shortTimeFormat24","$v":"%H:%M"},{"$i":"shortDateTimeFormat","$v":"%x %I:%M %p"},{"$i":"weekStartsOnMonday","$v":"0"},{"$i":"firstDayOfTheWeek","$v":"0"},{"$i":"time_am","$v":"AM"},{"$i":"time_pm","$v":"PM"},{"$i":"sim-with-index-and-carrier","$v":["ਸਿਮ ",{"t":"idOrVar","v":"index"}," - ",{"t":"idOrVar","v":"carrier"}]},{"$i":"sim-without-carrier","$v":["ਸਿਮ ",{"t":"idOrVar","v":"index"}]}]