[{"$i":"contacts","$v":"ᱡᱚᱜᱟᱡᱳᱜᱠᱚ"},{"$i":"view","$v":"ᱧᱮᱸᱞ"},{"$i":"no-contacts","$v":"ᱵᱟᱱᱩᱜ-ᱟ ᱡᱚᱜᱟᱡᱳᱜ ᱠᱚ"},{"$i":"reading-contacts","$v":"ᱡᱚᱜᱟᱡᱳᱜ ᱠᱚ ᱵᱷᱟᱨᱤᱜ ᱠᱟᱱᱟ"},{"$i":"start-adding","$v":"ᱩᱛᱟᱭ ᱱᱟᱣᱟ ᱡᱚᱜᱟᱡᱳᱜ ᱡᱚᱜᱟᱡᱳᱜ ᱥᱮᱞᱮᱫ ᱞᱟᱜᱤᱫ."},{"$i":"no-contact-available","$v":"ᱱᱚᱱᱰᱮ ᱫᱚ ᱡᱚᱜᱟᱡᱳᱜ ᱵᱟᱝ ᱧᱟᱢᱚᱜ ᱠᱟᱬᱟ"},{"$i":"ok","$v":"ᱴᱤᱠ"},{"$i":"no-phone-number-to-dial","$v":"ᱰᱟᱭᱤᱞ ᱞᱟᱜᱤᱫ ᱯᱷᱹᱚᱱ ᱞᱮᱠᱷᱟ ᱵᱟᱱᱩᱜ-ᱟ"},{"$i":"video-call","$v":"Video call"},{"$i":"move","$v":"ᱞᱟᱲᱟᱣ"},{"$i":"copy","$v":"ᱱᱚᱠᱚᱞ"},{"$i":"copy-contacts","$v":"ᱥᱚᱢᱯᱚᱜ ᱠᱚ ᱱᱫᱠᱚᱞ ᱢᱮ"},{"$i":"move-contacts","$v":"ᱥᱚᱢᱯᱚᱜ ᱠᱚ ᱞᱟᱲᱟᱣ ᱢᱮ"},{"$i":"phone-memory","$v":"ᱯᱷᱚᱱ ᱢᱮᱢᱚᱨᱤ"},{"$i":"sim-memory","$v":"ᱮᱥ. ᱟᱤ. ᱮᱢ. ᱢᱮᱢᱚᱨᱤ"},{"$i":"move-from","$v":"ᱠᱷᱚᱱ ᱞᱟᱲᱟᱣ"},{"$i":"to","$v":"ᱛᱮ"},{"$i":"move-contacts-progressing","$v":"ᱥᱚᱢᱯᱚᱠ (ᱠᱚ) ᱞᱟᱲᱟᱣᱭᱮᱫ ᱟ..."},{"$i":"copy-contacts-progressing","$v":"ᱥᱚᱢᱯᱚᱠ (ᱠᱚ) ᱱᱚᱠᱚᱞᱭᱮᱫ ᱟ..."},{"$i":"contact-move-to-sim","$v":["{{ ᱡᱟᱭᱜᱟ ᱵᱚᱫᱚᱞ}} ᱥᱚᱢᱯᱚᱠ (ᱠᱚ) ᱮᱥ. ᱟᱤ. ᱮᱢ ᱨᱮ ᱞᱟᱲᱟᱣᱭᱮᱱᱟ"]},{"$i":"contact-copy-to-sim","$v":["{{ ᱡᱟᱭᱜᱟ ᱵᱚᱫᱚᱞ}}ᱥᱚᱢᱯᱚᱠ (ᱠᱚ) ᱮᱥ. ᱟᱤ.ᱮᱢ. ᱨᱮ ᱱᱚᱠᱚᱞᱭᱮᱱᱟ"]},{"$i":"contact-move-to-sim0","$v":["{{ᱡᱟᱭᱜᱟ ᱵᱚᱫᱚᱞ}} ᱥᱚᱢᱯᱚᱠ (ᱠᱚ) ᱮᱥ. ᱟᱤ. ᱮᱢ 1 ᱨᱮ ᱞᱟᱲᱟᱣᱭᱮᱱᱟ"]},{"$i":"contact-copy-to-sim0","$v":["{{ᱡᱟᱭᱜᱟ ᱵᱚᱫᱚᱞ}} ᱥᱚᱢᱯᱚᱠ (ᱠᱚ) ᱮᱥ.ᱟᱤ. ᱮᱢ ᱱᱚᱠᱚᱞᱭᱮᱱᱟ 1 ᱨᱮ ᱱᱚᱠᱚᱞᱭᱮᱱᱟ"]},{"$i":"contact-move-to-sim1","$v":["{{ᱡᱟᱭᱜᱟ ᱵᱚᱫᱚᱞ}} ᱥᱚᱢᱯᱚᱠ(ᱠᱚ) ᱮᱥ. ᱟᱤ. ᱮᱢ.2 ᱨᱮ ᱞᱟᱲᱟᱣᱭᱮᱱᱟ"]},{"$i":"contact-copy-to-sim1","$v":["{{ᱡᱟᱭᱜᱟ ᱵᱚᱫᱚᱞ}} ᱥᱚᱢᱯᱚᱠ(ᱠᱚ) ᱮᱥ. ᱟᱤ. ᱮᱢ.2 ᱨᱮ ᱱᱚᱠᱚᱞᱭᱮᱱᱟ"]},{"$i":"contact-move-to-device","$v":["{{ᱡᱟᱭᱜᱟ ᱵᱚᱫᱚᱞ}} ᱥᱚᱢᱯᱚᱠ(ᱠᱚ) ᱰᱤᱵᱟᱤᱥ ᱨᱮ ᱞᱟᱲᱟᱣᱭᱮᱱᱟ"]},{"$i":"contact-copy-to-device","$v":["{{ᱡᱟᱭᱜᱟ ᱵᱚᱫᱚᱞ}} ᱥᱚᱢᱯᱚᱠ(ᱠᱚ) ᱰᱤᱵᱟᱤᱥ ᱨᱮ ᱱᱚᱠᱚᱞᱭᱮᱱᱟ"]},{"$i":"copy-contact-failed","$v":"ᱥᱚᱢᱯᱚᱠ ᱱᱚᱠᱚᱞ ᱰᱤᱜᱟᱹᱣᱮᱱᱟ"},{"$i":"move-contact-failed","$v":"ᱥᱚᱢᱯᱚᱠ ᱱᱚᱠᱚᱞ ᱰᱤᱜᱟᱹᱣᱮᱱᱟ"},{"$i":"contact-copy-error-sim-full","$v":"ᱥᱚᱢᱯᱚᱠ ᱠᱚ ᱱᱚᱠᱚᱞ ᱮᱥ. ᱟᱤ. ᱮᱢ. ᱠᱟᱨᱰ ᱯᱮᱨᱮᱡ ᱠᱟᱨᱚᱱ ᱛᱮ ᱵᱟᱭ ᱯᱩᱨᱟᱹᱣᱞᱮᱱᱟ."},{"$i":"contact-copy-error-unknown","$v":"ᱥᱚᱢᱯᱚᱠ ᱠᱚ ᱱᱚᱠᱚᱞ ᱱᱚᱠᱚᱞ ᱵᱟᱝ ᱵᱟᱲᱟᱭ ᱵᱷᱩᱞ ᱠᱟᱨᱚᱱ ᱛᱮ ᱵᱟᱭ ᱯᱩᱨᱟᱹᱣᱞᱮᱱᱟ."},{"$i":"contact-move-error-sim-full","$v":"ᱥᱚᱢᱯᱚᱠ ᱠᱚ ᱞᱟᱲᱟᱣ ᱮᱥ. ᱟᱤ. ᱮᱢ. ᱠᱟᱨᱰ ᱯᱮᱨᱮᱡ ᱠᱟᱨᱚᱱ ᱛᱮ ᱵᱟᱭ ᱯᱩᱨᱟᱹᱣᱞᱮᱱᱟ."},{"$i":"contact-move-error-unknown","$v":"ᱥᱚᱢᱯᱚᱠ ᱠᱚ ᱞᱟᱲᱟᱣ ᱵᱟᱝ ᱵᱟᱲᱟᱭ ᱵᱷᱩᱞ ᱠᱟᱨᱚᱱ ᱛᱮ ᱵᱟᱭ ᱯᱩᱨᱟᱹᱣᱞᱮᱱᱟ."},{"$i":"memory","$v":"ᱢᱮᱢᱚᱨᱤ"},{"$i":"phone-and-sim","$v":"ᱯᱷᱚᱱ ᱟᱨ ᱮᱥ. ᱟᱤ. ᱮᱢ."},{"$i":"phone","$v":"ᱯᱷᱹᱚᱱ"},{"$i":"sim","$v":"SIM"},{"$i":"reloading-contact","$v":"ᱥᱚᱢᱯᱚᱠ ᱠᱚ ᱫᱚᱦᱲᱟᱞᱟᱫᱮᱭᱮᱫ ᱟ.."},{"$i":"contact-reloaded","$v":"ᱥᱚᱢᱯᱚᱠ ᱠᱚ ᱫᱚᱦᱲᱟ ᱞᱟᱫᱮᱭᱮᱱᱟ"},{"$i":"message","$v":"ᱠᱷᱚᱵᱚᱨ"},{"$i":"find-duplicate-contacts","$v":"ᱱᱚᱠᱚᱞᱟᱜ ᱡᱚᱜᱟᱡᱳᱜ ᱠᱚ ᱥᱮᱸᱫᱨᱟ"},{"$i":"no-duplicate-contact-found","$v":"ᱱᱚᱠᱚᱞᱟᱜ ᱡᱚᱜᱟᱡᱳᱜ ᱵᱟᱝ ᱧᱟᱢ ᱟᱠᱟᱱᱟ"},{"$i":"change-saved","$v":"ᱟᱹᱨᱩᱣᱟᱜᱽ ᱡᱚᱜᱟᱣ ᱟᱠᱟᱱᱟ"},{"$i":"contact-updated","$v":"ᱦᱟᱞᱤ ᱨᱟᱠᱟᱵᱟᱜ ᱥᱚᱢᱯᱚᱜ ᱢᱮ"},{"$i":"already-ice-contact","$v":"ᱱᱚᱣᱟ ᱥᱚᱢᱯᱚᱜ ᱫᱚ ᱢᱟᱲᱟᱝ ᱠᱷᱚᱱ ᱢᱤᱫ  ICE ᱥᱚᱢᱯᱚᱜ ᱨᱮ ᱢᱮᱱᱟᱜ ᱟ"},{"$i":"callAirplaneModeTitle","$v":"ᱩᱰᱮᱜ ᱜᱟᱰᱤ ᱚᱵᱚᱥᱛᱟ ᱥᱚᱠᱪᱷᱚᱢ ᱟᱠᱟᱬᱟ"},{"$i":"callAirplaneModeMessage","$v":"ᱠᱚᱞ ᱞᱟᱜᱤᱫ ᱟᱢ ᱫᱚ ᱩᱰᱮᱜᱜᱟᱰᱤ ᱚᱵᱚᱥᱛᱟ ᱚᱥᱚᱠᱪᱷᱚᱢ ᱦᱩᱭᱩᱜ ᱛᱟᱢᱟ ᱨᱮᱴᱤᱸᱜ ᱨᱮ."},{"$i":"emergencyDialogTitle","$v":"ᱱᱮᱴᱣᱟᱨᱠ ᱡᱩᱲᱟᱣ ᱵᱟᱱᱩᱜ-ᱟ"},{"$i":"emergencyDialogBodyBadNumber","$v":"ᱠᱚᱞ ᱞᱟᱜᱤᱫ ᱟᱢ ᱫᱚ, ᱱᱮᱴᱣᱟᱨᱠ ᱨᱮ ᱯᱷᱹᱚᱱ ᱡᱩᱲᱟᱣ ᱞᱟᱜᱛᱤᱣᱟᱢᱟ."},{"$i":"emergencyDialogBodyDeviceNotAccepted","$v":"ᱱᱚᱣᱟ ᱱᱮᱴᱣᱟᱨᱠ ᱫᱟᱨᱟᱭ ᱛᱮ ᱫᱚ ᱦᱚᱴᱟᱡ ᱠᱚᱞ ᱨᱩᱣᱮᱲ ᱫᱚ ᱵᱟᱭ ᱢᱟᱱᱟᱣᱟ."},{"$i":"invalidNumberToDialTitle","$v":"ᱯᱷᱹᱚᱱ ᱞᱮᱠᱷᱟ ᱵᱟᱝ ᱜᱟᱱᱚᱜ"},{"$i":"invalidNumberToDialMessage","$v":"ᱟᱢ ᱠᱚᱞᱮᱜ ᱠᱟᱱ ᱯᱷᱹᱚᱱ ᱞᱮᱠᱷᱟ ᱫᱚ ᱵᱷᱩᱞ ᱜᱮᱭᱟ."},{"$i":"emergency-call-only","$v":"ᱮᱠᱮᱱ ᱦᱚᱴᱟᱡ ᱠᱚᱞ"},{"$i":"emergency-call-error","$v":[{"t":"idOrVar","v":"number"}," ᱱᱚᱣᱟ ᱫᱚ ᱦᱚᱴᱟᱡ ᱞᱮᱠᱷᱟ ᱵᱟᱝ ᱠᱟᱱᱟ."]},{"$i":"numberIsBusyTitle","$v":"ᱞᱮᱠᱷᱟ ᱫᱚ ᱵᱮᱛᱚᱜ ᱜᱮᱭᱟ"},{"$i":"numberIsBusyMessage","$v":"ᱱᱚᱣᱟ ᱞᱮᱠᱷᱟ ᱫᱚ ᱦᱟᱞᱤ ᱨᱮ ᱵᱮᱥᱛᱚ ᱜᱮᱭᱟ. ᱱᱮᱦᱚᱨ ᱯᱚᱨᱮ ᱛᱮ ᱫᱚᱦᱚᱲᱟ ᱠᱩᱨᱩᱢᱩᱴᱩᱭ ᱢᱮ."},{"$i":"fdnIsActiveTitle","$v":"FDN ᱚᱠᱪᱷᱚᱢ ᱜᱮᱭᱟ"},{"$i":"fdnIsActiveMessage","$v":["FDN (ᱜᱚᱴᱟ ᱟᱠᱟᱫ ᱰᱟᱭᱞ ᱞᱮᱠᱷᱟ ᱠᱚ) ᱫᱚ ᱥᱚᱠᱪᱷᱚᱢ ᱟᱠᱟᱱᱟ ᱟᱨ ᱯᱚᱸᱱᱟ ᱟᱠᱟᱫ ᱞᱮᱠᱷᱟ ᱫᱚ ᱵᱟᱱᱩᱜ-ᱟ ᱟᱢᱟᱜ FDN ᱩᱱᱩᱫᱩᱜ ᱨᱮ: ",{"t":"idOrVar","v":"number"}]},{"$i":"otherConnectionInUseTitle","$v":"ᱮᱴᱟᱜ ᱡᱩᱲᱟᱣ ᱨᱮ ᱵᱮᱵᱷᱟᱨᱚᱜ ᱠᱟᱱᱟ"},{"$i":"otherConnectionInUseMessage","$v":"ᱟᱢ ᱴᱮᱱ ᱫᱚ ᱥᱚᱠᱪᱷᱚᱢ ᱠᱚᱞ ᱢᱮᱱᱟᱜ-ᱟ ᱮᱴᱟᱜ ᱡᱩᱲᱟᱣ ᱠᱷᱚᱱ. ᱟᱢ ᱫᱚ ᱢᱤᱛ ᱚᱠᱛᱮ ᱨᱮ ᱮᱠᱮᱱ ᱢᱤᱛ ᱡᱩᱲᱟᱣ ᱜᱮᱢ ᱵᱮᱵᱷᱟᱨ ᱫᱟᱲᱤᱭᱟᱜ-ᱟ"},{"$i":"GenericFailure","$v":"ᱟᱥᱚᱞᱟᱜ ᱫᱚ ᱰᱤᱜᱷᱮᱣᱱᱟ"},{"$i":"scCallBarring","$v":"ᱠᱚᱞ ᱵᱟᱨᱚᱱᱟᱜ"},{"$i":"scCallForwarding","$v":"ᱠᱚᱞ ᱰᱷᱤᱴᱚᱜ ᱠᱟᱱᱟ"},{"$i":"scClip","$v":"ᱫᱟᱨᱟᱭ ᱠᱟᱱ ᱠᱚᱞᱚᱨ ID"},{"$i":"scClir","$v":"ᱵᱟᱦᱨᱮ ᱪᱟᱞᱟᱜ ᱠᱟᱱᱟ ᱠᱚᱞᱚᱨ ID"},{"$i":"scPwd","$v":"ᱯᱟᱥᱣᱟᱨᱰ ᱵᱚᱫᱚᱞ"},{"$i":"scCallWaiting","$v":"ᱠᱚᱞ ᱛᱟᱝᱜᱤ"},{"$i":"scPin","$v":"PIN ᱵᱚᱫᱚᱞ"},{"$i":"scPin2","$v":"PIN2 ᱵᱚᱫᱚᱞ"},{"$i":"scPuk","$v":"PIN ᱵᱟᱝ ᱵᱟᱨᱚᱱᱟᱜ"},{"$i":"scPuk2","$v":"PIN2 ᱵᱟᱝ ᱵᱟᱨᱚᱱᱟᱜ"},{"$i":"scImei","$v":"IMEI"},{"$i":"scMeid","$v":"MEID"},{"$i":"scUssd","$v":"USSD"},{"$i":"set-speed-dial","$v":"ᱛᱟᱯᱤᱥ ᱰᱟᱭᱤᱞ ᱞᱮᱠᱟ ᱡᱚᱜᱟᱡᱳᱜ ᱠᱚ ᱵᱮᱭᱥᱮᱣ"},{"$i":"empty","$v":"ᱠᱷᱟᱞᱤ"},{"$i":"voicemail","$v":"ᱟᱲᱟᱝᱢᱮᱞ"},{"$i":"speed-dial","$v":"ᱛᱟᱯᱤᱥ ᱰᱟᱭᱤᱞ"},{"$i":"add","$v":"ᱥᱮᱞᱮᱫ ᱢᱮ ᱠᱷᱟᱛᱟ ᱡᱟᱦᱟᱸ ᱨᱮ ᱚᱱᱞᱟᱩᱤᱱ ᱡᱚᱜᱟᱡᱳᱜ ᱮᱢ ᱡᱚᱜᱟᱣ ᱫᱟᱲᱤᱭᱟᱜ-ᱟ"},{"$i":"replace","$v":"ᱜᱷᱩᱨᱮ ᱛᱮ ᱫᱚᱦᱚ"},{"$i":"remove-from-speed-dial","$v":"ᱛᱟᱯᱤᱥ ᱰᱟᱭᱤᱞ ᱠᱷᱚᱱ ᱚᱪᱚᱜ"},{"$i":"custom-dialog-replace-speed-dial","$v":["ᱪᱤᱛ ᱟᱢ ᱥᱟᱨᱤ ᱛᱮ ",{"t":"idOrVar","v":"oldSpeedDial"}," ᱥᱚᱛᱮᱜ ",{"t":"idOrVar","v":"newSpeedDial"}," ᱢᱮᱱᱟᱜ ᱪᱮᱛᱟᱱ ᱨᱮ ᱫᱚᱦᱚ ᱥᱟᱱᱟᱭᱮᱜ ᱢᱮᱭᱟ?"]},{"$i":"custom-dialog-remove-speed-dial","$v":["ᱪᱤᱛ ᱟᱢ ᱥᱟᱨᱤ ᱛᱮ ",{"t":"idOrVar","v":"name"}," ᱠᱷᱚᱱ ᱛᱟᱯᱤᱥ ᱰᱟᱭᱤᱞ ᱚᱪᱚᱜ ᱥᱟᱱᱟᱭᱮᱜ ᱢᱮᱭᱟ?"]},{"$i":"voice-mail","$v":"ᱟᱲᱟᱝ ᱢᱮᱞ"},{"$i":"voice-mail-number","$v":"ᱟᱲᱟᱝ ᱢᱮᱞ ᱞᱮᱠᱷᱟ"},{"$i":"voice-mail-number-updated","$v":"ᱟᱲᱟᱝ ᱢᱮᱞ ᱞᱮᱠᱷᱟ ᱫᱚ ᱱᱟᱣᱟ ᱟᱠᱟᱱᱟ"},{"$i":"found-duplicates-message","$v":"ᱯᱚᱸᱡᱟ ᱟᱠᱟᱫ ᱡᱚᱜᱟᱡᱳᱜ ᱠᱚ ᱱᱚᱠᱚᱞᱟᱜ ᱠᱷᱚᱵᱚᱨ ᱧᱟᱢ ᱟᱠᱟᱱ ᱨᱮ. ᱪᱮᱫ ᱟᱢ ᱢᱤᱞᱮᱣ ᱥᱟᱱᱟᱭᱮᱜ ᱢᱮᱧᱟ?"},{"$i":"confirm-to-merge-contacts","$v":["ᱪᱮᱫ ᱟᱢ ᱜᱚᱴᱟ ᱟᱠᱟᱫᱟ ᱢᱮᱥᱟᱣ ᱞᱟᱜᱤᱫ ",{"t":"idOrVar","v":"n"}," ᱡᱚᱜᱟᱡᱳᱜ ᱠᱚ ",{"t":"idOrVar","v":"name"},"?"]},{"$i":"merge","$v":"ᱢᱤᱞᱮᱣ"},{"$i":"contact-merged","$v":"ᱡᱚᱜᱟᱡᱳᱜ ᱢᱮᱥᱟᱣ ᱟᱠᱟᱱᱟ"},{"$i":"add-favorite","$v":"ᱠᱷᱩᱥᱤᱭᱟᱜ ᱞᱮᱠᱟ ᱥᱮᱞᱮᱫ"},{"$i":"remove-favorite","$v":"ᱵᱟᱝ ᱠᱷᱩᱥᱤᱭᱟᱜ"},{"$i":"favorite-contacts","$v":"ᱠᱷᱩᱥᱤᱭᱟᱜ ᱡᱚᱜᱟᱡᱳᱜ ᱠᱚ"},{"$i":"sort-contacts","$v":"ᱡᱚᱜᱟᱡᱳᱜ ᱠᱚ ᱠᱷᱟᱴᱚ"},{"$i":"sort-by-first-name","$v":"ᱯᱟᱦᱤᱞ ᱧᱩᱛᱩᱢ ᱫᱟᱨᱟᱭ ᱛᱮ ᱠᱷᱟᱴᱚ"},{"$i":"sort-by-last-name","$v":"ᱢᱩᱪᱮᱫ ᱧᱩᱛᱩᱢ ᱫᱟᱨᱟ ᱛᱮ ᱠᱷᱟᱴᱟ"},{"$i":"no-support-open-multi-vcard","$v":"ᱵᱟᱝ ᱮᱢ ᱡᱷᱤᱡᱷ ᱫᱟᱲᱤᱭᱟᱜ-ᱟ vCard ᱟᱰᱤ ᱩᱛᱮ ᱡᱚᱜᱟᱡᱳᱜᱽ ᱠᱚ ᱥᱚᱛᱮᱜᱽ"},{"$i":"sdcard","$v":"ᱢᱮᱢᱚᱨᱤ ᱠᱟᱨᱰ"},{"$i":"simcard","$v":"SIM ᱠᱟᱨᱰ"},{"$i":"import-contacts","$v":"ᱟᱜᱩᱣᱟᱜ ᱡᱚᱜᱟᱡᱳᱜ ᱠᱚ"},{"$i":"simContacts-error","$v":"SIM ᱠᱷᱚᱱ ᱫᱚ ᱡᱚᱜᱟᱡᱳᱜ ᱠᱚ ᱵᱟᱝ ᱮᱢ ᱟᱜᱩ ᱫᱟᱲᱤᱭᱟᱜ-ᱟ"},{"$i":"memoryCardContacts-error","$v":"ᱵᱟᱝ ᱟᱜᱩ ᱫᱟᱲᱤᱭᱟᱜ-ᱟ? ᱢᱮᱢᱚᱨᱤ ᱠᱷᱚᱱ ᱡᱚᱜᱟᱡᱳᱜ ᱠᱚ"},{"$i":"simContacts-reading","$v":"SIM ᱠᱟᱨᱰ ᱠᱷᱚᱱ ᱡᱚᱜᱟᱡᱳᱜ ᱠᱚ ᱯᱟᱲᱦᱟᱜ ᱠᱟᱱᱟ…"},{"$i":"memoryCardContacts-reading","$v":"ᱢᱮᱢᱚᱨᱤ ᱠᱟᱨᱰ ᱠᱷᱚᱱ ᱡᱚᱜᱟᱡᱳᱜ ᱠᱚ ᱯᱟᱲᱦᱟᱜ ᱠᱟᱱᱟ…"},{"$i":"importContactsTitle","$v":"ᱟᱜᱩᱣᱟᱜ ᱡᱚᱜᱟᱡᱳᱜ ᱠᱚ"},{"$i":"retry","$v":"ᱞᱮᱜᱟᱭ"},{"$i":"noSimMsg","$v":"ᱟᱢᱟᱜ SIM ᱠᱟᱨᱰ ᱠᱩᱞᱩᱯ ᱡᱷᱤᱡ ᱟᱨᱵᱟᱝᱠᱷᱟᱱ ᱟᱫᱮᱨ ᱢᱮ ᱡᱚᱜᱟᱡᱳᱜ ᱠᱚ ᱟᱜᱩ ᱞᱟᱜᱤᱫ"},{"$i":"noSdcardMsg","$v":"ᱟᱫᱮᱨ ᱢᱮ ᱢᱮᱢᱚᱨᱤ ᱠᱟᱨᱰ ᱡᱚᱜᱟᱡᱳᱜ ᱠᱚ ᱟᱜᱩᱭ ᱞᱟᱜᱤᱫ"},{"$i":"not-imported","$v":"ᱵᱟᱝ ᱟᱹᱜᱩ ᱫᱟᱲᱤᱭᱟᱜ-ᱟ"},{"$i":"imported","$v":"ᱟᱜᱩ ᱟᱠᱟᱱᱟ"},{"$i":"importing","$v":"ᱟᱜᱩᱜ ᱠᱟᱱᱟ"},{"$i":"contact-imported","$v":["ᱟᱜᱩ ᱟᱠᱟᱱᱟ ",{"t":"idOrVar","v":"imported"}," ᱡᱚᱜᱟᱡᱳᱜ ᱠᱚ. ",{"t":"idOrVar","v":"dupes"}," ᱡᱚᱜᱟᱡᱳᱜ ᱠᱚ ᱢᱤᱞᱮᱣ ᱟᱠᱟᱱᱟ."]},{"$i":"contact-imported2","$v":["Imported ",{"t":"idOrVar","v":"imported"}," contacts."]},{"$i":"reading-contacts-from-sim","$v":"SIM ᱠᱟᱨᱰ ᱠᱷᱚᱱ ᱡᱚᱜᱟᱡᱳᱜ ᱯᱚᱲᱦᱟᱣ ᱢᱮ.."},{"$i":"reading-contacts-from-gmail","$v":"Gmail ᱠᱷᱚᱱ ᱡᱚᱜᱟᱡᱳᱜ ᱠᱚ ᱯᱟᱲᱦᱟᱜ ᱠᱟᱱᱟ.."},{"$i":"reading-contacts-from-live","$v":"Outlook ᱠᱷᱚᱱ ᱡᱚᱜᱟᱡᱳᱜ ᱠᱚ ᱯᱟᱲᱦᱟᱜ ᱠᱟᱱᱟ.."},{"$i":"reading-contacts-from-sd","$v":"ᱢᱮᱢᱚᱨᱤ ᱠᱟᱨᱰ ᱠᱷᱚᱱ ᱡᱚᱜᱟᱡᱳᱜ ᱯᱚᱲᱦᱟᱣ ᱢᱮ.."},{"$i":"reading-contacts-from-vcard","$v":"ᱨᱮᱫ ᱠᱷᱚᱱ ᱡᱚᱜᱟᱡᱳᱜ ᱯᱚᱲᱦᱟᱣ ᱢᱮ.."},{"$i":"importing-contacts-from-sim","$v":"SIM ᱠᱟᱨᱰ ᱠᱷᱚᱱ ᱡᱚᱜᱟᱡᱳᱜ ᱠᱚ ᱟᱜᱩᱜ ᱠᱟᱱᱟ.."},{"$i":"importing-contacts-from-gmail","$v":"Gmail ᱠᱷᱚᱱ ᱡᱚᱜᱟᱡᱳᱜ ᱠᱚ ᱟᱜᱩᱜ ᱠᱟᱱᱟ.."},{"$i":"importing-contacts-from-live","$v":"Outlook ᱠᱷᱚᱱ ᱡᱚᱜᱟᱡᱳᱜ ᱠᱚ ᱟᱜᱩᱜ ᱠᱟᱱᱟ.."},{"$i":"importing-contacts-from-sd","$v":"ᱢᱮᱢᱚᱨᱤ ᱠᱟᱨᱰ ᱠᱷᱚᱱ ᱡᱚᱜᱟᱡᱳᱜ ᱠᱚ ᱟᱜᱩᱜ ᱠᱟᱱᱟ.."},{"$i":"importing-contacts-from-vcard","$v":"ᱨᱮᱫ ᱠᱷᱚᱱ ᱟᱜᱩᱜ ᱠᱟᱱᱟ.."},{"$i":"connect-network-to-import","$v":"ᱡᱚᱜᱟᱡᱳᱜ ᱠᱚ ᱟᱜᱩᱭ ᱞᱟᱜᱤᱫᱽ, WiFI ᱟᱨᱵᱟᱝᱠᱷᱟᱱ ᱰᱮᱴᱟ ᱱᱮᱴᱣᱟᱨ ᱡᱩᱲᱟᱣ ᱢᱮ"},{"$i":"bluetooth","$v":"Bluetooth"},{"$i":"export","$v":"ᱵᱟᱦᱨᱮ ᱠᱩᱞ"},{"$i":"export-contacts","$v":"ᱡᱚᱜᱟᱡᱳᱜ ᱠᱚ ᱵᱟᱦᱨᱮ ᱠᱩᱞ"},{"$i":"simExport-title","$v":"SIM ᱞᱟᱜᱤᱫ ᱵᱟᱦᱟᱨ ᱠᱩᱞ"},{"$i":"memoryCardExport-title","$v":"ᱢᱮᱢᱚᱨᱤ ᱠᱟᱨᱰ ᱞᱟᱜᱤᱫ ᱵᱟᱦᱨᱮ ᱠᱩᱞ"},{"$i":"btExport-title","$v":"Bluetooth ᱞᱟᱜᱤᱫ ᱵᱟᱦᱨᱮ ᱠᱩᱞ"},{"$i":"noSimMsgExport","$v":"ᱟᱢᱟᱜ SIM ᱠᱟᱨᱰ ᱠᱩᱞᱩᱯ ᱡᱷᱤᱡ ᱟᱨᱵᱟᱝᱠᱷᱟᱱ ᱡᱚᱜᱟᱡᱳᱜ ᱵᱟᱦᱨᱮ ᱠᱩᱞ ᱞᱟᱜᱤᱫ ᱟᱫᱮᱨ ᱢᱮ"},{"$i":"noSdcardExport","$v":"To export contacts insert a memory card."},{"$i":"bluetoothNoConnection","$v":"Bluetooth ᱭᱚᱱᱛᱨᱚ ᱡᱩᱲᱟᱣ ᱟᱠᱟᱱᱟ ᱟᱠᱟᱱᱟ ᱵᱟᱦᱨᱮ ᱠᱩᱞ ᱞᱟᱜᱤᱫ."},{"$i":"contact-exported","$v":["ᱵᱟᱦᱨᱮ ᱠᱩᱞᱟᱜ ",{"t":"idOrVar","v":"exported"}," ᱡᱚᱜᱟᱡᱳᱜ ᱠᱚ."]},{"$i":"export-contact-failed","$v":"ᱡᱚᱜᱟᱡᱳᱜ ᱱᱤᱨᱭᱟᱛ ᱫᱚ ᱰᱤᱜᱷᱮᱣ ᱟᱠᱟᱱᱟ"},{"$i":"contact-export-error-sim-full","$v":"ᱥᱤᱢ ᱠᱟᱨᱰ ᱠᱟᱨᱚᱱ ᱛᱮ ᱡᱚᱜᱟᱡᱳᱜ ᱱᱤᱨᱭᱟᱛ ᱫᱚ ᱵᱟᱝ ᱥᱮᱛ ᱞᱮᱱᱟ᱾"},{"$i":"contact-export-error-unknown","$v":"ᱵᱟᱝ ᱵᱟᱰᱟᱭᱟᱜ ᱠᱟᱨᱚᱱ ᱛᱮ ᱡᱚᱜᱟᱡᱳᱜ ᱱᱤᱨᱭᱟᱛ ᱫᱚ ᱵᱟᱝ ᱥᱮᱛ ᱞᱮᱱᱟ᱾"},{"$i":"contact-export-canceled","$v":"Exporting process is canceled."},{"$i":"save","$v":"ᱡᱚᱜᱟᱣᱡᱟᱜᱟ ᱫᱚ ᱵᱟᱝ ᱮᱥᱠᱮᱱ ᱫᱟᱲᱤᱭᱟᱜ-ᱟ."},{"$i":"back","$v":"ᱨᱩᱣᱮᱲ"},{"$i":"givenName","$v":"ᱯᱟᱦᱤᱞ ᱧᱩᱛᱩᱢ"},{"$i":"familyName","$v":"ᱥᱮᱥ ᱧᱩᱛᱩᱢ"},{"$i":"name","$v":"ᱧᱩᱛᱩᱢ"},{"$i":"org","$v":"ᱠᱚᱢᱯᱟᱱᱤ"},{"$i":"ringtone","$v":"ᱨᱤᱸᱜᱴᱚᱱ"},{"$i":"note","$v":"ᱪᱤᱱᱮ"},{"$i":"email","$v":"ᱤᱢᱮᱞ"},{"$i":"adr","$v":"ᱴᱟᱸᱣ"},{"$i":"custom","$v":"ᱠᱷᱩᱥᱤᱭᱟᱜ"},{"$i":"confirm-discard-contact-data","$v":"ᱡᱚᱜᱟᱡᱳᱜ ᱠᱷᱚᱵᱚᱨ ᱫᱚ ᱵᱮᱜᱤ ᱟᱠᱟᱱᱟ. ᱪᱤᱫ ᱟᱢ ᱱᱚᱣᱟ ᱡᱚᱜᱟᱡᱳᱜ ᱡᱚᱜᱟᱣ ᱥᱟᱱᱟᱭᱮᱜ ᱢᱮᱭᱟ"},{"$i":"discard","$v":"ᱵᱟᱜᱤ"},{"$i":"add-others","$v":"ᱮᱴᱟᱜᱟᱜ ᱠᱚ ᱥᱮᱞᱮᱫ"},{"$i":"custom-type","$v":"ᱠᱷᱩᱥᱤᱭᱟᱜ ᱨᱚᱠᱚᱢ"},{"$i":"input-the-custom-type","$v":"ᱱᱮᱦᱚᱨ ᱟᱫᱮᱨ ᱢᱮ ᱠᱷᱩᱥᱤᱭᱟᱜ ᱨᱚᱠᱚᱢ"},{"$i":"contact-saved","$v":"ᱡᱚᱜᱟᱡᱳᱜ ᱡᱩᱜᱟᱣ ᱟᱠᱟᱱᱟ"},{"$i":"are-you-sure-to-delete-field","$v":["ᱪᱮᱫ ᱟᱢ ᱜᱚᱴᱟ ᱟᱠᱟᱫᱟ ᱢᱮᱴᱟᱣ ᱞᱟᱜᱤᱫ ",{"t":"idOrVar","v":"field"},"?"]},{"$i":"personal","$v":"ᱟᱯᱱᱟᱨ"},{"$i":"mobile","$v":"ᱢᱳᱵᱟᱭᱤᱞ"},{"$i":"current","$v":"ᱦᱟᱞᱤ"},{"$i":"home","$v":"ᱚᱲᱟᱜ"},{"$i":"work","$v":"ᱠᱟᱹᱢᱤ"},{"$i":"other","$v":"ᱮᱴᱟᱜ"},{"$i":"fax-home","$v":"ᱚᱲᱟᱜ ᱯᱷᱹᱮᱠᱥ"},{"$i":"fax-office","$v":"ᱠᱟᱨᱭᱟᱞᱚ ᱯᱷᱹᱮᱠᱥ"},{"$i":"fax-other","$v":"ᱮᱴᱟᱜ ᱯᱷᱹᱮᱠᱥ"},{"$i":"add-tel","$v":"ᱯᱷᱹᱚᱱ ᱞᱮᱠᱦᱟ ᱥᱮᱞᱮᱫ"},{"$i":"add-email","$v":"ᱤᱢᱮᱞ ᱥᱮᱞᱮᱫ"},{"$i":"add-ringtone","$v":"ᱨᱤᱸᱜᱴᱚᱱ ᱥᱮᱞᱮᱫ"},{"$i":"add-adr","$v":"ᱴᱟᱸᱣ ᱥᱮᱞᱮᱫ"},{"$i":"add-bday","$v":"ᱡᱚᱱᱚᱢ ᱢᱟᱦᱟ ᱥᱮᱞᱮᱫ"},{"$i":"add-photo","$v":"ᱪᱤᱛᱟᱹᱨ ᱥᱮᱞᱮᱫ"},{"$i":"add-note","$v":"ᱪᱤᱭᱮ ᱥᱮᱞᱮᱫ"},{"$i":"add-org","$v":"ᱠᱚᱢᱯᱟᱱᱤ ᱥᱮᱞᱮᱫ"},{"$i":"delete-tel","$v":"ᱯᱷᱹᱚᱱ ᱞᱮᱠᱷᱟ ᱢᱮᱴᱟᱣ"},{"$i":"delete-email","$v":"ᱤᱢᱮᱞ ᱢᱮᱴᱟᱣ"},{"$i":"delete-ringtone","$v":"ᱨᱤᱸᱜᱴᱚᱱ ᱢᱮᱴᱟᱣ"},{"$i":"delete-adr","$v":"ᱴᱟᱸᱣ ᱢᱮᱴᱟᱣ"},{"$i":"delete-bday","$v":"ᱡᱚᱱᱚᱢ ᱠᱟᱦᱟ ᱢᱮᱴᱟᱣ"},{"$i":"delete-photo","$v":"ᱪᱤᱛᱟᱹᱨ ᱚᱪᱚᱜ ᱢᱮ"},{"$i":"delete-note","$v":"ᱪᱤᱭᱮ ᱢᱮᱴᱟᱣ"},{"$i":"delete-org","$v":"ᱠᱚᱢᱯᱟᱱᱤ ᱢᱮᱴᱟᱣ"},{"$i":"edit-tel-type","$v":"ᱯᱷᱹᱚᱱ ᱨᱚᱠᱚᱢ ᱟᱹᱨᱩ"},{"$i":"edit-email-type","$v":"ᱤᱢᱮᱞ ᱨᱚᱠᱚᱢ ᱟᱹᱨᱩ"},{"$i":"edit-adr-type","$v":"ᱴᱟᱸᱣ ᱨᱚᱠᱚᱢ ᱟᱹᱨᱩᱭ ᱢᱮ"},{"$i":"edit-bday-type","$v":"ᱡᱚᱱᱚᱢ ᱠᱟᱦᱟ ᱟᱹᱨᱩ"},{"$i":"replace-photo","$v":"ᱪᱤᱛᱟᱹᱨ ᱫᱚᱦᱚ ᱟᱹᱨᱩᱭ ᱢᱮ"},{"$i":"replace-ringtone","$v":"ᱨᱤᱸᱜᱴᱚᱱ ᱵᱚᱫᱚᱞ"},{"$i":"mobile-tel","$v":"ᱢᱳᱵᱟᱭᱤᱞ ᱯᱷᱹᱚᱱ"},{"$i":"home-tel","$v":"ᱚᱲᱟᱜ ᱯᱷᱹᱚᱱ"},{"$i":"work-tel","$v":"ᱠᱟᱹᱢᱤ ᱯᱷᱹᱚᱱ"},{"$i":"personal-tel","$v":"ᱟᱯᱱᱟᱯᱟᱜ ᱯᱷᱹᱚᱱ"},{"$i":"fax-home-tel","$v":"ᱚᱲᱟᱜ ᱯᱷᱹᱮᱠᱥ"},{"$i":"fax-office-tel","$v":"ᱠᱟᱨᱤᱭᱟᱞᱚᱭ ᱯᱷᱹᱮᱠᱥ"},{"$i":"fax-other-tel","$v":"ᱮᱴᱟᱜ ᱯᱷᱹᱮᱠᱥ"},{"$i":"other-tel","$v":"ᱮᱴᱟᱜ ᱯᱷᱹᱚᱱ"},{"$i":"personal-email","$v":"ᱟᱯᱱᱟᱨᱟᱜ ᱤᱢᱮᱞ"},{"$i":"work-email","$v":"ᱠᱟᱹᱢᱤ ᱤᱢᱮᱞ"},{"$i":"other-email","$v":"ᱮᱴᱟᱜ ᱤᱢᱮᱞ"},{"$i":"custom-email","$v":[{"t":"idOrVar","v":"type"}," ᱤᱢᱮᱞ"]},{"$i":"custom-tel","$v":[{"t":"idOrVar","v":"type"}," ᱯᱷᱹᱚᱱ"]},{"$i":"personal-adr","$v":"ᱟᱯᱱᱟᱨᱟᱜ ᱴᱟᱸᱣ"},{"$i":"current-adr","$v":"ᱦᱟᱞᱤ ᱴᱟᱸᱣ"},{"$i":"home-adr","$v":"ᱚᱲᱟᱜ ᱴᱟᱸᱣ"},{"$i":"work-adr","$v":"ᱠᱟᱹᱢᱤ ᱴᱟᱸᱣ"},{"$i":"custom-adr","$v":[{"t":"idOrVar","v":"type"}," ᱴᱟᱸᱣ"]},{"$i":"bday","$v":"ᱡᱚᱱᱚᱢ ᱢᱟᱦᱟ"},{"$i":"birthday","$v":"ᱡᱚᱱᱚᱢ ᱢᱟᱦᱟ"},{"$i":"streetAddress","$v":"ᱠᱩᱞᱦᱤ"},{"$i":"locality","$v":"ᱥᱚᱦᱚᱨ"},{"$i":"postalCode","$v":"ᱯᱤᱱ ᱠᱚᱰ"},{"$i":"countryName","$v":"ᱫᱤᱥᱮᱢ"},{"$i":"region","$v":"ᱯᱚᱱᱚᱛ"},{"$i":"no-name","$v":"ᱵᱟᱱᱩᱜ-ᱟ ᱧᱩᱛᱩᱢ"},{"$i":"new-contact","$v":"ᱱᱟᱣᱟ ᱡᱚᱜᱟᱡᱳᱜ"},{"$i":"options","$v":"ᱵᱤᱠᱟᱞᱚᱯ"},{"$i":"cancel","$v":"ᱢᱩᱪᱮᱫ"},{"$i":"settings","$v":"ᱥᱮᱴᱤᱸᱜ"},{"$i":"edit","$v":"ᱟᱨᱩ"},{"$i":"share","$v":"ᱦᱟᱴᱤᱧ"},{"$i":"remove","$v":"ᱚᱪᱚᱜ"},{"$i":"music","$v":"ᱨᱟᱡᱟᱱ~ᱵᱟᱡᱚᱱ"},{"$i":"ICEContactsGroup","$v":"ICE ᱡᱚᱜᱟᱡᱳᱜ ᱠᱚ"},{"$i":"setICEButton","$v":"ᱵᱮᱭᱥᱮᱣ ICE ᱡᱚᱜᱟᱡᱳᱜ ᱠᱚ"},{"$i":"ICESettingTitle","$v":"ICE ᱡᱚᱜᱟᱡᱳᱜ ᱠᱚ"},{"$i":"ICEDescription","$v":"“ᱚᱠᱚᱴ ᱚᱵᱚᱥᱛᱟ ᱨᱮ” ᱠᱚᱞ ᱛᱮᱭᱟᱨ ᱞᱟᱹᱜᱤᱫ ᱢᱚᱲᱮ ᱜᱚᱴᱟᱝ ᱥᱚᱢᱯᱚᱠ ᱥᱮᱞᱮᱫ ᱢᱮ"},{"$i":"ICEContact","$v":["ICE ᱥᱚᱢᱯᱚᱜ ",{"t":"idOrVar","v":"n"}]},{"$i":"ICESelectContact","$v":"ᱵᱟᱪᱷᱟᱣ ᱢᱮ A ᱡᱚᱜᱟᱡᱳᱜ"},{"$i":"delete-ice-contact-warning","$v":"ᱪᱤᱛ ᱟᱢ ᱥᱟᱨᱤ ᱛᱮ ᱱᱚᱣᱟ ICE ᱡᱚᱜᱟᱡᱳᱜ ᱚᱪᱚᱜ ᱥᱟᱱᱟᱭᱮᱜ ᱢᱮᱭᱟ ?"},{"$i":"confirm","$v":"ᱜᱚᱴᱟᱜ ᱠᱟᱱᱟ"},{"$i":"send-message","$v":"ᱠᱷᱚᱵᱚᱨ ᱠᱩᱞ"},{"$i":"call","$v":"ᱠᱚᱞ"},{"$i":"send-email","$v":"ᱤᱢᱮᱞ ᱠᱩᱞ"},{"$i":"choose-number","$v":"ᱵᱟᱪᱷᱟ ᱢᱮ ᱢᱤᱛ ᱵᱟᱪᱷᱟᱣ ᱞᱮᱠᱷᱟ"},{"$i":"choose-email-adress","$v":"ᱵᱟᱪᱷᱟᱣ ᱢᱮ ᱢᱤᱛ ᱤᱢᱮᱞ ᱴᱟᱸᱣ"},{"$i":"delete","$v":"ᱢᱮᱴᱟᱣ"},{"$i":"select","$v":"ᱵᱟᱪᱷᱟᱣ"},{"$i":"select-all","$v":"ᱡᱚᱛᱚ ᱵᱟᱪᱷᱟᱣ"},{"$i":"deselect-all","$v":"ᱡᱚᱛᱚ ᱚᱵᱟᱪᱷᱟᱣ"},{"$i":"deselect","$v":"ᱚᱵᱟᱪᱷᱟᱣ"},{"$i":"selected-contacts","$v":{"zero":"ᱪᱤᱫ ᱜᱮ ᱵᱟᱝ ᱵᱟᱪᱷᱟᱣ ᱟᱠᱟᱱᱟ","one":[{"t":"idOrVar","v":"n"}," ᱵᱟᱪᱷᱟᱣ ᱟᱠᱟᱱᱟ"],"two":[{"t":"idOrVar","v":"n"}," ᱵᱟᱪᱷᱟᱣ ᱟᱠᱟᱱᱟ"],"few":[{"t":"idOrVar","v":"n"}," ᱵᱟᱪᱷᱟᱣ ᱟᱠᱟᱱᱟ"],"many":[{"t":"idOrVar","v":"n"}," ᱵᱟᱪᱷᱟᱣ ᱟᱠᱟᱱᱟ"],"other":[{"t":"idOrVar","v":"n"}," ᱵᱟᱪᱷᱟᱣ ᱟᱠᱟᱱᱟ"]},"$x":[{"t":"idOrVar","v":"plural"},"n"]},{"$i":"massive-delete","$v":"ᱡᱚᱜᱟᱡᱳᱜ ᱠᱚ ᱢᱮᱴᱟᱣ"},{"$i":"confirm-contact-delete","$v":["ᱪᱤᱫ ᱟᱢ ᱥᱟᱨᱤ ᱛᱮ ᱡᱚᱜᱟᱡᱳᱜ ",{"t":"idOrVar","v":"name"}," ᱢᱮᱴᱟᱣ ᱥᱟᱱᱟᱭᱮᱜ ᱢᱮᱭᱟ?"]},{"$i":"DeletedTxt","$v":{"zero":"ᱵᱟᱱᱩᱜ-ᱟ ᱡᱚᱜᱟᱡᱳᱜ ᱢᱮᱴᱟᱣ ᱞᱟᱜᱤᱫ","one":"1 ᱡᱚᱜᱟᱡᱳᱜ ᱚᱪᱚᱜ ᱟᱠᱟᱱᱟ","two":[{"t":"idOrVar","v":"n"},"ᱡᱚᱜᱟᱡᱳᱜ ᱠᱚ ᱚᱪᱚᱜ ᱟᱠᱟᱱᱟ"],"few":[{"t":"idOrVar","v":"n"},"ᱡᱚᱜᱟᱡᱳᱜ ᱠᱚ ᱚᱪᱚᱜ ᱟᱠᱟᱱᱟ"],"many":[{"t":"idOrVar","v":"n"},"ᱡᱚᱜᱟᱡᱳᱜ ᱠᱚ ᱚᱪᱚᱜ ᱟᱠᱟᱱᱟ"],"other":[{"t":"idOrVar","v":"n"},"ᱡᱚᱜᱟᱡᱳᱜ ᱠᱚ ᱚᱪᱚᱜ ᱟᱠᱟᱱᱟ"]},"$x":[{"t":"idOrVar","v":"plural"},"n"]},{"$i":"DeletingContacts","$v":"ᱡᱚᱜᱟᱡᱳᱜ ᱠᱚ ᱢᱮᱴᱟᱜ ᱠᱟᱱᱟ"},{"$i":"ContactConfirmDel","$v":{"zero":"ᱵᱟᱱᱩᱜ-ᱟ ᱡᱚᱜᱟᱡᱳᱜ ᱢᱮᱴᱟᱣ ᱞᱟᱜᱤᱫ","one":"ᱢᱮᱴᱟᱣ 1 ᱡᱚᱜᱟᱡᱳᱜ ᱠᱚ? ᱱᱚᱣᱟ ᱫᱚ ᱵᱟᱝ ᱧᱟᱢ ᱨᱩᱣᱮᱲᱚ-ᱟ᱾","two":["ᱢᱮᱴᱟᱣ ",{"t":"idOrVar","v":"n"}," ᱡᱚᱜᱟᱡᱳᱜ ᱠᱚ? ᱱᱚᱣᱟ ᱫᱚ ᱵᱟᱝ ᱧᱟᱢ ᱨᱩᱣᱮᱲᱚ-ᱟ᱾"],"few":["ᱢᱮᱴᱟᱣ ",{"t":"idOrVar","v":"n"}," ᱡᱚᱜᱟᱡᱳᱜ ᱠᱚ? ᱱᱚᱣᱟ ᱫᱚ ᱵᱟᱝ ᱧᱟᱢ ᱨᱩᱣᱮᱲᱚ-ᱟ᱾"],"many":["ᱢᱮᱴᱟᱣ ",{"t":"idOrVar","v":"n"}," ᱡᱚᱜᱟᱡᱳᱜ ᱠᱚ? ᱱᱚᱣᱟ ᱫᱚ ᱵᱟᱝ ᱧᱟᱢ ᱨᱩᱣᱮᱲᱚ-ᱟ᱾"],"other":["ᱢᱮᱴᱟᱣ ",{"t":"idOrVar","v":"n"}," ᱡᱚᱜᱟᱡᱳᱜ ᱠᱚ? ᱱᱚᱣᱟ ᱫᱚ ᱵᱟᱝ ᱧᱟᱢ ᱨᱩᱣᱮᱲᱚ-ᱟ᱾"]},"$x":[{"t":"idOrVar","v":"plural"},"n"]},{"$i":"contact-deleted","$v":[{"t":"idOrVar","v":"n"},"ᱡᱚᱜᱟᱡᱳᱜ ᱠᱚ ᱚᱪᱚᱜ ᱟᱠᱟᱱᱟ"]},{"$i":"change-will-update-until-restart","$v":"ᱟᱹᱨᱩᱣᱟᱜᱽ ᱫᱚ ᱱᱟᱣᱟ-ᱟ ᱫᱟᱨᱟᱭᱽ ᱠᱟᱱ ᱡᱚᱜᱟᱡᱳᱜ ᱠᱚ ᱮᱦᱚᱵ ᱚᱠᱛᱮ᱾"},{"$i":"transfer-contacts","$v":"ᱡᱚᱜᱟᱡᱳᱜ ᱠᱚ ᱠᱩᱞᱩᱜ ᱠᱟᱱᱟ"},{"$i":"contacts-management","$v":"ᱡᱚᱜᱟᱡᱳᱜ ᱥᱟᱥᱚᱱᱤᱡ"},{"$i":"no-contacts-found","$v":"ᱵᱟᱝ ᱧᱟᱢᱚᱜ ᱠᱟᱱᱟ ᱡᱚᱜᱟᱡᱳᱜ ᱠᱚ"},{"$i":"weekday-0-long","$v":"ᱥᱤᱸᱜᱮᱢᱟᱦᱟ"},{"$i":"weekday-1-long","$v":"ᱚᱛᱮᱢᱟᱦᱟ"},{"$i":"weekday-2-long","$v":"ᱵᱟᱞᱮᱢᱟᱦᱟ"},{"$i":"weekday-3-long","$v":"ᱥᱟᱹᱜᱩᱱᱢᱟᱦᱟ"},{"$i":"weekday-4-long","$v":"ᱥᱟᱨᱫᱤᱢᱟᱦᱟ"},{"$i":"weekday-5-long","$v":"ᱡᱟᱨᱩᱢᱢᱟᱦᱟ"},{"$i":"weekday-6-long","$v":"ᱧᱩᱦᱩᱢᱢᱟᱦᱟ"},{"$i":"weekday-0-short","$v":"ᱪᱟᱸᱫᱩ"},{"$i":"weekday-1-short","$v":"ᱢᱳᱱ"},{"$i":"weekday-2-short","$v":"ᱥᱟᱜᱩᱱ"},{"$i":"weekday-3-short","$v":"ᱥᱟᱜᱩᱱ"},{"$i":"weekday-4-short","$v":"ᱛᱷᱩ"},{"$i":"weekday-5-short","$v":"ᱜᱟᱛᱤ"},{"$i":"weekday-6-short","$v":"ᱥᱮᱴ"},{"$i":"month-0-long","$v":"ᱯᱩᱥ"},{"$i":"month-1-long","$v":"ᱢᱟᱜ"},{"$i":"month-2-long","$v":"ᱯᱷᱹᱟᱜᱩᱱ"},{"$i":"month-3-long","$v":"ᱪᱮᱛ"},{"$i":"month-4-long","$v":"ᱵᱮᱭᱥᱮᱠᱷ"},{"$i":"month-5-long","$v":"ᱡᱩᱥᱴᱤ"},{"$i":"month-6-long","$v":"ᱟᱥᱟᱲ"},{"$i":"month-7-long","$v":"ᱥᱚᱨᱟᱵᱚᱱ"},{"$i":"month-8-long","$v":"ᱵᱷᱟᱨᱫᱚᱨ"},{"$i":"month-9-long","$v":"ᱟᱥᱤᱱ"},{"$i":"month-10-long","$v":"ᱠᱟᱨᱛᱤᱠ"},{"$i":"month-11-long","$v":"ᱟᱜᱷᱟᱸᱲ"},{"$i":"month-0-genitive","$v":"ᱯᱩᱥ"},{"$i":"month-1-genitive","$v":"ᱢᱟᱜ"},{"$i":"month-2-genitive","$v":"ᱯᱷᱹᱟᱜᱩᱱ"},{"$i":"month-3-genitive","$v":"ᱪᱮᱛ"},{"$i":"month-4-genitive","$v":"ᱵᱮᱭᱥᱮᱠᱷ"},{"$i":"month-5-genitive","$v":"ᱡᱩᱥᱴᱤ"},{"$i":"month-6-genitive","$v":"ᱟᱥᱟᱲ"},{"$i":"month-7-genitive","$v":"ᱥᱚᱨᱟᱵᱚᱱ"},{"$i":"month-8-genitive","$v":"ᱵᱷᱟᱨᱫᱚᱨ"},{"$i":"month-9-genitive","$v":"ᱟᱥᱤᱱ"},{"$i":"month-10-genitive","$v":"ᱠᱟᱨᱛᱤᱠ"},{"$i":"month-11-genitive","$v":"ᱟᱜᱷᱟᱸᱲ"},{"$i":"month-0-short","$v":"ᱯᱩᱥ"},{"$i":"month-1-short","$v":"ᱢᱟᱜ"},{"$i":"month-2-short","$v":"ᱢᱟᱨ"},{"$i":"month-3-short","$v":"ᱪᱮᱛ"},{"$i":"month-4-short","$v":"ᱵᱮᱭᱥᱮᱠᱷ"},{"$i":"month-5-short","$v":"ᱡᱩᱥᱴᱤ"},{"$i":"month-6-short","$v":"ᱟᱥᱟᱲ"},{"$i":"month-7-short","$v":"ᱥᱚᱨᱟᱵᱚᱱ"},{"$i":"month-8-short","$v":"ᱥᱮᱯ"},{"$i":"month-9-short","$v":"ᱟᱥᱤᱱ"},{"$i":"month-10-short","$v":"ᱠᱟᱨᱛᱤᱠ"},{"$i":"month-11-short","$v":"ᱟᱜᱷᱟᱸᱲ"},{"$i":"minutes-ago-long","$v":{"zero":"ᱧᱤᱛ ᱜᱮ","one":"ᱢᱤᱛ ᱴᱤᱯᱤᱡ ᱞᱟᱦᱟ","two":[{"t":"idOrVar","v":"value"}," ᱪᱟᱞᱟᱣᱮᱱ ᱴᱤᱯᱤᱡ ᱠᱚ"],"few":[{"t":"idOrVar","v":"value"}," ᱪᱟᱞᱟᱣᱮᱱ ᱴᱤᱯᱤᱡ ᱠᱚ"],"many":[{"t":"idOrVar","v":"value"}," ᱪᱟᱞᱟᱣᱮᱱ ᱴᱤᱯᱤᱡ ᱠᱚ"],"other":[{"t":"idOrVar","v":"value"}," ᱪᱟᱞᱟᱣᱮᱱ ᱴᱤᱯᱤᱡ ᱠᱚ"]},"$x":[{"t":"idOrVar","v":"plural"},"value"]},{"$i":"hours-ago-long","$v":{"zero":"ᱧᱤᱛ ᱜᱮ","one":"ᱢᱤᱛ ᱜᱷᱚᱱᱴᱟ ᱞᱟᱦᱟ","two":[{"t":"idOrVar","v":"value"}," ᱪᱟᱞᱟᱣᱮᱱ ᱢᱟᱦᱟ ᱠᱚ"],"few":[{"t":"idOrVar","v":"value"}," ᱪᱟᱞᱟᱣᱮᱱ ᱢᱟᱦᱟ ᱠᱚ"],"many":[{"t":"idOrVar","v":"value"}," ᱪᱟᱞᱟᱣᱮᱱ ᱢᱟᱦᱟ ᱠᱚ"],"other":[{"t":"idOrVar","v":"value"}," ᱪᱟᱞᱟᱣᱮᱱ ᱢᱟᱦᱟ ᱠᱚ"]},"$x":[{"t":"idOrVar","v":"plural"},"value"]},{"$i":"days-ago-long","$v":{"zero":"ᱛᱤᱦᱤᱧ","one":"ᱦᱚᱞᱟ","two":[{"t":"idOrVar","v":"value"}," ᱢᱟᱦᱟ ᱠᱚ ᱞᱟᱦᱟ"],"few":[{"t":"idOrVar","v":"value"}," ᱢᱟᱦᱟ ᱠᱚ ᱞᱟᱦᱟ"],"many":[{"t":"idOrVar","v":"value"}," ᱢᱟᱦᱟ ᱠᱚ ᱞᱟᱦᱟ"],"other":[{"t":"idOrVar","v":"value"}," ᱢᱟᱦᱟ ᱠᱚ ᱞᱟᱦᱟ"]},"$x":[{"t":"idOrVar","v":"plural"},"value"]},{"$i":"weeks-ago-long","$v":{"zero":"ᱱᱚᱣᱟ ᱦᱚᱯᱛᱟ","one":"ᱢᱩᱪᱮᱫ ᱦᱚᱯᱛᱟ","two":[{"t":"idOrVar","v":"value"}," ᱪᱟᱞᱟᱣᱮᱱ ᱦᱚᱯᱛᱟ"],"few":[{"t":"idOrVar","v":"value"}," ᱪᱟᱞᱟᱣᱮᱱ ᱦᱚᱯᱛᱟ"],"many":[{"t":"idOrVar","v":"value"}," ᱪᱟᱞᱟᱣᱮᱱ ᱦᱚᱯᱛᱟ"],"other":[{"t":"idOrVar","v":"value"}," ᱪᱟᱞᱟᱣᱮᱱ ᱦᱚᱯᱛᱟ"]},"$x":[{"t":"idOrVar","v":"plural"},"value"]},{"$i":"months-ago-long","$v":{"zero":"ᱱᱚᱣᱟ ᱪᱟᱸᱫᱩ","one":"ᱢᱩᱪᱮᱫ ᱪᱟᱸᱫᱩ","two":[{"t":"idOrVar","v":"value"}," ᱪᱟᱞᱟᱣᱮᱱ ᱪᱟᱸᱫᱩ ᱠᱚ"],"few":[{"t":"idOrVar","v":"value"}," ᱪᱟᱞᱟᱣᱮᱱ ᱪᱟᱸᱫᱩ ᱠᱚ"],"many":[{"t":"idOrVar","v":"value"}," ᱪᱟᱞᱟᱣᱮᱱ ᱪᱟᱸᱫᱩ ᱠᱚ"],"other":[{"t":"idOrVar","v":"value"}," ᱪᱟᱞᱟᱣᱮᱱ ᱪᱟᱸᱫᱩ ᱠᱚ"]},"$x":[{"t":"idOrVar","v":"plural"},"value"]},{"$i":"years-ago-long","$v":{"zero":"ᱱᱚᱣᱟ ᱥᱮᱨᱢᱟ","one":"ᱢᱩᱪᱮᱫ ᱵᱚᱪᱷᱚᱨ","two":[{"t":"idOrVar","v":"value"}," ᱪᱟᱞᱟᱣᱮᱱ ᱥᱮᱨᱢᱟ"],"few":[{"t":"idOrVar","v":"value"}," ᱪᱟᱞᱟᱣᱮᱱ ᱥᱮᱨᱢᱟ"],"many":[{"t":"idOrVar","v":"value"}," ᱪᱟᱞᱟᱣᱮᱱ ᱥᱮᱨᱢᱟ"],"other":[{"t":"idOrVar","v":"value"}," ᱪᱟᱞᱟᱣᱮᱱ ᱥᱮᱨᱢᱟ"]},"$x":[{"t":"idOrVar","v":"plural"},"value"]},{"$i":"minutes-until-long","$v":{"zero":"ᱧᱤᱛ","one":"ᱴᱤᱯᱤᱡ ᱨᱮ","two":["ᱨᱮ ",{"t":"idOrVar","v":"value"}," ᱴᱤᱯᱤᱡ ᱠᱚ"],"few":["ᱨᱮ ",{"t":"idOrVar","v":"value"}," ᱴᱤᱯᱤᱡ ᱠᱚ"],"many":["ᱨᱮ ",{"t":"idOrVar","v":"value"}," ᱴᱤᱯᱤᱡ ᱠᱚ"],"other":["ᱨᱮ ",{"t":"idOrVar","v":"value"}," ᱴᱤᱯᱤᱡ ᱠᱚ"]},"$x":[{"t":"idOrVar","v":"plural"},"value"]},{"$i":"hours-until-long","$v":{"zero":"ᱧᱤᱛ","one":"ᱜᱷᱚᱱᱴᱟ ᱨᱮ","two":["ᱨᱮ ",{"t":"idOrVar","v":"value"}," ᱜᱷᱚᱱᱴᱟ ᱠᱚ"],"few":["ᱨᱮ ",{"t":"idOrVar","v":"value"}," ᱜᱷᱚᱱᱴᱟ ᱠᱚ"],"many":["ᱨᱮ ",{"t":"idOrVar","v":"value"}," ᱜᱷᱚᱱᱴᱟ ᱠᱚ"],"other":["ᱨᱮ ",{"t":"idOrVar","v":"value"}," ᱜᱷᱚᱱᱴᱟ ᱠᱚ"]},"$x":[{"t":"idOrVar","v":"plural"},"value"]},{"$i":"days-until-long","$v":{"zero":"ᱛᱤᱦᱤᱧ","one":"ᱜᱟᱯᱟ","two":["ᱨᱮ ",{"t":"idOrVar","v":"value"}," ᱢᱟᱦᱟ ᱠᱚ"],"few":["ᱨᱮ ",{"t":"idOrVar","v":"value"}," ᱢᱟᱦᱟ ᱠᱚ"],"many":["ᱨᱮ ",{"t":"idOrVar","v":"value"}," ᱢᱟᱦᱟ ᱠᱚ"],"other":["ᱨᱮ ",{"t":"idOrVar","v":"value"}," ᱢᱟᱦᱟ ᱠᱚ"]},"$x":[{"t":"idOrVar","v":"plural"},"value"]},{"$i":"weeks-until-long","$v":{"zero":"ᱱᱚᱣᱟ ᱦᱚᱯᱛᱟ","one":"ᱫᱟᱨᱟᱭ ᱠᱟᱱ ᱦᱚᱯᱛᱟ","two":["ᱨᱮ ",{"t":"idOrVar","v":"value"}," ᱦᱚᱯᱛᱟ ᱠᱚ"],"few":["ᱨᱮ ",{"t":"idOrVar","v":"value"}," ᱦᱚᱯᱛᱟ ᱠᱚ"],"many":["ᱨᱮ ",{"t":"idOrVar","v":"value"}," ᱦᱚᱯᱛᱟ ᱠᱚ"],"other":["ᱨᱮ ",{"t":"idOrVar","v":"value"}," ᱦᱚᱯᱛᱟ ᱠᱚ"]},"$x":[{"t":"idOrVar","v":"plural"},"value"]},{"$i":"months-until-long","$v":{"zero":"ᱱᱚᱣᱟ ᱪᱟᱸᱫᱩ","one":"ᱫᱟᱨᱟᱭ ᱠᱟᱱ ᱪᱟᱸᱫᱩ","two":["ᱨᱮ ",{"t":"idOrVar","v":"value"}," ᱪᱟᱸᱫᱩ ᱠᱚ"],"few":["ᱨᱮ ",{"t":"idOrVar","v":"value"}," ᱪᱟᱸᱫᱩ ᱠᱚ"],"many":["ᱨᱮ ",{"t":"idOrVar","v":"value"}," ᱪᱟᱸᱫᱩ ᱠᱚ"],"other":["ᱨᱮ ",{"t":"idOrVar","v":"value"}," ᱪᱟᱸᱫᱩ ᱠᱚ"]},"$x":[{"t":"idOrVar","v":"plural"},"value"]},{"$i":"years-until-long","$v":{"zero":"ᱱᱚᱣᱟ ᱥᱮᱨᱢᱟ","one":"ᱫᱟᱨᱟᱭ ᱠᱟᱱ ᱥᱮᱨᱢᱟ","two":["ᱨᱮ ",{"t":"idOrVar","v":"value"}," ᱥᱮᱨᱢᱟ ᱠᱚ"],"few":["ᱨᱮ ",{"t":"idOrVar","v":"value"}," ᱥᱮᱨᱢᱟ ᱠᱚ"],"many":["ᱨᱮ ",{"t":"idOrVar","v":"value"}," ᱥᱮᱨᱢᱟ ᱠᱚ"],"other":["ᱨᱮ ",{"t":"idOrVar","v":"value"}," ᱥᱮᱨᱢᱟ ᱠᱚ"]},"$x":[{"t":"idOrVar","v":"plural"},"value"]},{"$i":"minutes-ago-short","$v":{"zero":"ᱧᱤᱛ ᱜᱮ","other":[{"t":"idOrVar","v":"value"}," ᱪᱟᱞᱟᱣ ᱴ"]},"$x":[{"t":"idOrVar","v":"plural"},"value"]},{"$i":"hours-ago-short","$v":{"zero":"ᱧᱤᱛ ᱜᱮ","other":[{"t":"idOrVar","v":"value"}," ᱪᱟᱞᱟᱣᱮᱱ ᱜ"]},"$x":[{"t":"idOrVar","v":"plural"},"value"]},{"$i":"days-ago-short","$v":{"zero":"ᱛᱤᱦᱤᱧ","other":[{"t":"idOrVar","v":"value"}," ᱪᱟᱞᱟᱣᱮᱱ ᱢ"]},"$x":[{"t":"idOrVar","v":"plural"},"value"]},{"$i":"minutes-until-short","$v":{"zero":"ᱧᱤᱛ","other":["ᱨᱮ ",{"t":"idOrVar","v":"value"},"ᱴ"]},"$x":[{"t":"idOrVar","v":"plural"},"value"]},{"$i":"hours-until-short","$v":{"zero":"ᱧᱤᱛ","other":["ᱨᱮ ",{"t":"idOrVar","v":"value"},"ᱜ"]},"$x":[{"t":"idOrVar","v":"plural"},"value"]},{"$i":"days-until-short","$v":{"zero":"ᱛᱤᱦᱤᱧ","other":["ᱨᱮ ",{"t":"idOrVar","v":"value"},"ᱢ"]},"$x":[{"t":"idOrVar","v":"plural"},"value"]},{"$i":"incorrectDate","$v":"(ᱛᱨᱤᱠᱷ ᱫᱚ ᱵᱷᱩᱞ ᱜᱮᱭᱟ)"},{"$i":"dateTimeFormat_%c","$v":"%a %b %e %Y %I:%M:%S %p"},{"$i":"dateTimeFormat_%x","$v":"%m/%d/%Y"},{"$i":"dateTimeFormat_%X","$v":"%I:%M:%S %p"},{"$i":"shortTimeFormat","$v":"%I:%M %p"},{"$i":"shortTimeFormat12","$v":"%I:%M %p"},{"$i":"shortTimeFormat24","$v":"%H:%M"},{"$i":"shortDateTimeFormat","$v":"%x %I:%M %p"},{"$i":"weekStartsOnMonday","$v":"0"},{"$i":"firstDayOfTheWeek","$v":"0"},{"$i":"time_am","$v":"AM"},{"$i":"time_pm","$v":"PM"},{"$i":"sim-with-index-and-carrier","$v":["SIM ",{"t":"idOrVar","v":"index"}," - ",{"t":"idOrVar","v":"carrier"}]},{"$i":"sim-without-carrier","$v":["SIM ",{"t":"idOrVar","v":"index"}]}]