[{"$i":"contacts","$v":"పరిచయాలు"},{"$i":"view","$v":"వీక్షించు"},{"$i":"no-contacts","$v":"పరిచయాలు లేవు"},{"$i":"reading-contacts","$v":"పరిచయాలను లోడ్ చేస్తోంది"},{"$i":"start-adding","$v":"పరిచయాలను జోడించడానికి కొత్త పరిచయాన్ని నొక్కండి."},{"$i":"no-contact-available","$v":"ఏ పరిచయం అందుబాటులో లేదు"},{"$i":"ok","$v":"సరే"},{"$i":"no-phone-number-to-dial","$v":"డయల్ చేయడానికి ఫోన్ నంబర్ ఏదీ లేదు"},{"$i":"video-call","$v":"Video call"},{"$i":"move","$v":"తరలించు"},{"$i":"copy","$v":"కాపీ"},{"$i":"copy-contacts","$v":"పరిచయాలను కాపీ చేయండి"},{"$i":"move-contacts","$v":"పరిచయాలను తరలించండి"},{"$i":"phone-memory","$v":"ఫోన్ మెమొరీ"},{"$i":"sim-memory","$v":"సిమ్ మెమొరీ"},{"$i":"move-from","$v":"నుండి తరలించండి"},{"$i":"to","$v":"వీరికి"},{"$i":"move-contacts-progressing","$v":"పరిచయం (లు)ను తరలిస్తోంది..."},{"$i":"copy-contacts-progressing","$v":"పరిచయం (లు)ను కాపీ చేస్తోంది..."},{"$i":"contact-move-to-sim","$v":[{"t":"idOrVar","v":"migrated"}," పరిచయం (లు) సిమ్‌‌‌‌‌‌‍‌‌‌‌‌‌‌‌‌‌‌కి తరలించబడింది"]},{"$i":"contact-copy-to-sim","$v":[{"t":"idOrVar","v":"migrated"}," పరిచయం (లు) సిమ్‌‌‌‌‌‌‍‌‌‌‌‌‌‌‌‌‌‌కి కాపీ చేయబడ్డాయి"]},{"$i":"contact-move-to-sim0","$v":[{"t":"idOrVar","v":"migrated"}," పరిచయం (లు) సిమ్‌‌‌‌‌‌‍‌‌‌‌‌‌‌‌‌‌‌ 1కి తరలించబడింది"]},{"$i":"contact-copy-to-sim0","$v":[{"t":"idOrVar","v":"migrated"}," పరిచయం (లు) సిమ్‌‌‌‌‌‌‍‌‌‌‌‌‌‌‌‌‌‌ 1కి కాపీ చేయబడ్డాయి"]},{"$i":"contact-move-to-sim1","$v":[{"t":"idOrVar","v":"migrated"}," పరిచయం (లు) సిమ్‌‌‌‌‌‌‍‌‌‌‌‌‌‌‌‌‌‌ 2కి తరలించబడింది"]},{"$i":"contact-copy-to-sim1","$v":[{"t":"idOrVar","v":"migrated"}," పరిచయం (లు) సిమ్‌‌‌‌‌‌‍‌‌‌‌‌‌‌‌‌‌‌ 2కి కాపీ చేయబడ్డాయి"]},{"$i":"contact-move-to-device","$v":[{"t":"idOrVar","v":"migrated"}," పరిచయం (లు) డివైస్‌కి తరలించబడింది"]},{"$i":"contact-copy-to-device","$v":[{"t":"idOrVar","v":"migrated"}," పరిచయం (లు) డివైస్‌కి కాపీ చేయబడ్డాయి"]},{"$i":"copy-contact-failed","$v":"పరిచయం కాపీ చేయడం విఫలమైంది"},{"$i":"move-contact-failed","$v":"పరిచయం కాపీ చేయడం విఫలమైంది"},{"$i":"contact-copy-error-sim-full","$v":"సిమ్ కార్డ్ నిండిన కారణంగా పరిచయాలను కాపీ చేయడం పూర్తి కాలేదు."},{"$i":"contact-copy-error-unknown","$v":"తెలియని లోపం కారణంగా పరిచయాలను కాపీ చేయడం పూర్తి కాలేదు."},{"$i":"contact-move-error-sim-full","$v":"సిమ్ కార్డ్ నిండిన కారణంగా పరిచయాలను తరలించడం పూర్తి కాలేదు."},{"$i":"contact-move-error-unknown","$v":"తెలియని లోపం కారణంగా పరిచయాలను తరలించడం పూర్తి కాలేదు."},{"$i":"memory","$v":"మెమరీ"},{"$i":"phone-and-sim","$v":"ఫోన్ మరియు సిమ్"},{"$i":"phone","$v":"ఫోన్"},{"$i":"sim","$v":"సిమ్"},{"$i":"reloading-contact","$v":"పరిచయాలను రీలోడ్ చేస్తోంది .."},{"$i":"contact-reloaded","$v":"పరిచయాలు మళ్లీ లోడ్ అయ్యాయి"},{"$i":"message","$v":"సందేశం"},{"$i":"find-duplicate-contacts","$v":"నకిలీ పరిచయాలను కనుగొనండి"},{"$i":"no-duplicate-contact-found","$v":"నకిలీ పరిచయాలు ఏవీ కనబడలేదు"},{"$i":"change-saved","$v":"మార్పు సేవ్ చేయబడింది"},{"$i":"contact-updated","$v":"పరిచయం అప్‌డేట్ అయ్యింది"},{"$i":"already-ice-contact","$v":"ఈ పరిచయం ఇదివరకే ICE పరిచయం"},{"$i":"callAirplaneModeTitle","$v":"ఎయిర్‌ప్లేన్ మోడ్ యాక్టివేట్ అయ్యింది"},{"$i":"callAirplaneModeMessage","$v":"ఫోన్ కాల్ చేయడానికి మీరు సెట్టింగ్స్ ‌లలోని ఎయిర్‌ప్లేన్ మోడ్‌ను నిలిపివేయాలి."},{"$i":"emergencyDialogTitle","$v":"నెట్వర్క్ కనెక్షన్ లేదు"},{"$i":"emergencyDialogBodyBadNumber","$v":"ఫోన్ కాల్ చేయడానికి, ఫోన్ తప్పనిసరిగా నెట్‌వర్క్‌కు కనెక్ట్ అయ్యి ఉండాలి."},{"$i":"emergencyDialogBodyDeviceNotAccepted","$v":"నెట్‌వర్క్ ద్వారా అత్యవసర కాల్‌లు అనుమతించబడవు."},{"$i":"invalidNumberToDialTitle","$v":"చెల్లని ఫోన్ నంబర్"},{"$i":"invalidNumberToDialMessage","$v":"మీరు కాల్ చేస్తున్న ఫోన్ నంబర్ సరైనది కాదు."},{"$i":"emergency-call-only","$v":"అత్యవసర కాల్ మాత్రమే"},{"$i":"emergency-call-error","$v":[{"t":"idOrVar","v":"number"}," అత్యవసర నంబర్ కాదు."]},{"$i":"numberIsBusyTitle","$v":"నంబర్ బిజీగా ఉంది"},{"$i":"numberIsBusyMessage","$v":"ప్రస్తుతం నంబర్ బిజీగా ఉంది. దయచేసి తర్వాత  మరలా ప్రయత్నించండి."},{"$i":"fdnIsActiveTitle","$v":"FDN సక్రియపరుచు"},{"$i":"fdnIsActiveMessage","$v":["FDN (ఫిక్స్డ్ డయలింగ్ నంబర్‌లు) యాక్టివేట్ అయ్యింది మరియు క్రింది నంబర్ మీ FDN లిస్టులో లేదు: ",{"t":"idOrVar","v":"number"}]},{"$i":"otherConnectionInUseTitle","$v":"ఇతర కనెక్షన్ వినియోగంలో ఉంది"},{"$i":"otherConnectionInUseMessage","$v":"మరొక కనెక్షన్‌లో మీకు కాల్ సక్రియంగా ఉంది. మీరు ఒక సమయంలో కేవలం ఒక కనెక్షన్‌ను ఉపయోగించవచ్చు."},{"$i":"GenericFailure","$v":"సాధారణ వైఫల్యం"},{"$i":"scCallBarring","$v":"కాల్ నిషేధం"},{"$i":"scCallForwarding","$v":"కాల్ ఫార్వార్డింగ్"},{"$i":"scClip","$v":"ఇన్‌కమింగ్ కాలర్ ID"},{"$i":"scClir","$v":"అవుట్‌గోయింగ్ కాలర్ ID"},{"$i":"scPwd","$v":"పాస్‌వర్డ్ మార్చు"},{"$i":"scCallWaiting","$v":"కాల్ వేచి ఉంది"},{"$i":"scPin","$v":"పిన్‌ మార్పు"},{"$i":"scPin2","$v":"పిన్2 మార్చు"},{"$i":"scPuk","$v":"పిన్‌ను అన్‌బ్లాక్ చేయి"},{"$i":"scPuk2","$v":"పిన్2ను అన్‌బ్లాక్ చేయి"},{"$i":"scImei","$v":"IMEI"},{"$i":"scMeid","$v":"MEID"},{"$i":"scUssd","$v":"USSD"},{"$i":"set-speed-dial","$v":"స్పీడ్ డయల్ పరిచయాలను సెట్ చేయి"},{"$i":"empty","$v":"ఖాళీ"},{"$i":"voicemail","$v":"వాయిస్‌మెయిల్"},{"$i":"speed-dial","$v":"స్పీడ్ డయల్"},{"$i":"add","$v":"జోడించు"},{"$i":"replace","$v":"భర్తీ చేయి"},{"$i":"remove-from-speed-dial","$v":"స్పీడ్ డయల్ నుండి తీసివేయండి"},{"$i":"custom-dialog-replace-speed-dial","$v":[{"t":"idOrVar","v":"newSpeedDial"},"తో ",{"t":"idOrVar","v":"oldSpeedDial"}," స్పీడ్ డయల్‌ను భర్తీ చేయాలనుకుంటున్నారా?"]},{"$i":"custom-dialog-remove-speed-dial","$v":["మీరు స్పీడ్ డయల్ నుండి ",{"t":"idOrVar","v":"name"},"ని తీసివేయాలనుకుంటున్నారా?"]},{"$i":"voice-mail","$v":"వాయిస్ మెయిల్"},{"$i":"voice-mail-number","$v":"వాయిస్ మెయిల్ నంబర్"},{"$i":"voice-mail-number-updated","$v":"వాయిస్ మెయిల్ నంబర్ అప్‌డేట్ అయ్యింది"},{"$i":"found-duplicates-message","$v":"క్రింది పరిచయాల్లో నకిలీ సమాచారం కనబడింది. మీరు విలీనం చేయాలనుకుంటున్నారా?"},{"$i":"confirm-to-merge-contacts","$v":["మీరు ",{"t":"idOrVar","v":"name"}," గల ",{"t":"idOrVar","v":"n"}," పరిచయాలను విలీనం చేయాలనుకుంటున్నారా?"]},{"$i":"merge","$v":"విలీనం చేయి"},{"$i":"contact-merged","$v":"పరిచయం విలీనం చేయబడింది"},{"$i":"add-favorite","$v":"ఇష్టమైనదిగా జోడించు"},{"$i":"remove-favorite","$v":"ఇష్టపడనవి"},{"$i":"favorite-contacts","$v":"ఇష్టమైన పరిచయాలు"},{"$i":"sort-contacts","$v":"పరిచయాలను క్రమబద్ధీకరణ చేయి"},{"$i":"sort-by-first-name","$v":"మొదటి పేరు ద్వారా క్రమబద్ధీకరణ చేయి"},{"$i":"sort-by-last-name","$v":"చివరి పేరు ద్వారా క్రమబద్ధీకరణ చేయి"},{"$i":"no-support-open-multi-vcard","$v":"అనేక పరిచయాలతో ఉన్న వికార్డ్‌ను తెరవలేరు"},{"$i":"sdcard","$v":"మెమరీ కార్డ్"},{"$i":"simcard","$v":"సిమ్ కార్డు"},{"$i":"import-contacts","$v":"పరిచయాలను దిగుమతి చేయి"},{"$i":"simContacts-error","$v":"సిమ్ నుండి పరిచయాలను దిగుమతి చేయడం సాధ్యపడలేదు."},{"$i":"memoryCardContacts-error","$v":"మెమరీ కార్డ్ నుండి పరిచయాలను దిగుమతి చేయడం సాధ్యపడలేదు."},{"$i":"simContacts-reading","$v":"సిమ్ కార్డ్ నుండి పరిచయాలను చదువుతోంది…"},{"$i":"memoryCardContacts-reading","$v":"మెమరీ కార్డ్ నుండి పరిచయాలను చదువుతోంది…"},{"$i":"importContactsTitle","$v":"పరిచయాలను దిగుమతి చేయి"},{"$i":"retry","$v":"మళ్లీ ప్రయత్నించు"},{"$i":"noSimMsg","$v":"పరిచయాలను దిగుమతి చేయడానికి మీ సిమ్ కార్డ్‌ను పెట్టండి లేదా అన్‌లాక్ చేయండి"},{"$i":"noSdcardMsg","$v":"పరిచయాలను దిగుమతి చేయటానికి మెమరీ కార్డుని పెట్టండి"},{"$i":"not-imported","$v":"దిగుమతి కాలేదు"},{"$i":"imported","$v":"దిగుమతి అయ్యింది"},{"$i":"importing","$v":"దిగుమతి చేస్తోంది"},{"$i":"contact-imported","$v":["పరిచయాలు దిగుమతి ",{"t":"idOrVar","v":"imported"}," అయ్యాయి. పరిచయాలు ",{"t":"idOrVar","v":"Dupes"}," విలీనం అయ్యాయి."]},{"$i":"contact-imported2","$v":["Imported ",{"t":"idOrVar","v":"imported"}," contacts."]},{"$i":"reading-contacts-from-sim","$v":"సిమ్ కార్డ్ నుండి పరిచయాలను చదవుతోంది.."},{"$i":"reading-contacts-from-gmail","$v":"జిమెయిల్ నుండి పరిచయాలను చదువుతోంది.."},{"$i":"reading-contacts-from-live","$v":"అవుట్‌లుక్ నుండి పరిచయాలను చదువుతోంది.."},{"$i":"reading-contacts-from-sd","$v":"మెమరీ కార్డు నుండి పరిచయాలను చదువుతోంది.."},{"$i":"reading-contacts-from-vcard","$v":"ఫైల్ నుండి పరిచయాలను చదువుతోంది.."},{"$i":"importing-contacts-from-sim","$v":"సిమ్ కార్డ్ నుండి పరిచయాలను దిగుమతి చేస్తోంది.."},{"$i":"importing-contacts-from-gmail","$v":"జిమెయిల్ నుండి పరిచయాలను దిగుమతి చేస్తోంది.."},{"$i":"importing-contacts-from-live","$v":"అవుట్‌లుక్ నుండి పరిచయాలను దిగుమతి చేస్తోంది.."},{"$i":"importing-contacts-from-sd","$v":"మెమరీ కార్డ్ నుండి పరిచయాలను దిగుమతి చేస్తోంది.."},{"$i":"importing-contacts-from-vcard","$v":"ఫైల్ నుండి పరిచయాలను దిగుమతి చేస్తోంది .."},{"$i":"connect-network-to-import","$v":"పరిచయాలను దిగుమతి చేయడానికి, WiFi లేదా డేటా నెట్వర్క్‌కు కనెక్ట్ చేయండి"},{"$i":"bluetooth","$v":"Bluetooth"},{"$i":"export","$v":"ఎగుమతి"},{"$i":"export-contacts","$v":"పరిచయాలను ఎగుమతి చేయండి"},{"$i":"simExport-title","$v":"సిమ్‌కి ఎగుమతి చేయండి"},{"$i":"memoryCardExport-title","$v":"మెమరీ కార్డ్‌కి ఎగుమతి చేయండి"},{"$i":"btExport-title","$v":"బ్లూటూత్‌కి ఎగుమతి చేయండి"},{"$i":"noSimMsgExport","$v":"పరిచయాలను ఎగుమతి చేయడానికి మీ సిమ్ కార్డ్‌ను పెట్టండి లేదా అన్‌లాక్ చేయండి"},{"$i":"noSdcardExport","$v":"To export contacts insert a memory card."},{"$i":"bluetoothNoConnection","$v":"పరిచయాలను ఎగుమతి చేయడానికి బ్లూటూత్ పరికరాన్ని కనెక్ట్ చేయండి."},{"$i":"contact-exported","$v":["పరిచయాలు ",{"t":"idOrVar","v":"exported"}," అయ్యాయి."]},{"$i":"export-contact-failed","$v":"పరిచయాన్ని ఎగుమతి చేయడం విఫలమైంది"},{"$i":"contact-export-error-sim-full","$v":"సిమ్ కార్డు నిండిన కారణంగా పరిచయాలను ఎగుమతి చేయడం పూర్తి కాలేదు."},{"$i":"contact-export-error-unknown","$v":"తెలియని లోపం ఏర్పడిన కారణంగా పరిచయాలను ఎగుమతి చేయడం పూర్తి కాలేదు."},{"$i":"contact-export-canceled","$v":"Exporting process is canceled."},{"$i":"save","$v":"సేవ్ చేయి"},{"$i":"back","$v":"వెనక్కి వెళ్లు"},{"$i":"givenName","$v":"మొదటి పేరు"},{"$i":"familyName","$v":"చివరి పేరు"},{"$i":"name","$v":"పేరు"},{"$i":"org","$v":"కంపెనీ"},{"$i":"ringtone","$v":"రింగ్‌టోన్"},{"$i":"note","$v":"గమనిక"},{"$i":"email","$v":"ఈమెయిల్‌"},{"$i":"adr","$v":"చిరునామా"},{"$i":"custom","$v":"కస్టమ్"},{"$i":"confirm-discard-contact-data","$v":"పరిచయ సమాచారం తిసివేయబడింది. మీరు ఈ పరిచయాన్ని సేవ్ చేయాలనుకుంటున్నారా?"},{"$i":"discard","$v":"విస్మరించు"},{"$i":"add-others","$v":"అన్యమైనవి జోడించు"},{"$i":"custom-type","$v":"కస్టమ్ రకం"},{"$i":"input-the-custom-type","$v":"దయచేసి కస్టమ్ రకాన్ని నమోదు చేయండి"},{"$i":"contact-saved","$v":"పరిచయం సేవ్ చేయబడింది"},{"$i":"are-you-sure-to-delete-field","$v":["మీరు ",{"t":"idOrVar","v":"field"},"ను తొలగించాలనుకుంటున్నారా?"]},{"$i":"personal","$v":"వ్యక్తిగతం"},{"$i":"mobile","$v":"మొబైల్"},{"$i":"current","$v":"ప్రస్తుత"},{"$i":"home","$v":"హోమ్"},{"$i":"work","$v":"కార్యాలయం"},{"$i":"other","$v":"ఇతర"},{"$i":"fax-home","$v":"FAX హోమ్"},{"$i":"fax-office","$v":"FAX ఆఫీసు"},{"$i":"fax-other","$v":"ఇతర FAX"},{"$i":"add-tel","$v":"ఫోన్ నంబర్‌ను జోడించు"},{"$i":"add-email","$v":"ఈమెయిల్‌ను జోడించు"},{"$i":"add-ringtone","$v":"రింగ్‌టోన్‌ను జోడించు"},{"$i":"add-adr","$v":"చిరునామాను జోడించు"},{"$i":"add-bday","$v":"పుట్టినరోజుని జోడించు"},{"$i":"add-photo","$v":"ఫోటోని జోడించు"},{"$i":"add-note","$v":"గమనికను జోడించు"},{"$i":"add-org","$v":"కంపెనీని జోడించు"},{"$i":"delete-tel","$v":"ఫోన్ నంబర్‌ను తొలగించాలా"},{"$i":"delete-email","$v":"ఈమెయిల్ ను తొలగించాలా"},{"$i":"delete-ringtone","$v":"రింగ్‌టోన్‌ను తొలగించాలా"},{"$i":"delete-adr","$v":"చిరునామాను తొలగించాలా"},{"$i":"delete-bday","$v":"పుట్టినరోజుని తొలగించండి"},{"$i":"delete-photo","$v":"ఫోటోని తీసివేయండి"},{"$i":"delete-note","$v":"గమనికను తొలగించాలా"},{"$i":"delete-org","$v":"కంపెనీని తొలగించండి"},{"$i":"edit-tel-type","$v":"ఫోన్ రకాన్ని సవరించు"},{"$i":"edit-email-type","$v":"ఈమెయిల్  రకాన్ని సవరించు"},{"$i":"edit-adr-type","$v":"చిరునామా రకాన్ని సవరించు"},{"$i":"edit-bday-type","$v":"పుట్టినరోజుని సవరించు"},{"$i":"replace-photo","$v":"ఫోటో మార్చండి"},{"$i":"replace-ringtone","$v":"రింగ్‌టోన్‌ను మార్చండి"},{"$i":"mobile-tel","$v":"మొబైల్ ఫోన్"},{"$i":"home-tel","$v":"ఇంటి ఫోన్"},{"$i":"work-tel","$v":"కార్యాలయ ఫోన్"},{"$i":"personal-tel","$v":"వ్యక్తిగత ఫోన్"},{"$i":"fax-home-tel","$v":"హోమ్ FAX"},{"$i":"fax-office-tel","$v":"ఆఫీసు FAX"},{"$i":"fax-other-tel","$v":"ఇతర Fax"},{"$i":"other-tel","$v":"ఇతర ఫోన్"},{"$i":"personal-email","$v":"వ్యక్తిగత ఈ-మెయిల్"},{"$i":"work-email","$v":"కార్యాలయ ఈ-మెయిల్"},{"$i":"other-email","$v":"ఇతర ఈమెయిల్"},{"$i":"custom-email","$v":[{"t":"idOrVar","v":"type"}," ఈ-మెయిల్"]},{"$i":"custom-tel","$v":[{"t":"idOrVar","v":"type"}," ఫోన్"]},{"$i":"personal-adr","$v":"వ్యక్తిగత చిరునామా"},{"$i":"current-adr","$v":"ప్రస్తుత చిరునామా"},{"$i":"home-adr","$v":"హోమ్ అడ్రస్"},{"$i":"work-adr","$v":"కార్యాలయ చిరునామా"},{"$i":"custom-adr","$v":[{"t":"idOrVar","v":"type"}," అడ్రస్"]},{"$i":"bday","$v":"పుట్టినరోజు"},{"$i":"birthday","$v":"పుట్టినరోజు"},{"$i":"streetAddress","$v":"వీధి"},{"$i":"locality","$v":"నగరం"},{"$i":"postalCode","$v":"పిన్ కోడ్"},{"$i":"countryName","$v":"దేశం"},{"$i":"region","$v":"స్థితి"},{"$i":"no-name","$v":"పేరు లేదు"},{"$i":"new-contact","$v":"కొత్త పరిచయం"},{"$i":"options","$v":"ఎంపికలు"},{"$i":"cancel","$v":"రద్దు చేయి"},{"$i":"settings","$v":"సెట్టింగ్స్"},{"$i":"edit","$v":"సవరించు"},{"$i":"share","$v":"పంచుకోండి"},{"$i":"remove","$v":"తీసివేయండి"},{"$i":"music","$v":"సంగీతం"},{"$i":"ICEContactsGroup","$v":"ICE పరిచయాలు"},{"$i":"setICEButton","$v":"ICE పరిచయాలను సెట్ చేయి"},{"$i":"ICESettingTitle","$v":"ICE పరిచయాలు"},{"$i":"ICEDescription","$v":"అత్యవసర పరిస్థితుల్లో కాల్స్ చేయడానికి ఐదు పరిచయాలను జోడించండి."},{"$i":"ICEContact","$v":["ICE పరిచయం ",{"t":"idOrVar","v":"n"}]},{"$i":"ICESelectContact","$v":"పరిచయాన్ని ఎంచుకోండి"},{"$i":"delete-ice-contact-warning","$v":"మీరు ICE పరిచయాన్ని తీసివేయాలనుకుంటున్నారా ?"},{"$i":"confirm","$v":"నిర్ధారణ"},{"$i":"send-message","$v":"సందేశం పంపు"},{"$i":"call","$v":"కాల్"},{"$i":"send-email","$v":"ఈమెయిల్ ను పంపు"},{"$i":"choose-number","$v":"ఒక నంబర్ ఎంచుకోండి"},{"$i":"choose-email-adress","$v":"ఈమెయిల్ అడ్రస్ ఎంచుకోండి"},{"$i":"delete","$v":"తొలగించు"},{"$i":"select","$v":"ఎంచుకోండి"},{"$i":"select-all","$v":"అన్నీ ఎంచుకోండి"},{"$i":"deselect-all","$v":"అన్నీ ఎంపికలను తీసివేయి"},{"$i":"deselect","$v":"ఎంపికను తీసివేయుము"},{"$i":"selected-contacts","$v":{"zero":"ఏదీ ఎంచుకోలేదు","one":[{"t":"idOrVar","v":"n"}," ఎంచుకోబడింది"],"two":[{"t":"idOrVar","v":"n"}," ఎంచుకోబడింది"],"few":[{"t":"idOrVar","v":"n"}," ఎంచుకోబడింది"],"many":[{"t":"idOrVar","v":"n"}," ఎంచుకోబడింది"],"other":[{"t":"idOrVar","v":"n"}," ఎంచుకోబడింది"]},"$x":[{"t":"idOrVar","v":"plural"},"n"]},{"$i":"massive-delete","$v":"పరిచయాలు తొలగించాలా"},{"$i":"confirm-contact-delete","$v":["మీరు ",{"t":"idOrVar","v":"name"}," పరిచయాన్ని తొలగించాలనుకుంటున్నారా?"]},{"$i":"DeletedTxt","$v":{"zero":"తొలగించడానికి పరిచయం లేదు","one":"1 పరిచయం తీసివేయబడింది","two":[{"t":"idOrVar","v":"n"}," పరిచయాలు తీసివేయబడ్డాయి"],"few":[{"t":"idOrVar","v":"n"}," పరిచయాలు తీసివేయబడ్డాయి"],"many":[{"t":"idOrVar","v":"n"}," పరిచయాలు తీసివేయబడ్డాయి"],"other":[{"t":"idOrVar","v":"n"}," పరిచయాలు తీసివేయబడ్డాయి"]},"$x":[{"t":"idOrVar","v":"plural"},"n"]},{"$i":"DeletingContacts","$v":"పరిచయాలను తొలగిస్తోంది"},{"$i":"ContactConfirmDel","$v":{"zero":"తొలగించడానికి పరిచయం లేదు","one":"1 పరిచయాన్ని తొలగించాలనుకుంటున్నారా? ఇది పునరుద్ధరించబడదు.","two":[{"t":"idOrVar","v":"n"}," పరిచయాలను తొలగించాలనుకుంటున్నారా? ఇవి పునరుద్ధరించబడవు ."],"few":[{"t":"idOrVar","v":"n"}," పరిచయాలను తొలగించాలనుకుంటున్నారా? ఇవి పునరుద్ధరించబడవు ."],"many":[{"t":"idOrVar","v":"n"}," పరిచయాలను తొలగించాలనుకుంటున్నారా? ఇవి పునరుద్ధరించబడవు ."],"other":[{"t":"idOrVar","v":"n"}," పరిచయాలను తొలగించాలనుకుంటున్నారా? ఇవి పునరుద్ధరించబడవు ."]},"$x":[{"t":"idOrVar","v":"plural"},"n"]},{"$i":"contact-deleted","$v":[{"t":"idOrVar","v":"n"}," పరిచయాలు తీసివేయబడ్డాయి"]},{"$i":"change-will-update-until-restart","$v":"పరిచయాలు ప్రారంభించినప్పటి తదుపరి సమయంలో మార్పులు అప్‌డేట్ అవుతాయి."},{"$i":"transfer-contacts","$v":"పరిచయాలను బదిలీ చేయి"},{"$i":"contacts-management","$v":"పరిచయాల నిర్వహణ"},{"$i":"no-contacts-found","$v":"పరిచయాలు కనబడలేదు"},{"$i":"weekday-0-long","$v":"ఆదివారం"},{"$i":"weekday-1-long","$v":"సోమవారం"},{"$i":"weekday-2-long","$v":"మంగళవారం"},{"$i":"weekday-3-long","$v":"బుధవారం"},{"$i":"weekday-4-long","$v":"గురువారం"},{"$i":"weekday-5-long","$v":"శుక్రవారం"},{"$i":"weekday-6-long","$v":"శనివారం"},{"$i":"weekday-0-short","$v":"ఆది"},{"$i":"weekday-1-short","$v":"సోమ"},{"$i":"weekday-2-short","$v":"మంగళ"},{"$i":"weekday-3-short","$v":"బుధ"},{"$i":"weekday-4-short","$v":"గురు"},{"$i":"weekday-5-short","$v":"శుక్ర"},{"$i":"weekday-6-short","$v":"శని"},{"$i":"month-0-long","$v":"జనవరి"},{"$i":"month-1-long","$v":"ఫిబ్రవరి"},{"$i":"month-2-long","$v":"మార్చి"},{"$i":"month-3-long","$v":"ఏప్రిల్"},{"$i":"month-4-long","$v":"మే"},{"$i":"month-5-long","$v":"జూన్"},{"$i":"month-6-long","$v":"జూలై"},{"$i":"month-7-long","$v":"ఆగష్టు"},{"$i":"month-8-long","$v":"సెప్టెంబరు"},{"$i":"month-9-long","$v":"అక్టోబర్"},{"$i":"month-10-long","$v":"నవంబర్"},{"$i":"month-11-long","$v":"డిసెంబర్"},{"$i":"month-0-genitive","$v":"జనవరి"},{"$i":"month-1-genitive","$v":"ఫిబ్రవరి"},{"$i":"month-2-genitive","$v":"మార్చి"},{"$i":"month-3-genitive","$v":"ఏప్రిల్"},{"$i":"month-4-genitive","$v":"మే"},{"$i":"month-5-genitive","$v":"జూన్"},{"$i":"month-6-genitive","$v":"జూలై"},{"$i":"month-7-genitive","$v":"ఆగష్టు"},{"$i":"month-8-genitive","$v":"సెప్టెంబరు"},{"$i":"month-9-genitive","$v":"అక్టోబర్"},{"$i":"month-10-genitive","$v":"నవంబర్"},{"$i":"month-11-genitive","$v":"డిసెంబర్"},{"$i":"month-0-short","$v":"జనవరి"},{"$i":"month-1-short","$v":"ఫిబ్రవరి"},{"$i":"month-2-short","$v":"మార్చి"},{"$i":"month-3-short","$v":"ఏప్రిల్"},{"$i":"month-4-short","$v":"మే"},{"$i":"month-5-short","$v":"జూన్"},{"$i":"month-6-short","$v":"జూలై"},{"$i":"month-7-short","$v":"ఆగష్టు"},{"$i":"month-8-short","$v":"సెప్టెంబరు"},{"$i":"month-9-short","$v":"అక్టోబర్"},{"$i":"month-10-short","$v":"నవంబర్"},{"$i":"month-11-short","$v":"డిసెంబర్"},{"$i":"minutes-ago-long","$v":{"zero":"ఇప్పుడే","one":"నిమిషం క్రితం","two":[{"t":"idOrVar","v":"value"}," నిమిషాల క్రితం"],"few":[{"t":"idOrVar","v":"value"}," నిమిషాల క్రితం"],"many":[{"t":"idOrVar","v":"value"}," నిమిషాల క్రితం"],"other":[{"t":"idOrVar","v":"value"}," నిమిషాల క్రితం"]},"$x":[{"t":"idOrVar","v":"plural"},"value"]},{"$i":"hours-ago-long","$v":{"zero":"ఇప్పుడే","one":"గంట క్రితం","two":[{"t":"idOrVar","v":"value"}," గంటల క్రితం"],"few":[{"t":"idOrVar","v":"value"}," గంటల క్రితం"],"many":[{"t":"idOrVar","v":"value"}," గంటల క్రితం"],"other":[{"t":"idOrVar","v":"value"}," గంటల క్రితం"]},"$x":[{"t":"idOrVar","v":"plural"},"value"]},{"$i":"days-ago-long","$v":{"zero":"ఈరోజు","one":"నిన్న","two":[{"t":"idOrVar","v":"value"}," రోజుల క్రితం"],"few":[{"t":"idOrVar","v":"value"}," రోజుల క్రితం"],"many":[{"t":"idOrVar","v":"value"}," రోజుల క్రితం"],"other":[{"t":"idOrVar","v":"value"}," రోజుల క్రితం"]},"$x":[{"t":"idOrVar","v":"plural"},"value"]},{"$i":"weeks-ago-long","$v":{"zero":"ఈ వారం","one":"గత వారం","two":[{"t":"idOrVar","v":"value"}," వారాల క్రితం"],"few":[{"t":"idOrVar","v":"value"}," వారాల క్రితం"],"many":[{"t":"idOrVar","v":"value"}," వారాల క్రితం"],"other":[{"t":"idOrVar","v":"value"}," వారాల క్రితం"]},"$x":[{"t":"idOrVar","v":"plural"},"value"]},{"$i":"months-ago-long","$v":{"zero":"ఈ నెల","one":"గత నెల","two":[{"t":"idOrVar","v":"value"}," నెలల క్రితం"],"few":[{"t":"idOrVar","v":"value"}," నెలల క్రితం"],"many":[{"t":"idOrVar","v":"value"}," నెలల క్రితం"],"other":[{"t":"idOrVar","v":"value"}," నెలల క్రితం"]},"$x":[{"t":"idOrVar","v":"plural"},"value"]},{"$i":"years-ago-long","$v":{"zero":"ఈ సంవత్సరం","one":"గత సంవత్సరం","two":[{"t":"idOrVar","v":"value"}," సంవత్సరాల క్రితం"],"few":[{"t":"idOrVar","v":"value"}," సంవత్సరాల క్రితం"],"many":[{"t":"idOrVar","v":"value"}," సంవత్సరాల క్రితం"],"other":[{"t":"idOrVar","v":"value"}," సంవత్సరాల క్రితం"]},"$x":[{"t":"idOrVar","v":"plural"},"value"]},{"$i":"minutes-until-long","$v":{"zero":"ఇప్పుడు","one":"నిమిషంలో","two":[{"t":"idOrVar","v":"value"}," నిమిషాల్లో"],"few":[{"t":"idOrVar","v":"value"}," నిమిషాల్లో"],"many":[{"t":"idOrVar","v":"value"}," నిమిషాల్లో"],"other":[{"t":"idOrVar","v":"value"}," నిమిషాల్లో"]},"$x":[{"t":"idOrVar","v":"plural"},"value"]},{"$i":"hours-until-long","$v":{"zero":"ఇప్పుడు","one":"గంటలో","two":[{"t":"idOrVar","v":"value"}," గంటల్లో"],"few":[{"t":"idOrVar","v":"value"}," గంటల్లో"],"many":[{"t":"idOrVar","v":"value"}," గంటల్లో"],"other":[{"t":"idOrVar","v":"value"}," గంటల్లో"]},"$x":[{"t":"idOrVar","v":"plural"},"value"]},{"$i":"days-until-long","$v":{"zero":"ఈరోజు","one":"రేపు","two":[{"t":"idOrVar","v":"value"}," రోజుల్లో"],"few":[{"t":"idOrVar","v":"value"}," రోజుల్లో"],"many":[{"t":"idOrVar","v":"value"}," రోజుల్లో"],"other":[{"t":"idOrVar","v":"value"}," రోజుల్లో"]},"$x":[{"t":"idOrVar","v":"plural"},"value"]},{"$i":"weeks-until-long","$v":{"zero":"ఈ వారం","one":"తదుపరి వారం","two":[{"t":"idOrVar","v":"value"}," వారాల్లో"],"few":[{"t":"idOrVar","v":"value"}," వారాల్లో"],"many":[{"t":"idOrVar","v":"value"}," వారాల్లో"],"other":[{"t":"idOrVar","v":"value"}," వారాల్లో"]},"$x":[{"t":"idOrVar","v":"plural"},"value"]},{"$i":"months-until-long","$v":{"zero":"ఈ నెల","one":"తదుపరి నెల","two":[{"t":"idOrVar","v":"value"}," నెలల్లో"],"few":[{"t":"idOrVar","v":"value"}," నెలల్లో"],"many":[{"t":"idOrVar","v":"value"}," నెలల్లో"],"other":[{"t":"idOrVar","v":"value"}," నెలల్లో"]},"$x":[{"t":"idOrVar","v":"plural"},"value"]},{"$i":"years-until-long","$v":{"zero":"ఈ సంవత్సరం","one":"తదుపరి సంవత్సరం","two":"{value}} సంవత్సరాల్లో","few":"{value}} సంవత్సరాల్లో","many":"{value}} సంవత్సరాల్లో","other":"{value}} సంవత్సరాల్లో"},"$x":[{"t":"idOrVar","v":"plural"},"value"]},{"$i":"minutes-ago-short","$v":{"zero":"ఇప్పుడే","other":[{"t":"idOrVar","v":"value"},"నిమిషం క్రితం"]},"$x":[{"t":"idOrVar","v":"plural"},"value"]},{"$i":"hours-ago-short","$v":{"zero":"ఇప్పుడే","other":[{"t":"idOrVar","v":"value"},"గంట క్రితం"]},"$x":[{"t":"idOrVar","v":"plural"},"value"]},{"$i":"days-ago-short","$v":{"zero":"ఈరోజు","other":[{"t":"idOrVar","v":"value"},"రోజు క్రితం"]},"$x":[{"t":"idOrVar","v":"plural"},"value"]},{"$i":"minutes-until-short","$v":{"zero":"ఇప్పుడు","other":[{"t":"idOrVar","v":"value"},"నిమిషాల్లో"]},"$x":[{"t":"idOrVar","v":"plural"},"value"]},{"$i":"hours-until-short","$v":{"zero":"ఇప్పుడు","other":[{"t":"idOrVar","v":"value"},"గంటలో"]},"$x":[{"t":"idOrVar","v":"plural"},"value"]},{"$i":"days-until-short","$v":{"zero":"ఈరోజు","other":[{"t":"idOrVar","v":"value"},"తేదీలో"]},"$x":[{"t":"idOrVar","v":"plural"},"value"]},{"$i":"incorrectDate","$v":"(తప్పుగా ఉన్న తేదీ)"},{"$i":"dateTimeFormat_%c","$v":"%a %b %e %Y %I:%M:%S %p"},{"$i":"dateTimeFormat_%x","$v":"%m/%d/%Y"},{"$i":"dateTimeFormat_%X","$v":"%I:%M:%S %p"},{"$i":"shortTimeFormat","$v":"%I:%M %p"},{"$i":"shortTimeFormat12","$v":"%I:%M %p"},{"$i":"shortTimeFormat24","$v":"%H:%M"},{"$i":"shortDateTimeFormat","$v":"%x %I:%M %p"},{"$i":"weekStartsOnMonday","$v":"0"},{"$i":"firstDayOfTheWeek","$v":"0"},{"$i":"time_am","$v":"AM"},{"$i":"time_pm","$v":"PM"},{"$i":"sim-with-index-and-carrier","$v":["సిమ్ ",{"t":"idOrVar","v":"index"}," - ",{"t":"idOrVar","v":"carrier"}]},{"$i":"sim-without-carrier","$v":["సిమ్ ",{"t":"idOrVar","v":"index"}]}]