[{"$i":"contacts","$v":"जगाजगफोर"},{"$i":"view","$v":"नाय"},{"$i":"no-contacts","$v":"जगाज'ग गैया"},{"$i":"reading-contacts","$v":"जगाज'गफोरा बजाय होगासिनो"},{"$i":"start-adding","$v":"जगाजगफोरखौ सरजाबनायनि थाखाय गोदान जगाजगखौ थु।"},{"$i":"no-contact-available","$v":"जेबो जगाजग गैया"},{"$i":"ok","$v":"जागोन"},{"$i":"no-phone-number-to-dial","$v":"बुनो जानबुं अनजिमा"},{"$i":"video-call","$v":"Video call"},{"$i":"move","$v":"दोरोद हो"},{"$i":"copy","$v":"कपि खालाम"},{"$i":"copy-contacts","$v":"जगाजगफोराव कपि खालाम"},{"$i":"move-contacts","$v":"जगाजगफोराव दोरोदलांहो"},{"$i":"phone-memory","$v":"फन मेमरि"},{"$i":"sim-memory","$v":"सिम मेमरि"},{"$i":"move-from","$v":"निफ्राय दोरोदलांहो"},{"$i":"to","$v":"सिम"},{"$i":"move-contacts-progressing","$v":"जगाजग(फोर) आव दोरोदलांगासिनो..."},{"$i":"copy-contacts-progressing","$v":"जगाजग(फोर) आव कपि खालामगासिनो..."},{"$i":"contact-move-to-sim","$v":[{"t":"idOrVar","v":"migrated"}," जगाजग(फोर) आ सिमाव देरोदलांबाय"]},{"$i":"contact-copy-to-sim","$v":[{"t":"idOrVar","v":"migrated"}," जगाजग(फोर) आ सिमाव कपि जाबाय"]},{"$i":"contact-move-to-sim0","$v":[{"t":"idOrVar","v":"migrated"}," जगाजग(फोर) आ सिम 1 आव दोरोदलांबाय"]},{"$i":"contact-copy-to-sim0","$v":[{"t":"idOrVar","v":"migrated"}," जगाजग(फोर) आ सिम 1 आव कपि जाबाय"]},{"$i":"contact-move-to-sim1","$v":[{"t":"idOrVar","v":"migrated"}," जगाजग(फोर) आ सिम 2 आव दोरोदलांबाय"]},{"$i":"contact-copy-to-sim1","$v":[{"t":"idOrVar","v":"migrated"}," जगाजग(फोर) आ सिम 2 आव कपि जाबाय"]},{"$i":"contact-move-to-device","$v":[{"t":"idOrVar","v":"migrated"}," जगाजग(फोर) आ डिवाइसाव दोरोदलांबाय"]},{"$i":"contact-copy-to-device","$v":[{"t":"idOrVar","v":"migrated"}," जगाजग(फोर) आ डिवाइसाव कपि जाबाय"]},{"$i":"copy-contact-failed","$v":"जगाजगखौ कपि खालामनाया फेलें जाबाय"},{"$i":"move-contact-failed","$v":"जगाजगखौ कपि खालामनाया फेलें जाबाय"},{"$i":"contact-copy-error-sim-full","$v":"सिम कार्डआ आबुं जानायनि थाखाय जगाजगफोरखौ कपि खालामनाया आबुङै जाफुङासै।"},{"$i":"contact-copy-error-unknown","$v":"मिथिस'हायै गोरोन्थिनि थाखाय जगाजगफोरखौ कपि खालामनाया जाफुङासै।"},{"$i":"contact-move-error-sim-full","$v":"मिथिस'हायै गोरोन्थिनि थाखाय जगाजगफोरखौ दोरोदहोनाया जाफुङासै।"},{"$i":"contact-move-error-unknown","$v":"सिम कार्डआ आबुं जानायनि थाखाय जगाजगफोरखौ सिमाव दोरोदलांहोनो नाजानाया आबुङै जाफुङासै।"},{"$i":"memory","$v":"लाखिथुमग्रा"},{"$i":"phone-and-sim","$v":"फन आरो सिम"},{"$i":"phone","$v":"पन"},{"$i":"sim","$v":"SIM"},{"$i":"reloading-contact","$v":"जगाजगफोरखौ फिनलडिं खालामगासिनो.."},{"$i":"contact-reloaded","$v":"जगाजगा फिन लड खालामजाफिनबाय"},{"$i":"message","$v":"रादाब"},{"$i":"find-duplicate-contacts","$v":"नखल कनटेक्टफोरखौ नागिर"},{"$i":"no-duplicate-contact-found","$v":"नंखाय जगाज'गफोर मोनाखै"},{"$i":"change-saved","$v":"सोलायनायखौ बासायबाय"},{"$i":"contact-updated","$v":"जगाजगा फोदानजाबाय"},{"$i":"already-ice-contact","$v":"बे जगाजगा आइ.चि.इ. आव दंखायो"},{"$i":"callAirplaneModeTitle","$v":"बिरखं मोद एकटिभेट खालामनाय जाबाय"},{"$i":"callAirplaneModeMessage","$v":"कल हरनो थाखाय नोंथाङा बिरखं मडखौ सेटिंग्साव हायि खालामना लानांगोन।"},{"$i":"emergencyDialogTitle","$v":"जेबो नेटवार्क फोनांजाबनाय गैया"},{"$i":"emergencyDialogBodyBadNumber","$v":"कल हरनो थाखाय नोंथाङा फनना मोनसे नेटवार्कजों फोनांजाथारनांगोन।"},{"$i":"emergencyDialogBodyDeviceNotAccepted","$v":"नांथारगौ समनि कलफोरा नेटवार्कजों गनायथि होजायाखै।"},{"$i":"invalidNumberToDialTitle","$v":"खान्थि गैयै फन अनजिमा"},{"$i":"invalidNumberToDialMessage","$v":"नोंथाङा कल हरनाय फन नामबारा उदायलिया।"},{"$i":"emergency-call-only","$v":"इमारजेनसि कलल'"},{"$i":"emergency-call-error","$v":[{"t":"idOrVar","v":"number"}," नांथारगौ समनि नामबार नङा।"]},{"$i":"numberIsBusyTitle","$v":"अनजिमाया बाहायजागासिनो"},{"$i":"numberIsBusyMessage","$v":"नामबारा दायो मुखुब दङ। अन्नानै इयुनाव नाजाफिन"},{"$i":"fdnIsActiveTitle","$v":"FDN गोख्रों जाबाय"},{"$i":"fdnIsActiveMessage","$v":["FDN (Fixed Dialing Numbers) आ गोख्रों जाबाय आरो गाहायनि नाम्बारफोरा नोंनि FDN फारिलाइयाव गैया : ",{"t":"idOrVar","v":"number"}]},{"$i":"otherConnectionInUseTitle","$v":"गुबुन गुबुन फोनांजाबनानै बाहायदों"},{"$i":"otherConnectionInUseMessage","$v":"नोंथांहा गुबुन मोनसे फोनांजाबनायाव मोनसे सांग्रां कल दंबावो। सम मोनसेयाव नोंथाङा मोनसेल' फोनांजाबनाय बाहायनो हागोन।"},{"$i":"GenericFailure","$v":"सरासनस्रा फेलें जानाय"},{"$i":"scCallBarring","$v":"कल होबथानाय"},{"$i":"scCallForwarding","$v":"कल फरवार्ड"},{"$i":"scClip","$v":"इनकामिं कलार ID"},{"$i":"scClir","$v":"आउटगयिं कलार ID"},{"$i":"scPwd","$v":"फासवार्डखौ सोलाइ"},{"$i":"scCallWaiting","$v":"कल नेदों"},{"$i":"scPin","$v":"PIN खौ सोलाइ"},{"$i":"scPin2","$v":"2थि फांथे इसाराया सोलाय"},{"$i":"scPuk","$v":"PIN मारिथेनायखौ खुलि"},{"$i":"scPuk2","$v":"PIN2 मारिथेनायखौ खुलि"},{"$i":"scImei","$v":"IMEI"},{"$i":"scMeid","$v":"MEID"},{"$i":"scUssd","$v":"USSD"},{"$i":"set-speed-dial","$v":"गोख्रै डाइल जगाजगफोर"},{"$i":"empty","$v":"खालि"},{"$i":"voicemail","$v":"भइसमैल खालाम"},{"$i":"speed-dial","$v":"गोख्रै डाइल"},{"$i":"add","$v":"सरजाब"},{"$i":"replace","$v":"जायगा सोलाइ"},{"$i":"remove-from-speed-dial","$v":"गोख्रै बुनायनिफ्राय बोखार"},{"$i":"custom-dialog-replace-speed-dial","$v":["नोंथाङा थारैनो गोख्रै डाइल ",{"t":"idOrVar","v":"oldSpeedDial"}," खौ ",{"t":"idOrVar","v":"newSpeedDial"}," जों सोलायफिननो लुबैयो नामा?"]},{"$i":"custom-dialog-remove-speed-dial","$v":["नोंथाङा थारैनो गोख्रै डाइलनिफ्राय ",{"t":"idOrVar","v":"name"}," खौ दाननो लुबैयो नामा?"]},{"$i":"voice-mail","$v":"भइस मेल"},{"$i":"voice-mail-number","$v":"भइस मेल नामबार"},{"$i":"voice-mail-number-updated","$v":"भइस मेल अनजिमाया फोदानजाबाय"},{"$i":"found-duplicates-message","$v":"गाहायाव होनाय जगाजगफोरनि नकल मिथिथाइफोर मोनदों। नोंथाङा सरजाबनो लुबैयो नामा?"},{"$i":"confirm-to-merge-contacts","$v":["नोंथाङा थारैनो ",{"t":"idOrVar","v":"n"}," जगाजगफोरखौ ",{"t":"idOrVar","v":"name"}," जों सरजाबदेरनो नागिरदों नामा?"]},{"$i":"merge","$v":"रुगुं सिमा"},{"$i":"contact-merged","$v":"कनटेक्ट मार्ज खालामनाय जाबाय"},{"$i":"add-favorite","$v":"फेभरेट दाजाब"},{"$i":"remove-favorite","$v":"मोजां मोनि"},{"$i":"favorite-contacts","$v":"मोजांमोननाय जगाजगफोर"},{"$i":"sort-contacts","$v":"सर्ट कनटेक्टस"},{"$i":"sort-by-first-name","$v":"गिबि मुंनिफ्राय सर्ट खालाम"},{"$i":"sort-by-last-name","$v":"जोबथा मुंनिफ्राय सर्ट खालाम"},{"$i":"no-support-open-multi-vcard","$v":"गोबां जगाजगफोरजों भिकार्डखौ खुलिनो हाया"},{"$i":"sdcard","$v":"लाखिथुमग्रा"},{"$i":"simcard","$v":"SIM कार्ड"},{"$i":"import-contacts","$v":"कनटेक्टफोर लाबो"},{"$i":"simContacts-error","$v":"SIM निफ्राय कन्टेकफोरखौ सोसननो हायाखै"},{"$i":"memoryCardContacts-error","$v":"मेमरि कार्डनिफ्राय कनटेक्टफोरखौ लांनो हाया"},{"$i":"simContacts-reading","$v":"SIM कार्डनिफ्राय जगाजगफोरखौ फरायगासिनो..."},{"$i":"memoryCardContacts-reading","$v":"मेम’रि कार्डनिफ्राय जगाजगफोरखौ फरायगासिनो..."},{"$i":"importContactsTitle","$v":"कनटेक्टफोर लाबो"},{"$i":"retry","$v":"नाजाफिन"},{"$i":"noSimMsg","$v":"थफोरखौ लाबोनो थाखाय नोनि सिम कार्डखौ सोनागोन एबा बखनांगोन"},{"$i":"noSdcardMsg","$v":"कन्टेकखौ सोसननो थाखाय मेमरि कार्डखौ सो"},{"$i":"not-imported","$v":"थिसन्नाखै"},{"$i":"imported","$v":"लाबोबाय"},{"$i":"importing","$v":"सोसननाय"},{"$i":"contact-imported","$v":["सोसननाय ",{"t":"idOrVar","v":"imported"}," जगाजगफोर। ",{"t":"idOrVar","v":"dupes"}," जगाजगखौ बुजाबबाय।"]},{"$i":"contact-imported2","$v":["Imported ",{"t":"idOrVar","v":"imported"}," contacts."]},{"$i":"reading-contacts-from-sim","$v":"SIM कार्डनिफ्राय जगाजगफोरा रिदिं खालामदों..."},{"$i":"reading-contacts-from-gmail","$v":"जिमैलनिफ्राय जगाजगफोरखौ फरायगासिनो.."},{"$i":"reading-contacts-from-live","$v":"नायस्रानायनिफ्राय जगाजगफोरखौ फरायगासिनो.."},{"$i":"reading-contacts-from-sd","$v":"मेमरि कार्डनिफ्राय जगाजगफोरा रिदिं जादों..."},{"$i":"reading-contacts-from-vcard","$v":"फाइलनिफ्राय जगाजगफोरा रिदिं खालामदों..."},{"$i":"importing-contacts-from-sim","$v":"सिम कार्डनिफ्राय कनटेक्टफोरखौ लाबोबाय थादों.."},{"$i":"importing-contacts-from-gmail","$v":"जिमेइलनिफ्राय कनटेक्टफोरखौ लाबोबाय थादों.."},{"$i":"importing-contacts-from-live","$v":"आउटलकनिफ्राय कनटेक्टफोरखौ लाबोबाय थादों.."},{"$i":"importing-contacts-from-sd","$v":"मेमरि कार्डनिफ्राय कनटेक्टफोरखौ लाबोबाय थादों.."},{"$i":"importing-contacts-from-vcard","$v":"फाइलनिफ्राय जगाजगफोरखौ सोसननाय"},{"$i":"connect-network-to-import","$v":"जगाजगखौ सोसननो WiFi जों एबा डेता नेटवार्कजों फोनांजाब।"},{"$i":"bluetooth","$v":"Bluetooth"},{"$i":"export","$v":"हरनाय"},{"$i":"export-contacts","$v":"कनटेक्ट हरनाय"},{"$i":"simExport-title","$v":"सिमाव हरनाय"},{"$i":"memoryCardExport-title","$v":"मेमरि कार्डाव हरनाय"},{"$i":"btExport-title","$v":"ब्लुटुथजों हरनाय"},{"$i":"noSimMsgExport","$v":"कन्टेक्टफोरखौ दैथायनो सिम कार्डखौ सो नङाब्ला बख"},{"$i":"noSdcardExport","$v":"To export contacts insert a memory card."},{"$i":"bluetoothNoConnection","$v":"जगाजगफोरखौ दैथायहरनो थाखाय ब्लुटुथ डिभाइसजों फोनांजाब।"},{"$i":"contact-exported","$v":["दैथायहरजानाय ",{"t":"idOrVar","v":"exported"}," जगाजगफोर।"]},{"$i":"export-contact-failed","$v":"एक्सपर्ट कनटेक्टा फेलें जाबाय"},{"$i":"contact-export-error-sim-full","$v":"सिम कार्डा आबुं जानायनि थाखाय एक्सपर्ट कनटेक्टा जोबाखै ।"},{"$i":"contact-export-error-unknown","$v":"मिथिमोनै एररनि थाखाय एक्सपर्च कनटेक्टा जोबाखै ।"},{"$i":"contact-export-canceled","$v":"Exporting process is canceled."},{"$i":"save","$v":"चेब खालाम"},{"$i":"back","$v":"उनफिन"},{"$i":"givenName","$v":"गिबि मुं"},{"$i":"familyName","$v":"जोबथा मुं"},{"$i":"name","$v":"मुं"},{"$i":"org","$v":"कम्पानि"},{"$i":"ringtone","$v":"रिंटन"},{"$i":"note","$v":"सुंद’ फोरमायथि"},{"$i":"email","$v":"इमैल"},{"$i":"adr","$v":"थं"},{"$i":"custom","$v":"आसारखान्थि"},{"$i":"confirm-discard-contact-data","$v":"जगाजगनि मिथिथाइफोरा दानजासिगोन। नोंथाङा बे जगाजगाव सेफ खालामनो लुबैयो नामा?"},{"$i":"discard","$v":"खोमोर"},{"$i":"add-others","$v":"गुबुनफोराव दाजाबदेर"},{"$i":"custom-type","$v":"खान्थिनि रोखोम"},{"$i":"input-the-custom-type","$v":"अननानै खान्थिनि रोखोमखौ हो"},{"$i":"contact-saved","$v":"जगाजगखौ बासायबाय"},{"$i":"are-you-sure-to-delete-field","$v":["नोंथाङा दानगारमारगोन ना ",{"t":"idOrVar","v":"field"},"?"]},{"$i":"personal","$v":"गावारि"},{"$i":"mobile","$v":"मबाइल"},{"$i":"current","$v":"आथिखाल"},{"$i":"home","$v":"हम"},{"$i":"work","$v":"वार्क"},{"$i":"other","$v":"गुबुन"},{"$i":"fax-home","$v":"फेक्स हम"},{"$i":"fax-office","$v":"फेक्स अफिस"},{"$i":"fax-other","$v":"गुबुन फेक्स खालाम"},{"$i":"add-tel","$v":"फन नामबार दाजाब"},{"$i":"add-email","$v":"इमेइल दाजाब"},{"$i":"add-ringtone","$v":"रिंतन दाजाब"},{"$i":"add-adr","$v":"थं दाजाब"},{"$i":"add-bday","$v":"जोनोम सान दाजाब"},{"$i":"add-photo","$v":"सावगारि दाजाब"},{"$i":"add-note","$v":"नटखौ दाजाबदेर"},{"$i":"add-org","$v":"कमपेनि दाजाब"},{"$i":"delete-tel","$v":"फन नाम्बारखौ खोमोर"},{"$i":"delete-email","$v":"इमेइलखौ खोमोर"},{"$i":"delete-ringtone","$v":"रिंटनखौ खोमोर"},{"$i":"delete-adr","$v":"थंखौ खोमोर"},{"$i":"delete-bday","$v":"जोनोमसानखौ दानगार"},{"$i":"delete-photo","$v":"सावगारि बोखार"},{"$i":"delete-note","$v":"नटखौ खोमोर"},{"$i":"delete-org","$v":"कम्पेनिखौ दानगार"},{"$i":"edit-tel-type","$v":"फन टाइपखौ इडिट खालाम"},{"$i":"edit-email-type","$v":"इमेइल टाइपखौ इडिट खालाम"},{"$i":"edit-adr-type","$v":"थं टाइपखौ इडिट खालाम"},{"$i":"edit-bday-type","$v":"जोनोम सानखौ इडिट खालाम"},{"$i":"replace-photo","$v":"सावगारिखौ दोनफिन"},{"$i":"replace-ringtone","$v":"रिंटनखौ सोलाय"},{"$i":"mobile-tel","$v":"जानबुं फन"},{"$i":"home-tel","$v":"ननि फन"},{"$i":"work-tel","$v":"हाबा मावग्रा फन"},{"$i":"personal-tel","$v":"गावारि जानबुं"},{"$i":"fax-home-tel","$v":"हम फेक्स"},{"$i":"fax-office-tel","$v":"मावखवारि पेक्स"},{"$i":"fax-other-tel","$v":"गुबुन फेक्स"},{"$i":"other-tel","$v":"गुबुन गुबुन जानबुं"},{"$i":"personal-email","$v":"गावारि इमेइल"},{"$i":"work-email","$v":"हाबा मावनायनि इ-मेल"},{"$i":"other-email","$v":"गुबुन गुबुन मेइल"},{"$i":"custom-email","$v":[{"t":"idOrVar","v":"type"}," इ-मेल"]},{"$i":"custom-tel","$v":[{"t":"idOrVar","v":"type"}," फोन"]},{"$i":"personal-adr","$v":"गावारि बिथं"},{"$i":"current-adr","$v":"आथिखाल थं"},{"$i":"home-adr","$v":"ननि थं"},{"$i":"work-adr","$v":"हाबा मावनायनि थं"},{"$i":"custom-adr","$v":[{"t":"idOrVar","v":"type"}," थं"]},{"$i":"bday","$v":"जोनोम सान"},{"$i":"birthday","$v":"जोनोम सान"},{"$i":"streetAddress","$v":"लामा"},{"$i":"locality","$v":"नोगोर"},{"$i":"postalCode","$v":"पिन कड"},{"$i":"countryName","$v":"हादर"},{"$i":"region","$v":"हादरसा"},{"$i":"no-name","$v":"मुं गैया"},{"$i":"new-contact","$v":"गोदान जगाज'ग"},{"$i":"options","$v":"राहाफोर"},{"$i":"cancel","$v":"दान"},{"$i":"settings","$v":"चेटिंफोर"},{"$i":"edit","$v":"इडिट खालाम"},{"$i":"share","$v":"चेयार खालाम"},{"$i":"remove","$v":"बोखार"},{"$i":"music","$v":"मिउजिक"},{"$i":"ICEContactsGroup","$v":"ICE कनटेक्टफोर"},{"$i":"setICEButton","$v":"ICE कनटेक्टफोरखौ सेट खालाम"},{"$i":"ICESettingTitle","$v":"ICE कनटेक्टफोर"},{"$i":"ICEDescription","$v":"गोनांथारनि थाखाय कल हरनो  मोनबा जगाजगखौ दाजाबदेर।"},{"$i":"ICEContact","$v":["आइ.चि.इ. जगाजग ",{"t":"idOrVar","v":"n"}]},{"$i":"ICESelectContact","$v":"ए कनटेक्टखौ सायख'"},{"$i":"delete-ice-contact-warning","$v":"मा नों थारैनो ICE कनटेक्टफोरखौ खोमोरनो नागिरदों  ?"},{"$i":"confirm","$v":"थि मिथिथाइ"},{"$i":"send-message","$v":"मेसेज दैथाय"},{"$i":"call","$v":"कल खालाम"},{"$i":"send-email","$v":"इमेइल दैथाय"},{"$i":"choose-number","$v":"सायख' मोनसे नाम्बार सायख'"},{"$i":"choose-email-adress","$v":"मोनसे इमेइल थं सायख'"},{"$i":"delete","$v":"दान"},{"$i":"select","$v":"सायख'"},{"$i":"select-all","$v":"गासैखौबो सायख'"},{"$i":"deselect-all","$v":"गासैखौबो सायख'नाङा"},{"$i":"deselect","$v":"सायख'नाङा"},{"$i":"selected-contacts","$v":{"zero":"जेबो सायखजायाखै","one":[{"t":"idOrVar","v":"n"}," सायखजाबाय"],"two":[{"t":"idOrVar","v":"n"}," सायखजाबाय"],"few":[{"t":"idOrVar","v":"n"}," सायखजाबाय"],"many":[{"t":"idOrVar","v":"n"}," सायखजाबाय"],"other":[{"t":"idOrVar","v":"n"}," सायखजाबाय"]},"$x":[{"t":"idOrVar","v":"plural"},"n"]},{"$i":"massive-delete","$v":"जगाजगफोरखौ दान"},{"$i":"confirm-contact-delete","$v":["नोंथाङा थारैनो जगाजग ",{"t":"idOrVar","v":"name"}," खौ दानगारनो लुबैयो नामा?"]},{"$i":"DeletedTxt","$v":{"zero":"दान्नो थाखाय जगाज'ग गैया","one":"1 कनटेक्ट हुगारजादों","two":[{"t":"idOrVar","v":"n"}," जगाजगफोरा बोखारजाबाय"],"few":[{"t":"idOrVar","v":"n"}," जगाजगफोरा बोखारजाबाय"],"many":[{"t":"idOrVar","v":"n"}," जगाजगफोरा बोखारजाबाय"],"other":[{"t":"idOrVar","v":"n"}," जगाजगफोरा बोखारजाबाय"]},"$x":[{"t":"idOrVar","v":"plural"},"n"]},{"$i":"DeletingContacts","$v":"कनटेक्टफोरखौ खोमोरबाय थानाय जादों"},{"$i":"ContactConfirmDel","$v":{"zero":"दान्नो थाखाय जगाज'ग गैया","one":"मोन 1 जगाजगखौ दानगारनो? बेखौ बोखारजाया।","two":[{"t":"idOrVar","v":"n"}," जगाजगफोरखौ दानगारनो? बेखौ बोखारजाया।"],"few":[{"t":"idOrVar","v":"n"}," जगाजगफोरखौ दानगारनो? बेखौ बोखारजाया।"],"many":[{"t":"idOrVar","v":"n"}," जगाजगफोरखौ दानगारनो? बेखौ बोखारजाया।"],"other":[{"t":"idOrVar","v":"n"}," जगाजगफोरखौ दानगारनो? बेखौ बोखारजाया।"]},"$x":[{"t":"idOrVar","v":"plural"},"n"]},{"$i":"contact-deleted","$v":[{"t":"idOrVar","v":"n"}," जगाजगफोरा बोखारजाबाय"]},{"$i":"change-will-update-until-restart","$v":"इयुनाव जगाजगफोरा फोसावोब्ला सोलायनायखौ फोदानगोन।"},{"$i":"transfer-contacts","$v":"कन्टेक्टफोरखौ दैथाय"},{"$i":"contacts-management","$v":"कनटेक्ट मेनेजमेन्ट"},{"$i":"no-contacts-found","$v":"जगाज'गफोर मोनाखै"},{"$i":"weekday-0-long","$v":"रुबिबार"},{"$i":"weekday-1-long","$v":"समबार"},{"$i":"weekday-2-long","$v":"मंगलबार"},{"$i":"weekday-3-long","$v":"बुधबार"},{"$i":"weekday-4-long","$v":"बिस्थिबार"},{"$i":"weekday-5-long","$v":"सक्रुबार"},{"$i":"weekday-6-long","$v":"सनिबार"},{"$i":"weekday-0-short","$v":"सान"},{"$i":"weekday-1-short","$v":"मन"},{"$i":"weekday-2-short","$v":"मंगल"},{"$i":"weekday-3-short","$v":"वेब"},{"$i":"weekday-4-short","$v":"टिएइचइउ"},{"$i":"weekday-5-short","$v":"फ्रि"},{"$i":"weekday-6-short","$v":"सेट"},{"$i":"month-0-long","$v":"जानुवारि"},{"$i":"month-1-long","$v":"फेब्रुवारि"},{"$i":"month-2-long","$v":"मार्च"},{"$i":"month-3-long","$v":"एप्रिल"},{"$i":"month-4-long","$v":"मे"},{"$i":"month-5-long","$v":"जुन"},{"$i":"month-6-long","$v":"जुलाइ"},{"$i":"month-7-long","$v":"आगष्ट"},{"$i":"month-8-long","$v":"सेप्तेम्बार"},{"$i":"month-9-long","$v":"अक्ट'बर"},{"$i":"month-10-long","$v":"नभेमबर"},{"$i":"month-11-long","$v":"दिसेम्बार"},{"$i":"month-0-genitive","$v":"जानुवारि"},{"$i":"month-1-genitive","$v":"फेब्रुवारि"},{"$i":"month-2-genitive","$v":"मार्च"},{"$i":"month-3-genitive","$v":"एप्रिल"},{"$i":"month-4-genitive","$v":"मे"},{"$i":"month-5-genitive","$v":"जुन"},{"$i":"month-6-genitive","$v":"जुलाइ"},{"$i":"month-7-genitive","$v":"आगष्ट"},{"$i":"month-8-genitive","$v":"सेप्तेम्बार"},{"$i":"month-9-genitive","$v":"अक्ट'बर"},{"$i":"month-10-genitive","$v":"नभेमबर"},{"$i":"month-11-genitive","$v":"दिसेम्बार"},{"$i":"month-0-short","$v":"जान"},{"$i":"month-1-short","$v":"फेब"},{"$i":"month-2-short","$v":"गाज्रि"},{"$i":"month-3-short","$v":"एप्रि"},{"$i":"month-4-short","$v":"मे"},{"$i":"month-5-short","$v":"जुन"},{"$i":"month-6-short","$v":"जुल"},{"$i":"month-7-short","$v":"आग"},{"$i":"month-8-short","$v":"सेप"},{"$i":"month-9-short","$v":"अक्ट'बर"},{"$i":"month-10-short","$v":"नभ"},{"$i":"month-11-short","$v":"दिस"},{"$i":"minutes-ago-long","$v":{"zero":"दाबावैसो","one":"से मिनिट सिगङाव","two":[{"t":"idOrVar","v":"value"}," मिनिट सिगां"],"few":[{"t":"idOrVar","v":"value"}," मिनिट सिगां"],"many":[{"t":"idOrVar","v":"value"}," मिनिट सिगां"],"other":[{"t":"idOrVar","v":"value"}," मिनिट सिगां"]},"$x":[{"t":"idOrVar","v":"plural"},"value"]},{"$i":"hours-ago-long","$v":{"zero":"दाबावैसो","one":"घन्टासे सिगाङाव","two":[{"t":"idOrVar","v":"value"}," घन्टा सिगां"],"few":[{"t":"idOrVar","v":"value"}," घन्टा सिगां"],"many":[{"t":"idOrVar","v":"value"}," घन्टा सिगां"],"other":[{"t":"idOrVar","v":"value"}," घन्टा सिगां"]},"$x":[{"t":"idOrVar","v":"plural"},"value"]},{"$i":"days-ago-long","$v":{"zero":"दिनै","one":"मैया","two":[{"t":"idOrVar","v":"value"}," सान सिगां"],"few":[{"t":"idOrVar","v":"value"}," सान सिगां"],"many":[{"t":"idOrVar","v":"value"}," सान सिगां"],"other":[{"t":"idOrVar","v":"value"}," सान सिगां"]},"$x":[{"t":"idOrVar","v":"plural"},"value"]},{"$i":"weeks-ago-long","$v":{"zero":"बे हबथा","one":"थांनाय हबथा","two":[{"t":"idOrVar","v":"value"}," हाबथा सिगां"],"few":[{"t":"idOrVar","v":"value"}," हाबथा सिगां"],"many":[{"t":"idOrVar","v":"value"}," हाबथा सिगां"],"other":[{"t":"idOrVar","v":"value"}," हाबथा सिगां"]},"$x":[{"t":"idOrVar","v":"plural"},"value"]},{"$i":"months-ago-long","$v":{"zero":"बे दान","one":"थांनाय दान","two":[{"t":"idOrVar","v":"value"}," दान सिगां"],"few":[{"t":"idOrVar","v":"value"}," दान सिगां"],"many":[{"t":"idOrVar","v":"value"}," दान सिगां"],"other":[{"t":"idOrVar","v":"value"}," दान सिगां"]},"$x":[{"t":"idOrVar","v":"plural"},"value"]},{"$i":"years-ago-long","$v":{"zero":"बे बोसोर","one":"थांनाय बोसोर","two":[{"t":"idOrVar","v":"value"}," बोसोर सिगां"],"few":[{"t":"idOrVar","v":"value"}," बोसोर सिगां"],"many":[{"t":"idOrVar","v":"value"}," बोसोर सिगां"],"other":[{"t":"idOrVar","v":"value"}," बोसोर सिगां"]},"$x":[{"t":"idOrVar","v":"plural"},"value"]},{"$i":"minutes-until-long","$v":{"zero":"दायो","one":"से मिनिटआव","two":[{"t":"idOrVar","v":"value"}," मिनिटआव"],"few":[{"t":"idOrVar","v":"value"}," मिनिटआव"],"many":[{"t":"idOrVar","v":"value"}," मिनिटआव"],"other":[{"t":"idOrVar","v":"value"}," मिनिटआव"]},"$x":[{"t":"idOrVar","v":"plural"},"value"]},{"$i":"hours-until-long","$v":{"zero":"दायो","one":"से घन्टायाव","two":[{"t":"idOrVar","v":"value"}," घन्टायाव"],"few":[{"t":"idOrVar","v":"value"}," घन्टायाव"],"many":[{"t":"idOrVar","v":"value"}," घन्टायाव"],"other":[{"t":"idOrVar","v":"value"}," घन्टायाव"]},"$x":[{"t":"idOrVar","v":"plural"},"value"]},{"$i":"days-until-long","$v":{"zero":"दिनै","one":"गाबोन","two":[{"t":"idOrVar","v":"value"}," सानफोराव"],"few":[{"t":"idOrVar","v":"value"}," सानफोराव"],"many":[{"t":"idOrVar","v":"value"}," सानफोराव"],"other":[{"t":"idOrVar","v":"value"}," सानफोराव"]},"$x":[{"t":"idOrVar","v":"plural"},"value"]},{"$i":"weeks-until-long","$v":{"zero":"बे हबथा","one":"फैगौ हबथा","two":[{"t":"idOrVar","v":"value"}," हबथाफोराव"],"few":[{"t":"idOrVar","v":"value"}," हबथाफोराव"],"many":[{"t":"idOrVar","v":"value"}," हबथाफोराव"],"other":[{"t":"idOrVar","v":"value"}," हबथाफोराव"]},"$x":[{"t":"idOrVar","v":"plural"},"value"]},{"$i":"months-until-long","$v":{"zero":"बे दान","one":"फैगौ दान","two":[{"t":"idOrVar","v":"value"}," दानफोराव"],"few":[{"t":"idOrVar","v":"value"}," दानफोराव"],"many":[{"t":"idOrVar","v":"value"}," दानफोराव"],"other":[{"t":"idOrVar","v":"value"}," दानफोराव"]},"$x":[{"t":"idOrVar","v":"plural"},"value"]},{"$i":"years-until-long","$v":{"zero":"बे बोसोर","one":"फैगौ बोसोर","two":[{"t":"idOrVar","v":"value"}," बोसोरफोराव"],"few":[{"t":"idOrVar","v":"value"}," बोसोरफोराव"],"many":[{"t":"idOrVar","v":"value"}," बोसोरफोराव"],"other":[{"t":"idOrVar","v":"value"}," बोसोरफोराव"]},"$x":[{"t":"idOrVar","v":"plural"},"value"]},{"$i":"minutes-ago-short","$v":{"zero":"दाबावैसो","other":[{"t":"idOrVar","v":"value"},"मिनिट सिगां"]},"$x":[{"t":"idOrVar","v":"plural"},"value"]},{"$i":"hours-ago-short","$v":{"zero":"दाबावैसो","other":[{"t":"idOrVar","v":"value"},"घन्टा सिगां"]},"$x":[{"t":"idOrVar","v":"plural"},"value"]},{"$i":"days-ago-short","$v":{"zero":"दिनै","other":[{"t":"idOrVar","v":"value"},"सान सिगां"]},"$x":[{"t":"idOrVar","v":"plural"},"value"]},{"$i":"minutes-until-short","$v":{"zero":"दायो","other":[{"t":"idOrVar","v":"value"},"मिनिटआव"]},"$x":[{"t":"idOrVar","v":"plural"},"value"]},{"$i":"hours-until-short","$v":{"zero":"दायो","other":[{"t":"idOrVar","v":"value"},"घन्टायाव"]},"$x":[{"t":"idOrVar","v":"plural"},"value"]},{"$i":"days-until-short","$v":{"zero":"दिनै","other":[{"t":"idOrVar","v":"value"},"सानाव"]},"$x":[{"t":"idOrVar","v":"plural"},"value"]},{"$i":"incorrectDate","$v":"(गोरोनथि अक्त)"},{"$i":"dateTimeFormat_%c","$v":"%a %b %e %Y %I:%M:%S %p"},{"$i":"dateTimeFormat_%x","$v":"%m/%d/%Y"},{"$i":"dateTimeFormat_%X","$v":"%I:%M:%S %p"},{"$i":"shortTimeFormat","$v":"%I:%M %p"},{"$i":"shortTimeFormat12","$v":"%I:%M %p"},{"$i":"shortTimeFormat24","$v":"%H:%M"},{"$i":"shortDateTimeFormat","$v":"%x %I:%M %p"},{"$i":"weekStartsOnMonday","$v":"0"},{"$i":"firstDayOfTheWeek","$v":"0"},{"$i":"time_am","$v":"AM"},{"$i":"time_pm","$v":"PM"},{"$i":"sim-with-index-and-carrier","$v":["SIM ",{"t":"idOrVar","v":"index"}," - ",{"t":"idOrVar","v":"carrier"}]},{"$i":"sim-without-carrier","$v":["सिम ",{"t":"idOrVar","v":"index"}]}]