[{"$i":"contacts","$v":"رابطے"},{"$i":"view","$v":"دیکھیں"},{"$i":"no-contacts","$v":"کوئی روابط نہیں"},{"$i":"reading-contacts","$v":"روابط لوڈ ہورہے ہیں"},{"$i":"start-adding","$v":"براہ کرم رابطہ شامل کرنے کیلئے نئے رابطہ کو دبائيں۔"},{"$i":"no-contact-available","$v":"کوئی رابطہ دستیاب نہیں ہے"},{"$i":"ok","$v":"ٹھیک ہے"},{"$i":"no-phone-number-to-dial","$v":"ڈائل کرنے کیلئے کوئی فون نمبر نہیں"},{"$i":"video-call","$v":"Video call"},{"$i":"move","$v":"منتقل کریں"},{"$i":"copy","$v":"کاپی کریں"},{"$i":"copy-contacts","$v":"روابط کاپی کریں"},{"$i":"move-contacts","$v":"روابط کو منتقل کریں"},{"$i":"phone-memory","$v":"فون میموری"},{"$i":"sim-memory","$v":"سم میموری"},{"$i":"move-from","$v":"سے منتقل کریں"},{"$i":"to","$v":"بنام"},{"$i":"move-contacts-progressing","$v":"روابط کو منتقل کر رہا ہے..."},{"$i":"copy-contacts-progressing","$v":"روابط کو کاپی کر رہا ہے..."},{"$i":"contact-move-to-sim","$v":[{"t":"idOrVar","v":"migrated"}," روابط کو سم میں منتقل کر دیا گیا"]},{"$i":"contact-copy-to-sim","$v":[{"t":"idOrVar","v":"migrated"}," روابط کو سم میں کاپی کر دیا گیا"]},{"$i":"contact-move-to-sim0","$v":[{"t":"idOrVar","v":"migrated"}," روابط کو سم 1 میں منتقل کر دیا گیا"]},{"$i":"contact-copy-to-sim0","$v":[{"t":"idOrVar","v":"migrated"}," روابط کو سم 1 میں کاپی کر دیا گیا"]},{"$i":"contact-move-to-sim1","$v":[{"t":"idOrVar","v":"migrated"}," روابط کو سم 2 میں منتقل کر دیا گیا"]},{"$i":"contact-copy-to-sim1","$v":[{"t":"idOrVar","v":"migrated"}," روابط کو سم 2 میں کاپی کر دیا گیا"]},{"$i":"contact-move-to-device","$v":[{"t":"idOrVar","v":"migrated"}," روابط کو آلہ میں منتقل کر دیا گیا"]},{"$i":"contact-copy-to-device","$v":[{"t":"idOrVar","v":"migrated"}," روابط کو آلہ میں کاپی کر دیا گیا"]},{"$i":"copy-contact-failed","$v":"رابطہ کو کاپی کرنے میں ناکام ہوگیا"},{"$i":"move-contact-failed","$v":"رابطہ کو کاپی کرنے میں ناکام ہوگیا"},{"$i":"contact-copy-error-sim-full","$v":"سم کارڈ بھر جانے کی وجہ سے روابط کی کاپی مکمل نہیں ہوئی۔"},{"$i":"contact-copy-error-unknown","$v":"نا معلوم خرابی کی وجہ سے روابط کی کاپی مکمل نہیں ہوئی۔"},{"$i":"contact-move-error-sim-full","$v":"سم کارڈ بھر جانے کی وجہ سے روابط کی منتقلی مکمل نہیں ہوئی۔"},{"$i":"contact-move-error-unknown","$v":"نا معلوم خرابی کی وجہ سے روابط کی منتقلی مکمل نہیں ہوئی۔"},{"$i":"memory","$v":"میموری"},{"$i":"phone-and-sim","$v":"فون اور سم"},{"$i":"phone","$v":"فون"},{"$i":"sim","$v":"سم"},{"$i":"reloading-contact","$v":"روابط کو دوبارہ لوڈ کر رہا ہے.."},{"$i":"contact-reloaded","$v":"روابط کو دوبارہ لوڈ کر رہا ہے.."},{"$i":"message","$v":"پیغام"},{"$i":"find-duplicate-contacts","$v":"دوہرائے ہوئے رابطے تلاش کریں"},{"$i":"no-duplicate-contact-found","$v":"کوئی دہرائے ہوئے روابط نہیں ملے"},{"$i":"change-saved","$v":"تبدیلی محفوظ ہوگئی"},{"$i":"contact-updated","$v":"رابطہ اپ ڈیٹ ہوگیا"},{"$i":"already-ice-contact","$v":"یہ رابطہ پہلے سے ایک ICE کا رابطہ ہے"},{"$i":"callAirplaneModeTitle","$v":"ایئر پلین موڈ فعال شدہ"},{"$i":"callAirplaneModeMessage","$v":"کال کرنے کیلئے آپ کو سیٹنگز میں ہوائی جہاز موڈ غیر فعال کرنے کی ضرورت ہوگی۔"},{"$i":"emergencyDialogTitle","$v":"کوئی نیٹ ورک کنکشن نہیں"},{"$i":"emergencyDialogBodyBadNumber","$v":"کال کرنے کیلئے، فون کو نیٹ ورک سے جڑا ہونا ضروری ہے۔"},{"$i":"emergencyDialogBodyDeviceNotAccepted","$v":"ہنگامی کالز نیٹ ورک کے ذریعے اجازت یافتہ نہیں ہے۔"},{"$i":"invalidNumberToDialTitle","$v":"غیر مجاز فون نمبر"},{"$i":"invalidNumberToDialMessage","$v":"آپ جس نمبر پر کال کررہے ہیں وہ غلط ہے۔"},{"$i":"emergency-call-only","$v":"صرف ہنگامی کال"},{"$i":"emergency-call-error","$v":[{"t":"idOrVar","v":"number"}," ایک ہنگامی نمبر نہیں ہے۔"]},{"$i":"numberIsBusyTitle","$v":"نمبر مصروف ہے"},{"$i":"numberIsBusyMessage","$v":"نمبر فی الحال مصروف ہے۔ براہ کرم بعد ازاں دوبارہ کوشش کریں۔"},{"$i":"fdnIsActiveTitle","$v":"FDN فعال"},{"$i":"fdnIsActiveMessage","$v":["FDN (فکسڈ ڈائلنگ نمبرز) فعال شدہ ہے اور مندرجہ ذیل نمبر آپ کی FDN فہرست میں نہیں ہے: ",{"t":"idOrVar","v":"number"}]},{"$i":"otherConnectionInUseTitle","$v":"دوسرا کنیکشن زیر استعمال ہے"},{"$i":"otherConnectionInUseMessage","$v":"دیگر کنیکشن پر آپ کا کوئی فعال کال ہے۔ آپ ایک وقت میں صرف ایک کنیکشن استعمال کر سکتے ہیں۔"},{"$i":"GenericFailure","$v":"کلی ناکامی"},{"$i":"scCallBarring","$v":"کال بارنگ"},{"$i":"scCallForwarding","$v":"کال فارورڈ کرنا"},{"$i":"scClip","$v":"‏ان کمنگ کالر ID"},{"$i":"scClir","$v":"‏آؤٹ گوئنگ کالر ID"},{"$i":"scPwd","$v":"پاس ورڈ میں تبدیلی"},{"$i":"scCallWaiting","$v":"کال منتظر"},{"$i":"scPin","$v":"‏PIN میں تبدیلی"},{"$i":"scPin2","$v":"PIN2 تبدیل"},{"$i":"scPuk","$v":"ان بلاک PIN"},{"$i":"scPuk2","$v":"ان بلاک PIN2"},{"$i":"scImei","$v":"IMEI"},{"$i":"scMeid","$v":"MEID"},{"$i":"scUssd","$v":"USSD"},{"$i":"set-speed-dial","$v":"تیز ڈائل روابط سیٹ کریں"},{"$i":"empty","$v":"خالی"},{"$i":"voicemail","$v":"صوتی میل"},{"$i":"speed-dial","$v":"تیز ڈائل"},{"$i":"add","$v":"شامل کریں"},{"$i":"replace","$v":"بدلیں"},{"$i":"remove-from-speed-dial","$v":"اسپیڈ ڈائل سے ہٹائیں"},{"$i":"custom-dialog-replace-speed-dial","$v":["کیا آپ یقیناً تیز ڈائل ",{"t":"idOrVar","v":"oldSpeedDial"}," کو ",{"t":"idOrVar","v":"newSpeedDial"}," سے تبدیل کرنا چاہتے ہیں؟"]},{"$i":"custom-dialog-remove-speed-dial","$v":["کیا آپ یقیناً تیز ڈائل سے ",{"t":"idOrVar","v":"name"}," نکالنا چاہتے ہیں"]},{"$i":"voice-mail","$v":"وائس میل"},{"$i":"voice-mail-number","$v":"وائس میل کا نمبر"},{"$i":"voice-mail-number-updated","$v":"وائس میل نمبر اپ ڈیٹ کردیا گیا"},{"$i":"found-duplicates-message","$v":"مندرجہ روابط میں نقلی معلومات پائی گئی تھی۔ کیا آپ ضم کرنا چاہیں گے؟"},{"$i":"confirm-to-merge-contacts","$v":["کیا آپ یقیناً ",{"t":"idOrVar","v":"n"}," روابط کو ",{"t":"idOrVar","v":"name"}," ساتھ ضم کرنا چاہتے ہیں؟"]},{"$i":"merge","$v":"ملائیں"},{"$i":"contact-merged","$v":"رابطہ ضم کیا گیا"},{"$i":"add-favorite","$v":"بطور پسندیدہ شامل کریں"},{"$i":"remove-favorite","$v":"ناپسندیدہ"},{"$i":"favorite-contacts","$v":"پسندیدہ روابط"},{"$i":"sort-contacts","$v":"روابط کو ترتیب دیں"},{"$i":"sort-by-first-name","$v":"پہلے نام سے ترتیب دیں"},{"$i":"sort-by-last-name","$v":"آخری نام سے ترتیب دیں"},{"$i":"no-support-open-multi-vcard","$v":"متعدد روابط کے ساتھ vCard نہیں کھولا جاسکتا"},{"$i":"sdcard","$v":"میموری کارڈ"},{"$i":"simcard","$v":"سم کارڈ"},{"$i":"import-contacts","$v":"روابط درآمد کریں"},{"$i":"simContacts-error","$v":"روابط کو سم سے درآمد نہیں کرسکا۔"},{"$i":"memoryCardContacts-error","$v":"روابط کو میموری کارڈ سے درآمد نہیں کرسکا۔"},{"$i":"simContacts-reading","$v":"سم کارڈ سے روابط پڑھ رہا ہے…"},{"$i":"memoryCardContacts-reading","$v":"میموری کارڈ سے روابط پڑھ رہا ہے…"},{"$i":"importContactsTitle","$v":"روابط درآمد کریں"},{"$i":"retry","$v":"دوبارہ کوشش کریں"},{"$i":"noSimMsg","$v":"روابط درآمد کرنے کیلئے اپنے سم کارڈ داخل کریں یا انلاک کریں۔"},{"$i":"noSdcardMsg","$v":"روابط درآمد کرنے کیلئے میموری کارڈ داخل کریں"},{"$i":"not-imported","$v":"درآمد نہیں کیا گیا"},{"$i":"imported","$v":"درآمد شدہ"},{"$i":"importing","$v":"درآمد کرنا"},{"$i":"contact-imported","$v":[{"t":"idOrVar","v":"imported"}," روابط درآمد کیے گئے۔ ",{"t":"idOrVar","v":"dupes"}," روابط ملائے گئے۔"]},{"$i":"contact-imported2","$v":["Imported ",{"t":"idOrVar","v":"imported"}," contacts."]},{"$i":"reading-contacts-from-sim","$v":"سم کارڈ سے روابط پڑھ رہا ہے…"},{"$i":"reading-contacts-from-gmail","$v":"جی میل سے روابط پڑھنا.."},{"$i":"reading-contacts-from-live","$v":"آؤٹ لوک سے روابط پڑھنا.."},{"$i":"reading-contacts-from-sd","$v":"میموری کارڈ سے روابط پڑھ رہا ہے.."},{"$i":"reading-contacts-from-vcard","$v":"فائل سے روابط پڑھ رہا ہے.."},{"$i":"importing-contacts-from-sim","$v":"روابط کو سم سے درآمد کرنا.."},{"$i":"importing-contacts-from-gmail","$v":"جی میل سے روابط درآمد کرنا.."},{"$i":"importing-contacts-from-live","$v":"آؤٹ لوک سے روابط درآمد کرنا.."},{"$i":"importing-contacts-from-sd","$v":"روابط کو میموری کارڈ سے درآمد کرنا.."},{"$i":"importing-contacts-from-vcard","$v":"فائل سے روابط درآمد کرنا.."},{"$i":"connect-network-to-import","$v":"روابط درآمد کرنے کیلئے WiFi یا ڈیٹا نیٹ ورک سے مربوط ہوں"},{"$i":"bluetooth","$v":"Bluetooth"},{"$i":"export","$v":"برآمد کریں"},{"$i":"export-contacts","$v":"روابط برآمد کریں"},{"$i":"simExport-title","$v":"سم پر برآمد کریں"},{"$i":"memoryCardExport-title","$v":"میموری کارڈ پر برآمد کریں"},{"$i":"btExport-title","$v":"بلوٹوتھ پر برآمد کریں"},{"$i":"noSimMsgExport","$v":"روابط برآمد کرنے کیلئے اپنے سم کارڈ داخل کریں یا انلاک کریں۔"},{"$i":"noSdcardExport","$v":"To export contacts insert a memory card."},{"$i":"bluetoothNoConnection","$v":"روابط برآمد کرنے کیلئے ایک بلوٹوتھ آلہ جوڑیں۔"},{"$i":"contact-exported","$v":[{"t":"idOrVar","v":"exported"}," روابط برآمد کیے گئے۔"]},{"$i":"export-contact-failed","$v":"رابطہ برآمد کرنا ناکام ہوگيا"},{"$i":"contact-export-error-sim-full","$v":"سم کارڈ بھرا ہوا ہونے کی وجہ سے روابط برآمد کرنا مکمل نہیں ہوا۔"},{"$i":"contact-export-error-unknown","$v":"نامعلوم نقص کی وجہ سے روابط برآمد کرنا مکمل نہیں ہوا۔"},{"$i":"contact-export-canceled","$v":"Exporting process is canceled."},{"$i":"save","$v":"محفوظ کریں"},{"$i":"back","$v":"واپس جائیں"},{"$i":"givenName","$v":"پہلا نام"},{"$i":"familyName","$v":"آخری نام"},{"$i":"name","$v":"نام"},{"$i":"org","$v":"کمپنی"},{"$i":"ringtone","$v":"رنگ ٹون"},{"$i":"note","$v":"نوٹ"},{"$i":"email","$v":"ای میل"},{"$i":"adr","$v":"پتہ"},{"$i":"custom","$v":"حسب ضرورت"},{"$i":"confirm-discard-contact-data","$v":"رابطہ کی معلومات رد کر دی جائے گی۔ کیا آپ اس رابطہ کو محفوظ کرنا چاہیں گے؟"},{"$i":"discard","$v":"رد کریں"},{"$i":"add-others","$v":"دیگر شامل کریں"},{"$i":"custom-type","$v":"کسٹم ٹائپ"},{"$i":"input-the-custom-type","$v":"براہ کرم کسٹم ٹائپ درج کریں"},{"$i":"contact-saved","$v":"رابطہ محفوظ ہوگیا"},{"$i":"are-you-sure-to-delete-field","$v":["کیا آپ یقناً ",{"t":"idOrVar","v":"field"}," کو حذف کرنا چاہتے ہیں؟"]},{"$i":"personal","$v":"ذاتی"},{"$i":"mobile","$v":"موبائل"},{"$i":"current","$v":"موجودہ"},{"$i":"home","$v":"گھر"},{"$i":"work","$v":"دفتر"},{"$i":"other","$v":"دیگر"},{"$i":"fax-home","$v":"فیکس ہوم"},{"$i":"fax-office","$v":"فیکس آفیس"},{"$i":"fax-other","$v":"فیکس دیگر"},{"$i":"add-tel","$v":"فون نمبر شامل کریں"},{"$i":"add-email","$v":"ای میل شامل کریں"},{"$i":"add-ringtone","$v":"رنگ ٹون شامل کریں"},{"$i":"add-adr","$v":"پتہ شامل کریں"},{"$i":"add-bday","$v":"یوم پیدائش شامل کریں"},{"$i":"add-photo","$v":"تصویر شامل کریں"},{"$i":"add-note","$v":"نوٹ شامل کریں"},{"$i":"add-org","$v":"کمپنی شامل کریں"},{"$i":"delete-tel","$v":"فون نمبر حذف کریں"},{"$i":"delete-email","$v":"ای میل حذف کریں"},{"$i":"delete-ringtone","$v":"رنگ ٹون حذف کریں"},{"$i":"delete-adr","$v":"پتہ حذف کریں"},{"$i":"delete-bday","$v":"یوم پیدائش حذف کریں"},{"$i":"delete-photo","$v":"تصویر نکالیں"},{"$i":"delete-note","$v":"نوٹ حذف کریں"},{"$i":"delete-org","$v":"کمپنی حذف کریں"},{"$i":"edit-tel-type","$v":"فون کی قسم کی تدوین کریں"},{"$i":"edit-email-type","$v":"ای میل کی قسم کی تدوین کریں"},{"$i":"edit-adr-type","$v":"پتہ کی قسم کی تدوین کریں"},{"$i":"edit-bday-type","$v":"یوم پیدائش میں ترمیم کریں"},{"$i":"replace-photo","$v":"تصویر بدل دیں"},{"$i":"replace-ringtone","$v":"رنگ ٹون تبدیل کریں"},{"$i":"mobile-tel","$v":"موبائل فون"},{"$i":"home-tel","$v":"ہوم فون"},{"$i":"work-tel","$v":"دفرت کا فون"},{"$i":"personal-tel","$v":"ذاتی فون"},{"$i":"fax-home-tel","$v":"گھر کا فیکس"},{"$i":"fax-office-tel","$v":"آفیس فیکس"},{"$i":"fax-other-tel","$v":"دیگر فیکس"},{"$i":"other-tel","$v":"دیگر فون"},{"$i":"personal-email","$v":"ذاتی ای میل"},{"$i":"work-email","$v":"دفتر کا ای میل"},{"$i":"other-email","$v":"دیگر ای میل"},{"$i":"custom-email","$v":[{"t":"idOrVar","v":"type"}," ای میل"]},{"$i":"custom-tel","$v":[{"t":"idOrVar","v":"type"}," فون"]},{"$i":"personal-adr","$v":"ذاتی پتہ"},{"$i":"current-adr","$v":"موجودہ پتہ"},{"$i":"home-adr","$v":"گھر کا پتہ"},{"$i":"work-adr","$v":"دفتر کا پتہ"},{"$i":"custom-adr","$v":[{"t":"idOrVar","v":"type"}," پتہ"]},{"$i":"bday","$v":"یوم پیدائش"},{"$i":"birthday","$v":"یوم پیدائش"},{"$i":"streetAddress","$v":"گلی"},{"$i":"locality","$v":"شہر"},{"$i":"postalCode","$v":"پن کوڈ"},{"$i":"countryName","$v":"ملک"},{"$i":"region","$v":"ریاست"},{"$i":"no-name","$v":"کوئی نام نہیں"},{"$i":"new-contact","$v":"نیا رابطہ"},{"$i":"options","$v":"اختیارات"},{"$i":"cancel","$v":"منسوخ کریں"},{"$i":"settings","$v":"ترتیبات"},{"$i":"edit","$v":"ترمیم کریں"},{"$i":"share","$v":"اشتراک کریں"},{"$i":"remove","$v":"ہٹائیں"},{"$i":"music","$v":"میوزک"},{"$i":"ICEContactsGroup","$v":"ICE روابط"},{"$i":"setICEButton","$v":"ICE روابط سیٹ کریں"},{"$i":"ICESettingTitle","$v":"ICE روابط"},{"$i":"ICEDescription","$v":"ہنگامی صورتحال میں کالز کرنے کیلئے پانچ روابط شامل کریں۔"},{"$i":"ICEContact","$v":["ICE کا رابطہ ",{"t":"idOrVar","v":"n"}]},{"$i":"ICESelectContact","$v":"اے رابطہ منتخب کریں"},{"$i":"delete-ice-contact-warning","$v":"کیا آپ یقیناً ICE رابطہ نکالنا چاہتے ہیں؟"},{"$i":"confirm","$v":"توثیق کاری"},{"$i":"send-message","$v":"پیغام بھیجیں"},{"$i":"call","$v":"کال کریں"},{"$i":"send-email","$v":"ای میل بھیجیں"},{"$i":"choose-number","$v":"نمبر-منتخب کریں کو منتخب کریں"},{"$i":"choose-email-adress","$v":"ای میل پتہ کو منتخب کریں"},{"$i":"delete","$v":"حذف کریں"},{"$i":"select","$v":"منتخب کریں"},{"$i":"select-all","$v":"تمام منتخب کریں"},{"$i":"deselect-all","$v":"سبھی کو غیرمنتخب کریں"},{"$i":"deselect","$v":"غیر منتخب کریں"},{"$i":"selected-contacts","$v":{"zero":"کچھ بھی منتخب نہیں","one":[{"t":"idOrVar","v":"n"}," منتخب شدہ"],"two":[{"t":"idOrVar","v":"n"}," منتخب شدہ"],"few":[{"t":"idOrVar","v":"n"}," منتخب شدہ"],"many":[{"t":"idOrVar","v":"n"}," منتخب شدہ"],"other":[{"t":"idOrVar","v":"n"}," منتخب شدہ"]},"$x":[{"t":"idOrVar","v":"plural"},"n"]},{"$i":"massive-delete","$v":"رابطہ کو حذف کریں"},{"$i":"confirm-contact-delete","$v":["کیا آپ یقیناً ",{"t":"idOrVar","v":"name"}," رابطہ حذف کرنا چاہتے ہیں؟"]},{"$i":"DeletedTxt","$v":{"zero":"حذف کرنے کیلئے کوئی رابطہ نہیں","one":"1 رابطہ نکال دیا گیا","two":[{"t":"idOrVar","v":"n"}," روابط نکال دیا گیا"],"few":[{"t":"idOrVar","v":"n"}," روابط نکال دیا گیا"],"many":[{"t":"idOrVar","v":"n"}," روابط نکال دیا گیا"],"other":[{"t":"idOrVar","v":"n"}," روابط نکال دیا گیا"]},"$x":[{"t":"idOrVar","v":"plural"},"n"]},{"$i":"DeletingContacts","$v":"روابط حذف کرنا"},{"$i":"ContactConfirmDel","$v":{"zero":"حذف کرنے کیلئے کوئی رابطہ نہیں","one":"1 رابطہ حذف کریں؟ اسے بحال نہیں کیا جاسکتا ہے۔","two":[{"t":"idOrVar","v":"n"}," روابط حذف کریں؟ اسے بحال نہیں کیا جاسکتا ہے۔"],"few":[{"t":"idOrVar","v":"n"}," روابط حذف کریں؟ اسے بحال نہیں کیا جاسکتا ہے۔"],"many":[{"t":"idOrVar","v":"n"}," روابط حذف کریں؟ اسے بحال نہیں کیا جاسکتا ہے۔"],"other":[{"t":"idOrVar","v":"n"}," روابط حذف کریں؟ اسے بحال نہیں کیا جاسکتا ہے۔"]},"$x":[{"t":"idOrVar","v":"plural"},"n"]},{"$i":"contact-deleted","$v":[{"t":"idOrVar","v":"n"}," روابط نکال دیا گیا"]},{"$i":"change-will-update-until-restart","$v":"اگلی دفعہ روابط کے اجرا ہونے پر تبدیلیاں اپ ڈیٹ ہو جائے گی۔"},{"$i":"transfer-contacts","$v":"رابطہ منتقل کریں"},{"$i":"contacts-management","$v":"روابط کا نظم"},{"$i":"no-contacts-found","$v":"کوئی روابط نہیں ملے"},{"$i":"weekday-0-long","$v":"اتوار"},{"$i":"weekday-1-long","$v":"پیر"},{"$i":"weekday-2-long","$v":"منگل"},{"$i":"weekday-3-long","$v":"بدھ"},{"$i":"weekday-4-long","$v":"جمعرات"},{"$i":"weekday-5-long","$v":"جمعہ"},{"$i":"weekday-6-long","$v":"سنیچر"},{"$i":"weekday-0-short","$v":"اتوار"},{"$i":"weekday-1-short","$v":"پیر"},{"$i":"weekday-2-short","$v":"منگل"},{"$i":"weekday-3-short","$v":"بدھ"},{"$i":"weekday-4-short","$v":"جمعرات"},{"$i":"weekday-5-short","$v":"جمعہ"},{"$i":"weekday-6-short","$v":"ہفتہ"},{"$i":"month-0-long","$v":"جنوری"},{"$i":"month-1-long","$v":"فروری"},{"$i":"month-2-long","$v":"مارچ"},{"$i":"month-3-long","$v":"اپریل"},{"$i":"month-4-long","$v":"مئی"},{"$i":"month-5-long","$v":"جون"},{"$i":"month-6-long","$v":"جولائی"},{"$i":"month-7-long","$v":"اگست"},{"$i":"month-8-long","$v":"ستمبر"},{"$i":"month-9-long","$v":"اکتوبر"},{"$i":"month-10-long","$v":"نومبر"},{"$i":"month-11-long","$v":"دسمبر"},{"$i":"month-0-genitive","$v":"جنوری"},{"$i":"month-1-genitive","$v":"فروری"},{"$i":"month-2-genitive","$v":"مارچ"},{"$i":"month-3-genitive","$v":"اپریل"},{"$i":"month-4-genitive","$v":"مئی"},{"$i":"month-5-genitive","$v":"جون"},{"$i":"month-6-genitive","$v":"جولائی"},{"$i":"month-7-genitive","$v":"اگست"},{"$i":"month-8-genitive","$v":"ستمبر"},{"$i":"month-9-genitive","$v":"اکتوبر"},{"$i":"month-10-genitive","$v":"نومبر"},{"$i":"month-11-genitive","$v":"دسمبر"},{"$i":"month-0-short","$v":"جنوری"},{"$i":"month-1-short","$v":"فروری"},{"$i":"month-2-short","$v":"مارچ"},{"$i":"month-3-short","$v":"اپریل"},{"$i":"month-4-short","$v":"مئی"},{"$i":"month-5-short","$v":"جون"},{"$i":"month-6-short","$v":"جولائی"},{"$i":"month-7-short","$v":"اگست"},{"$i":"month-8-short","$v":"ستمبر"},{"$i":"month-9-short","$v":"اکتوبر"},{"$i":"month-10-short","$v":"نومبر"},{"$i":"month-11-short","$v":"دسمبر"},{"$i":"minutes-ago-long","$v":{"zero":"ابھی ابھی","one":"ایک منٹ قبل","two":[{"t":"idOrVar","v":"value"}," منٹس قبل"],"few":[{"t":"idOrVar","v":"value"}," منٹس قبل"],"many":[{"t":"idOrVar","v":"value"}," منٹس قبل"],"other":[{"t":"idOrVar","v":"value"}," منٹس قبل"]},"$x":[{"t":"idOrVar","v":"plural"},"value"]},{"$i":"hours-ago-long","$v":{"zero":"ابھی ابھی","one":"ایک گھنٹہ قبل","two":[{"t":"idOrVar","v":"value"}," گھنٹوں قبل"],"few":[{"t":"idOrVar","v":"value"}," گھنٹوں قبل"],"many":[{"t":"idOrVar","v":"value"}," گھنٹوں قبل"],"other":[{"t":"idOrVar","v":"value"}," گھنٹوں قبل"]},"$x":[{"t":"idOrVar","v":"plural"},"value"]},{"$i":"days-ago-long","$v":{"zero":"آج","one":"گزشتہ کل","two":[{"t":"idOrVar","v":"value"}," دن قبل"],"few":[{"t":"idOrVar","v":"value"}," دن قبل"],"many":[{"t":"idOrVar","v":"value"}," دن قبل"],"other":[{"t":"idOrVar","v":"value"}," دن قبل"]},"$x":[{"t":"idOrVar","v":"plural"},"value"]},{"$i":"weeks-ago-long","$v":{"zero":"اس ہفتہ","one":"آخری ہفتہ","two":[{"t":"idOrVar","v":"value"}," ہفتے قبل"],"few":[{"t":"idOrVar","v":"value"}," ہفتے قبل"],"many":[{"t":"idOrVar","v":"value"}," ہفتے قبل"],"other":[{"t":"idOrVar","v":"value"}," ہفتے قبل"]},"$x":[{"t":"idOrVar","v":"plural"},"value"]},{"$i":"months-ago-long","$v":{"zero":"اس ماہ","one":"آخری مہینہ","two":[{"t":"idOrVar","v":"value"}," مہینہ قبل"],"few":[{"t":"idOrVar","v":"value"}," مہینہ قبل"],"many":[{"t":"idOrVar","v":"value"}," مہینہ قبل"],"other":[{"t":"idOrVar","v":"value"}," مہینہ قبل"]},"$x":[{"t":"idOrVar","v":"plural"},"value"]},{"$i":"years-ago-long","$v":{"zero":"اس سال","one":"آخری سال","two":[{"t":"idOrVar","v":"value"}," سال قبل"],"few":[{"t":"idOrVar","v":"value"}," سال قبل"],"many":[{"t":"idOrVar","v":"value"}," سال قبل"],"other":[{"t":"idOrVar","v":"value"}," سال قبل"]},"$x":[{"t":"idOrVar","v":"plural"},"value"]},{"$i":"minutes-until-long","$v":{"zero":"ابھی","one":"ایک منٹ میں","two":[{"t":"idOrVar","v":"value"}," منٹوں میں"],"few":[{"t":"idOrVar","v":"value"}," منٹوں میں"],"many":[{"t":"idOrVar","v":"value"}," منٹوں میں"],"other":[{"t":"idOrVar","v":"value"}," منٹوں میں"]},"$x":[{"t":"idOrVar","v":"plural"},"value"]},{"$i":"hours-until-long","$v":{"zero":"ابھی","one":"ایک گھٹے میں","two":[{"t":"idOrVar","v":"value"}," گھنٹوں میں"],"few":[{"t":"idOrVar","v":"value"}," گھنٹوں میں"],"many":[{"t":"idOrVar","v":"value"}," گھنٹوں میں"],"other":[{"t":"idOrVar","v":"value"}," گھنٹوں میں"]},"$x":[{"t":"idOrVar","v":"plural"},"value"]},{"$i":"days-until-long","$v":{"zero":"آج","one":"tomorrow","two":[{"t":"idOrVar","v":"value"}," دنوں میں"],"few":[{"t":"idOrVar","v":"value"}," دنوں میں"],"many":[{"t":"idOrVar","v":"value"}," دنوں میں"],"other":[{"t":"idOrVar","v":"value"}," دنوں میں"]},"$x":[{"t":"idOrVar","v":"plural"},"value"]},{"$i":"weeks-until-long","$v":{"zero":"اس ہفتہ","one":"اگلے ہفتے","two":[{"t":"idOrVar","v":"value"}," ہفتوں میں"],"few":[{"t":"idOrVar","v":"value"}," ہفتوں میں"],"many":[{"t":"idOrVar","v":"value"}," ہفتوں میں"],"other":[{"t":"idOrVar","v":"value"}," ہفتوں میں"]},"$x":[{"t":"idOrVar","v":"plural"},"value"]},{"$i":"months-until-long","$v":{"zero":"اس ماہ","one":"اگلے ماہ","two":[{"t":"idOrVar","v":"value"}," مہینوں میں"],"few":[{"t":"idOrVar","v":"value"}," مہینوں میں"],"many":[{"t":"idOrVar","v":"value"}," مہینوں میں"],"other":[{"t":"idOrVar","v":"value"}," مہینوں میں"]},"$x":[{"t":"idOrVar","v":"plural"},"value"]},{"$i":"years-until-long","$v":{"zero":"اس سال","one":"اگلے سال","two":[{"t":"idOrVar","v":"value"}," سالوں میں"],"few":[{"t":"idOrVar","v":"value"}," سالوں میں"],"many":[{"t":"idOrVar","v":"value"}," سالوں میں"],"other":[{"t":"idOrVar","v":"value"}," سالوں میں"]},"$x":[{"t":"idOrVar","v":"plural"},"value"]},{"$i":"minutes-ago-short","$v":{"zero":"ابھی ابھی","other":[{"t":"idOrVar","v":"value"}," منٹ قبل"]},"$x":[{"t":"idOrVar","v":"plural"},"value"]},{"$i":"hours-ago-short","$v":{"zero":"ابھی ابھی","other":[{"t":"idOrVar","v":"value"}," گھنٹہ قبل"]},"$x":[{"t":"idOrVar","v":"plural"},"value"]},{"$i":"days-ago-short","$v":{"zero":"آج","other":[{"t":"idOrVar","v":"value"}," دن قبل"]},"$x":[{"t":"idOrVar","v":"plural"},"value"]},{"$i":"minutes-until-short","$v":{"zero":"ابھی","other":[{"t":"idOrVar","v":"value"}," منٹ میں"]},"$x":[{"t":"idOrVar","v":"plural"},"value"]},{"$i":"hours-until-short","$v":{"zero":"ابھی","other":[{"t":"idOrVar","v":"value"}," گھنٹے میں"]},"$x":[{"t":"idOrVar","v":"plural"},"value"]},{"$i":"days-until-short","$v":{"zero":"آج","other":[{"t":"idOrVar","v":"value"}," دن میں"]},"$x":[{"t":"idOrVar","v":"plural"},"value"]},{"$i":"incorrectDate","$v":"(غلط تاریخ)"},{"$i":"dateTimeFormat_%c","$v":"%a %b %e %Y %I:%M:%S %p"},{"$i":"dateTimeFormat_%x","$v":"%m/%d/%Y"},{"$i":"dateTimeFormat_%X","$v":"%I:%M:%S %p"},{"$i":"shortTimeFormat","$v":"%I:%M %p"},{"$i":"shortTimeFormat12","$v":"%I:%M %p"},{"$i":"shortTimeFormat24","$v":"%H:%M"},{"$i":"shortDateTimeFormat","$v":"%x %I:%M %p"},{"$i":"weekStartsOnMonday","$v":"0"},{"$i":"firstDayOfTheWeek","$v":"0"},{"$i":"time_am","$v":"AM"},{"$i":"time_pm","$v":"PM"},{"$i":"sim-with-index-and-carrier","$v":["سم ",{"t":"idOrVar","v":"index"}," - ",{"t":"idOrVar","v":"carrier"}]},{"$i":"sim-without-carrier","$v":["سم ",{"t":"idOrVar","v":"index"}]}]